language,file_id,has_doctype,has_xml_declaration,has_svg_tag,has_vcalendar,has_email_headers,has_mime_boundary,html_tag_ratio,avg_line_length,special_char_ratio,bracket_ratio,semicolon_ratio,comment_ratio,line_comment_ratio,block_comment_ratio,has_shebang,has_import,has_class_keyword,has_function_keyword,keyword_count,keyword_density,hash_ratio,colon_ratio,equals_ratio,comma_ratio,quote_ratio,json_like_score,yaml_like_score,xml_like_score,indent_level_avg,line_count,max_line_length,digit_ratio,uppercase_ratio
python,python_0,0,0,0,0,0,0,0.0,18.2,0.0,0.042105263157894736,0.2,0.2,0.2,0.0,0,0,0,1,3,0.23076923076923078,0.010526315789473684,0.010526315789473684,0.010526315789473684,0.010526315789473684,0.021052631578947368,0.010526315789473684,0.0,0.0,1.6,5,26,0.0,0.031578947368421054
python,python_1,0,0,0,0,0,0,0.0,19.4,0.0,0.039603960396039604,0.2,0.2,0.2,0.0,0,1,0,0,2,0.11764705882352941,0.009900990099009901,0.0,0.019801980198019802,0.0,0.019801980198019802,0.0,0.0,0.0,0.0,5,28,0.0,0.0
python,python_2,0,0,0,0,0,0,0.0,18.25,0.0,0.05263157894736842,0.0,0.25,0.25,0.0,0,1,0,0,1,0.07142857142857142,0.013157894736842105,0.013157894736842105,0.013157894736842105,0.0,0.02631578947368421,0.013157894736842105,0.013157894736842105,0.0,0.0,4,28,0.0,0.05263157894736842
python,python_3,0,0,0,0,0,0,0.0,17.0,0.0,0.0449438202247191,0.0,0.4,0.4,0.0,0,1,0,0,1,0.06666666666666667,0.02247191011235955,0.0,0.011235955056179775,0.0,0.02247191011235955,0.0,0.0,0.0,0.0,5,28,0.0,0.0
python,python_4,0,0,0,0,0,0,0.0,17.666666666666668,0.0,0.018018018018018018,0.16666666666666666,0.3333333333333333,0.3333333333333333,0.0,0,0,1,1,4,0.23529411764705882,0.018018018018018018,0.018018018018018018,0.009009009009009009,0.018018018018018018,0.018018018018018018,0.018018018018018018,0.0,0.0,2.0,6,24,0.0,0.009009009009009009
python,python_5,0,0,0,0,0,0,0.0,17.666666666666668,0.0,0.07272727272727272,0.0,0.0,0.0,0.0,0,0,0,1,2,0.2857142857142857,0.0,0.01818181818181818,0.0,0.01818181818181818,0.03636363636363636,0.01818181818181818,0.0,0.0,2.6666666666666665,3,26,0.0,0.05454545454545454
python,python_6,0,0,0,0,0,0,0.0,17.5,0.0,0.0547945205479452,0.0,0.25,0.25,0.0,0,0,0,1,2,0.2,0.0136986301369863,0.0273972602739726,0.0,0.0136986301369863,0.0273972602739726,0.0273972602739726,0.0136986301369863,0.0,2.0,4,26,0.0,0.0958904109589041
python,python_7,0,0,0,0,0,0,0.0,17.25,0.0,0.05555555555555555,0.0,0.25,0.25,0.0,0,0,0,1,2,0.2222222222222222,0.013888888888888888,0.013888888888888888,0.0,0.013888888888888888,0.027777777777777776,0.013888888888888888,0.0,0.0,2.0,4,26,0.0,0.041666666666666664
python,python_8,0,0,0,0,0,0,0.0,16.5,0.0,0.057971014492753624,0.0,0.25,0.25,0.0,0,0,0,1,2,0.2222222222222222,0.014492753623188406,0.014492753623188406,0.0,0.014492753623188406,0.028985507246376812,0.014492753623188406,0.0,0.0,2.0,4,26,0.0,0.043478260869565216
python,python_9,0,0,0,0,0,0,0.0,18.5,0.0,0.025974025974025976,0.0,0.25,0.25,0.0,0,0,1,1,3,0.25,0.012987012987012988,0.025974025974025976,0.0,0.025974025974025976,0.0,0.025974025974025976,0.0,0.0,3.0,4,24,0.0,0.012987012987012988
python,python_10,0,0,0,0,0,0,0.0,17.25,0.0,0.05555555555555555,0.0,0.25,0.25,0.0,0,1,0,0,1,0.07692307692307693,0.013888888888888888,0.0,0.013888888888888888,0.0,0.027777777777777776,0.0,0.0,0.0,0.0,4,28,0.0,0.0
python,python_11,0,0,0,0,0,0,0.0,20.333333333333332,0.0,0.031746031746031744,0.0,0.0,0.0,0.0,0,0,1,1,3,0.3,0.0,0.031746031746031744,0.0,0.031746031746031744,0.0,0.031746031746031744,0.0,0.0,4.0,3,24,0.0,0.015873015873015872
python,python_13,0,0,0,0,0,0,0.0,22.0,0.0,0.08823529411764706,0.0,0.0,0.0,0.0,0,1,0,0,1,0.09090909090909091,0.0,0.0,0.029411764705882353,0.029411764705882353,0.0,0.029411764705882353,0.0,0.0,0.0,3,26,0.04411764705882353,0.0
python,python_14,0,0,0,0,0,0,0.0,17.2,0.0,0.044444444444444446,0.0,0.4,0.4,0.0,0,0,0,0,1,0.07692307692307693,0.022222222222222223,0.03333333333333333,0.022222222222222223,0.0,0.0,0.03333333333333333,0.011111111111111112,0.0,2.4,5,19,0.044444444444444446,0.044444444444444446
python,python_15,0,0,0,0,0,0,0.0,19.6,0.0,0.0392156862745098,0.2,0.2,0.2,0.0,0,1,0,0,2,0.1111111111111111,0.00980392156862745,0.00980392156862745,0.0196078431372549,0.0,0.0196078431372549,0.00980392156862745,0.00980392156862745,0.0,0.0,5,28,0.0,0.0392156862745098
python,python_16,0,0,0,0,0,0,0.0,17.6,0.0,0.043478260869565216,0.0,0.4,0.4,0.0,0,1,0,0,1,0.06666666666666667,0.021739130434782608,0.0,0.010869565217391304,0.0,0.021739130434782608,0.0,0.0,0.0,0.0,5,28,0.0,0.0
python,python_18,0,0,0,0,0,0,0.0,17.75,0.0,0.05405405405405406,0.25,0.0,0.0,0.0,0,1,0,0,2,0.15384615384615385,0.0,0.0,0.02702702702702703,0.0,0.02702702702702703,0.0,0.0,0.0,0.0,4,28,0.02702702702702703,0.0
python,python_19,0,0,0,0,0,0,0.0,17.8,0.0,0.021505376344086023,0.2,0.2,0.2,0.0,0,0,1,1,4,0.2857142857142857,0.010752688172043012,0.021505376344086023,0.010752688172043012,0.021505376344086023,0.0,0.021505376344086023,0.0,0.0,2.4,5,24,0.021505376344086023,0.010752688172043012
python,python_21,0,0,0,0,0,0,0.0,20.25,0.0,0.047619047619047616,0.25,0.0,0.0,0.0,0,1,0,0,2,0.13333333333333333,0.0,0.0,0.023809523809523808,0.0,0.023809523809523808,0.0,0.0,0.0,0.0,4,28,0.0,0.0
python,python_22,0,0,0,0,0,0,0.0,25.0,0.007751937984496124,0.06201550387596899,0.2,0.2,0.2,0.0,0,1,0,0,2,0.09523809523809523,0.007751937984496124,0.0,0.023255813953488372,0.015503875968992248,0.015503875968992248,0.0,0.0,0.0,0.0,5,53,0.007751937984496124,0.0
python,python_23,0,0,0,0,0,0,0.0,19.2,0.0,0.06,0.0,0.4,0.4,0.0,0,1,0,0,1,0.0625,0.02,0.01,0.02,0.02,0.0,0.03,0.01,0.0,0.0,5,26,0.03,0.04
python,python_24,0,0,0,0,0,0,0.0,18.75,0.0,0.05128205128205128,0.25,0.0,0.0,0.0,0,1,0,0,2,0.14285714285714285,0.0,0.0,0.02564102564102564,0.0,0.05128205128205128,0.0,0.0,0.0,0.0,4,28,0.0,0.0
python,python_25,0,0,0,0,0,0,0.0,19.0,0.0,0.020202020202020204,0.0,0.4,0.4,0.0,0,0,1,1,3,0.1875,0.020202020202020204,0.04040404040404041,0.0,0.020202020202020204,0.0,0.04040404040404041,0.020202020202020204,0.0,2.4,5,24,0.0,0.09090909090909091
python,python_26,0,0,0,0,0,0,0.0,19.5,0.0,0.024691358024691357,0.0,0.25,0.25,0.0,0,0,1,1,3,0.23076923076923078,0.012345679012345678,0.037037037037037035,0.0,0.024691358024691357,0.0,0.037037037037037035,0.012345679012345678,0.0,3.0,4,24,0.0,0.06172839506172839
python,python_27,0,0,0,0,0,0,0.0,16.4,0.0,0.06976744186046512,0.0,0.2,0.2,0.0,0,0,0,1,2,0.18181818181818182,0.011627906976744186,0.011627906976744186,0.0,0.011627906976744186,0.046511627906976744,0.011627906976744186,0.0,0.0,1.6,5,26,0.0,0.03488372093023256
python,python_28,0,0,0,0,0,0,0.0,17.0,0.0,0.0449438202247191,0.2,0.2,0.2,0.0,0,0,0,1,3,0.25,0.011235955056179775,0.02247191011235955,0.011235955056179775,0.011235955056179775,0.02247191011235955,0.02247191011235955,0.011235955056179775,0.0,1.6,5,26,0.02247191011235955,0.07865168539325842
python,python_29,0,0,0,0,0,0,0.0,16.4,0.0,0.046511627906976744,0.0,0.4,0.4,0.0,0,0,0,1,2,0.18181818181818182,0.023255813953488372,0.011627906976744186,0.0,0.011627906976744186,0.023255813953488372,0.011627906976744186,0.0,0.0,1.6,5,26,0.0,0.03488372093023256
python,python_30,0,0,0,0,0,0,0.0,20.5,0.0,0.07058823529411765,0.0,0.25,0.25,0.0,0,1,0,0,1,0.07692307692307693,0.011764705882352941,0.0,0.023529411764705882,0.023529411764705882,0.0,0.023529411764705882,0.0,0.0,0.0,4,26,0.03529411764705882,0.0
python,python_31,0,0,0,0,0,0,0.0,18.2,0.0,0.021052631578947368,0.0,0.4,0.4,0.0,0,0,1,1,3,0.2,0.021052631578947368,0.031578947368421054,0.0,0.021052631578947368,0.0,0.031578947368421054,0.010526315789473684,0.0,2.4,5,24,0.0,0.05263157894736842
python,python_33,0,0,0,0,0,0,0.0,17.333333333333332,0.0,0.03669724770642202,0.16666666666666666,0.3333333333333333,0.3333333333333333,0.0,0,1,0,0,2,0.1111111111111111,0.01834862385321101,0.0,0.01834862385321101,0.0,0.03669724770642202,0.0,0.0,0.0,0.0,6,28,0.0,0.0
python,python_35,0,0,0,0,0,0,0.0,19.75,0.0,0.07317073170731707,0.0,0.25,0.25,0.0,0,1,0,0,1,0.07692307692307693,0.012195121951219513,0.0,0.024390243902439025,0.024390243902439025,0.0,0.024390243902439025,0.0,0.0,0.0,4,26,0.036585365853658534,0.0
python,python_36,0,0,0,0,0,0,0.0,19.166666666666668,0.0,0.05,0.16666666666666666,0.3333333333333333,0.3333333333333333,0.0,0,1,0,0,2,0.10526315789473684,0.016666666666666666,0.008333333333333333,0.025,0.016666666666666666,0.016666666666666666,0.025,0.008333333333333333,0.0,0.0,6,26,0.025,0.03333333333333333
python,python_39,0,0,0,0,0,0,0.0,18.8,0.0,0.04081632653061224,0.2,0.2,0.2,0.0,0,0,0,1,3,0.23076923076923078,0.01020408163265306,0.01020408163265306,0.01020408163265306,0.01020408163265306,0.02040816326530612,0.01020408163265306,0.0,0.0,1.6,5,26,0.0,0.030612244897959183
python,python_40,0,0,0,0,0,0,0.0,16.5,0.0,0.057692307692307696,0.0,0.3333333333333333,0.3333333333333333,0.0,0,0,0,0,1,0.06666666666666667,0.019230769230769232,0.028846153846153848,0.019230769230769232,0.0,0.019230769230769232,0.028846153846153848,0.009615384615384616,0.0,2.0,6,19,0.038461538461538464,0.038461538461538464
python,python_41,0,0,0,0,0,0,0.0,17.2,0.0,0.044444444444444446,0.0,0.4,0.4,0.0,0,1,0,0,1,0.0625,0.022222222222222223,0.011111111111111112,0.011111111111111112,0.0,0.022222222222222223,0.011111111111111112,0.011111111111111112,0.0,0.0,5,28,0.0,0.044444444444444446
python,python_42,0,0,0,0,0,0,0.0,19.0,0.0,0.06060606060606061,0.0,0.4,0.4,0.0,0,1,0,0,1,0.06666666666666667,0.020202020202020204,0.0,0.020202020202020204,0.020202020202020204,0.0,0.020202020202020204,0.0,0.0,0.0,5,26,0.030303030303030304,0.0
python,python_43,0,0,0,0,0,0,0.0,17.2,0.0,0.044444444444444446,0.0,0.4,0.4,0.0,0,0,0,1,2,0.16666666666666666,0.022222222222222223,0.022222222222222223,0.0,0.011111111111111112,0.022222222222222223,0.022222222222222223,0.011111111111111112,0.0,1.6,5,26,0.0,0.07777777777777778
python,python_46,0,0,0,0,0,0,0.0,19.0,0.0,0.03361344537815126,0.16666666666666666,0.3333333333333333,0.3333333333333333,0.0,0,1,0,0,2,0.1,0.01680672268907563,0.008403361344537815,0.01680672268907563,0.0,0.01680672268907563,0.008403361344537815,0.008403361344537815,0.0,0.0,6,28,0.0,0.03361344537815126
python,python_47,0,0,0,0,0,0,0.0,18.8,0.0,0.02040816326530612,0.0,0.4,0.4,0.0,0,0,1,1,3,0.2,0.02040816326530612,0.030612244897959183,0.0,0.02040816326530612,0.0,0.030612244897959183,0.01020408163265306,0.0,2.4,5,24,0.0,0.05102040816326531
python,python_48,0,0,0,0,0,0,0.0,18.2,0.0,0.042105263157894736,0.2,0.2,0.2,0.0,0,1,0,0,2,0.125,0.010526315789473684,0.0,0.021052631578947368,0.0,0.042105263157894736,0.0,0.0,0.0,0.0,5,28,0.0,0.0
python,python_49,0,0,0,0,0,0,0.0,17.2,0.0,0.044444444444444446,0.0,0.4,0.4,0.0,0,0,0,1,2,0.16666666666666666,0.022222222222222223,0.022222222222222223,0.0,0.011111111111111112,0.022222222222222223,0.022222222222222223,0.011111111111111112,0.0,1.6,5,26,0.0,0.07777777777777778
python,python_51,0,0,0,0,0,0,0.0,17.0,0.0,0.0449438202247191,0.0,0.4,0.4,0.0,0,1,0,0,1,0.06666666666666667,0.02247191011235955,0.0,0.011235955056179775,0.0,0.02247191011235955,0.0,0.0,0.0,0.0,5,28,0.0,0.0
python,python_52,0,0,0,0,0,0,0.0,18.6,0.0,0.020618556701030927,0.0,0.4,0.4,0.0,0,0,1,1,3,0.21428571428571427,0.020618556701030927,0.020618556701030927,0.0,0.020618556701030927,0.0,0.020618556701030927,0.0,0.0,2.4,5,24,0.0,0.010309278350515464
python,python_56,0,0,0,0,0,0,0.0,18.6,0.0,0.020618556701030927,0.2,0.2,0.2,0.0,0,0,1,1,4,0.26666666666666666,0.010309278350515464,0.030927835051546393,0.010309278350515464,0.020618556701030927,0.0,0.030927835051546393,0.010309278350515464,0.0,2.4,5,24,0.020618556701030927,0.05154639175257732
python,python_58,0,0,0,0,0,0,0.0,27.0,0.007194244604316547,0.07194244604316546,0.2,0.2,0.2,0.0,0,1,0,0,2,0.09523809523809523,0.007194244604316547,0.0,0.02877697841726619,0.02877697841726619,0.0,0.014388489208633094,0.0,0.0,0.0,5,53,0.02877697841726619,0.0
python,python_59,0,0,0,0,0,0,0.0,18.5,0.0,0.05194805194805195,0.0,0.0,0.0,0.0,0,0,1,1,3,0.25,0.0,0.025974025974025976,0.0,0.025974025974025976,0.025974025974025976,0.025974025974025976,0.0,0.0,3.0,4,24,0.0,0.012987012987012988
python,python_60,0,0,0,0,0,0,0.0,16.5,0.0,0.08695652173913043,0.0,0.0,0.0,0.0,0,0,0,1,2,0.2222222222222222,0.0,0.014492753623188406,0.0,0.014492753623188406,0.057971014492753624,0.014492753623188406,0.0,0.0,2.0,4,26,0.0,0.043478260869565216
python,python_61,0,0,0,0,0,0,0.0,23.8,0.008130081300813009,0.06504065040650407,0.2,0.2,0.2,0.0,0,0,0,1,3,0.17647058823529413,0.008130081300813009,0.008130081300813009,0.016260162601626018,0.024390243902439025,0.016260162601626018,0.008130081300813009,0.0,0.0,1.6,5,53,0.008130081300813009,0.024390243902439025
python,python_62,0,0,0,0,0,0,0.0,17.0,0.0,0.056338028169014086,0.25,0.0,0.0,0.0,0,0,0,0,2,0.2,0.0,0.028169014084507043,0.04225352112676056,0.0,0.0,0.028169014084507043,0.0,0.0,3.0,4,19,0.08450704225352113,0.0
python,python_63,0,0,0,0,0,0,0.0,18.666666666666668,0.0,0.06896551724137931,0.0,0.0,0.0,0.0,0,1,0,0,1,0.09090909090909091,0.0,0.0,0.017241379310344827,0.0,0.034482758620689655,0.0,0.0,0.0,0.0,3,28,0.0,0.0
python,python_67,0,0,0,0,0,0,0.0,16.4,0.0,0.046511627906976744,0.0,0.4,0.4,0.0,0,1,0,0,1,0.06666666666666667,0.023255813953488372,0.0,0.011627906976744186,0.0,0.023255813953488372,0.0,0.0,0.0,0.0,5,28,0.0,0.0
python,python_68,0,0,0,0,0,0,0.0,17.666666666666668,0.0,0.07272727272727272,0.0,0.0,0.0,0.0,0,0,0,0,1,0.125,0.0,0.03636363636363636,0.03636363636363636,0.0,0.0,0.03636363636363636,0.0,0.0,4.0,3,19,0.07272727272727272,0.0
python,python_71,0,0,0,0,0,0,0.0,17.5,0.0,0.01818181818181818,0.16666666666666666,0.3333333333333333,0.3333333333333333,0.0,0,0,1,1,4,0.25,0.01818181818181818,0.01818181818181818,0.00909090909090909,0.01818181818181818,0.0,0.01818181818181818,0.0,0.0,2.0,6,24,0.01818181818181818,0.00909090909090909
python,python_72,0,0,0,0,0,0,0.0,17.5,0.0,0.0547945205479452,0.0,0.25,0.25,0.0,0,0,0,0,1,0.09090909090909091,0.0136986301369863,0.0410958904109589,0.0273972602739726,0.0,0.0,0.0410958904109589,0.0136986301369863,0.0,3.0,4,19,0.0547945205479452,0.0547945205479452
python,python_73,0,0,0,0,0,0,0.0,17.0,0.0,0.0449438202247191,0.0,0.4,0.4,0.0,0,0,0,0,1,0.08333333333333333,0.02247191011235955,0.02247191011235955,0.02247191011235955,0.0,0.0,0.02247191011235955,0.0,0.0,2.4,5,19,0.0449438202247191,0.0
python,python_74,0,0,0,0,0,0,0.0,19.8,0.0,0.05825242718446602,0.0,0.4,0.4,0.0,0,1,0,0,1,0.0625,0.019417475728155338,0.009708737864077669,0.019417475728155338,0.019417475728155338,0.0,0.02912621359223301,0.009708737864077669,0.0,0.0,5,26,0.02912621359223301,0.038834951456310676
python,python_75,0,0,0,0,0,0,0.0,16.5,0.0,0.057971014492753624,0.0,0.25,0.25,0.0,0,0,0,0,1,0.1,0.014492753623188406,0.028985507246376812,0.028985507246376812,0.0,0.0,0.028985507246376812,0.0,0.0,3.0,4,19,0.057971014492753624,0.0
python,python_78,0,0,0,0,0,0,0.0,17.4,0.0,0.04395604395604396,0.2,0.2,0.2,0.0,0,1,0,0,2,0.13333333333333333,0.01098901098901099,0.0,0.02197802197802198,0.0,0.02197802197802198,0.0,0.0,0.0,0.0,5,28,0.02197802197802198,0.0
python,python_79,0,0,0,0,0,0,0.0,20.0,0.0,0.016,0.16666666666666666,0.3333333333333333,0.3333333333333333,0.0,0,0,1,1,4,0.2,0.016,0.032,0.008,0.016,0.0,0.032,0.016,0.0,2.0,6,25,0.0,0.072
python,python_80,0,0,0,0,0,0,0.0,19.6,0.0,0.058823529411764705,0.2,0.2,0.2,0.0,0,1,0,0,2,0.125,0.00980392156862745,0.0,0.029411764705882353,0.0196078431372549,0.0196078431372549,0.0196078431372549,0.0,0.0,0.0,5,26,0.029411764705882353,0.0
python,python_81,0,0,0,0,0,0,0.0,17.4,0.0,0.04395604395604396,0.0,0.4,0.4,0.0,0,0,0,0,1,0.07142857142857142,0.02197802197802198,0.04395604395604396,0.02197802197802198,0.0,0.0,0.04395604395604396,0.02197802197802198,0.0,2.4,5,19,0.04395604395604396,0.08791208791208792
python,python_82,0,0,0,0,0,0,0.0,17.0,0.0,0.0449438202247191,0.2,0.2,0.2,0.0,0,0,0,0,2,0.15384615384615385,0.011235955056179775,0.02247191011235955,0.033707865168539325,0.0,0.02247191011235955,0.02247191011235955,0.0,0.0,2.4,5,19,0.0449438202247191,0.0
python,python_86,0,0,0,0,0,0,0.0,17.0,0.0,0.037383177570093455,0.16666666666666666,0.3333333333333333,0.3333333333333333,0.0,0,0,0,0,2,0.125,0.018691588785046728,0.028037383177570093,0.028037383177570093,0.0,0.018691588785046728,0.028037383177570093,0.009345794392523364,0.0,2.0,6,19,0.037383177570093455,0.037383177570093455
python,python_88,0,0,0,0,0,0,0.0,19.25,0.0,0.025,0.0,0.25,0.25,0.0,0,0,1,1,3,0.25,0.0125,0.025,0.0,0.025,0.0,0.025,0.0,0.0,3.0,4,24,0.0,0.0125
python,python_89,0,0,0,0,0,0,0.0,24.4,0.007936507936507936,0.06349206349206349,0.2,0.2,0.2,0.0,0,0,0,1,3,0.17647058823529413,0.007936507936507936,0.007936507936507936,0.015873015873015872,0.023809523809523808,0.015873015873015872,0.007936507936507936,0.0,0.0,1.6,5,53,0.007936507936507936,0.023809523809523808
python,python_90,0,0,0,0,0,0,0.0,17.0,0.0,0.056338028169014086,0.25,0.0,0.0,0.0,0,0,0,1,3,0.3333333333333333,0.0,0.014084507042253521,0.014084507042253521,0.014084507042253521,0.028169014084507043,0.014084507042253521,0.0,0.0,2.0,4,26,0.028169014084507043,0.04225352112676056
python,python_91,0,0,0,0,0,0,0.0,19.8,0.0,0.05825242718446602,0.0,0.4,0.4,0.0,0,1,0,0,1,0.0625,0.019417475728155338,0.009708737864077669,0.019417475728155338,0.019417475728155338,0.0,0.02912621359223301,0.009708737864077669,0.0,0.0,5,26,0.02912621359223301,0.038834951456310676
python,python_94,0,0,0,0,0,0,0.0,16.5,0.0,0.08695652173913043,0.0,0.0,0.0,0.0,0,0,0,0,1,0.1,0.0,0.028985507246376812,0.028985507246376812,0.0,0.028985507246376812,0.028985507246376812,0.0,0.0,3.0,4,19,0.057971014492753624,0.0
python,python_96,0,0,0,0,0,0,0.0,18.2,0.0,0.042105263157894736,0.0,0.2,0.2,0.0,0,0,1,1,3,0.2,0.010526315789473684,0.031578947368421054,0.0,0.021052631578947368,0.021052631578947368,0.031578947368421054,0.010526315789473684,0.0,2.4,5,24,0.0,0.05263157894736842
python,python_97,0,0,0,0,0,0,0.0,26.5,0.009174311926605505,0.07339449541284404,0.25,0.0,0.0,0.0,0,0,0,0,2,0.125,0.0,0.01834862385321101,0.03669724770642202,0.01834862385321101,0.0,0.01834862385321101,0.0,0.0,3.0,4,53,0.045871559633027525,0.0
python,python_98,0,0,0,0,0,0,0.0,20.75,0.0,0.06976744186046512,0.0,0.25,0.25,0.0,0,1,0,0,1,0.07142857142857142,0.011627906976744186,0.011627906976744186,0.023255813953488372,0.023255813953488372,0.0,0.03488372093023256,0.011627906976744186,0.0,0.0,4,26,0.03488372093023256,0.046511627906976744
python,python_100,0,0,0,0,0,0,0.0,17.0,0.0,0.0449438202247191,0.2,0.2,0.2,0.0,0,0,0,1,3,0.25,0.011235955056179775,0.011235955056179775,0.011235955056179775,0.011235955056179775,0.0449438202247191,0.011235955056179775,0.0,0.0,1.6,5,26,0.0,0.033707865168539325
python,python_101,0,0,0,0,0,0,0.0,19.8,0.0,0.019417475728155338,0.2,0.2,0.2,0.0,0,0,1,1,4,0.25,0.009708737864077669,0.019417475728155338,0.009708737864077669,0.019417475728155338,0.0,0.019417475728155338,0.0,0.0,2.4,5,25,0.0,0.009708737864077669
python,python_102,0,0,0,0,0,0,0.0,18.8,0.0,0.02040816326530612,0.0,0.4,0.4,0.0,0,0,1,1,3,0.2,0.02040816326530612,0.030612244897959183,0.0,0.02040816326530612,0.0,0.030612244897959183,0.01020408163265306,0.0,2.4,5,24,0.0,0.05102040816326531
python,python_104,0,0,0,0,0,0,0.0,18.8,0.0,0.04081632653061224,0.2,0.2,0.2,0.0,0,0,0,0,2,0.14285714285714285,0.01020408163265306,0.02040816326530612,0.030612244897959183,0.0,0.0,0.02040816326530612,0.0,0.0,2.4,5,25,0.04081632653061224,0.0
python,python_108,0,0,0,0,0,0,0.0,18.4,0.0,0.08333333333333333,0.0,0.2,0.2,0.0,0,1,0,0,1,0.06666666666666667,0.010416666666666666,0.0,0.020833333333333332,0.020833333333333332,0.020833333333333332,0.020833333333333332,0.0,0.0,0.0,5,26,0.03125,0.0
python,python_111,0,0,0,0,0,0,0.0,17.25,0.0,0.05555555555555555,0.0,0.25,0.25,0.0,0,0,0,0,1,0.1,0.013888888888888888,0.027777777777777776,0.027777777777777776,0.0,0.0,0.027777777777777776,0.0,0.0,3.0,4,19,0.05555555555555555,0.0
python,python_112,0,0,0,0,0,0,0.0,18.666666666666668,0.0,0.017094017094017096,0.16666666666666666,0.3333333333333333,0.3333333333333333,0.0,0,0,1,1,4,0.23529411764705882,0.017094017094017096,0.017094017094017096,0.008547008547008548,0.017094017094017096,0.017094017094017096,0.017094017094017096,0.0,0.0,2.0,6,24,0.0,0.008547008547008548
python,python_114,0,0,0,0,0,0,0.0,18.0,0.0,0.05333333333333334,0.25,0.0,0.0,0.0,0,0,0,1,3,0.3,0.0,0.013333333333333334,0.013333333333333334,0.013333333333333334,0.05333333333333334,0.013333333333333334,0.0,0.0,2.0,4,26,0.0,0.04
python,python_115,0,0,0,0,0,0,0.0,16.4,0.0,0.06976744186046512,0.0,0.2,0.2,0.0,0,1,0,0,1,0.06666666666666667,0.011627906976744186,0.0,0.011627906976744186,0.0,0.046511627906976744,0.0,0.0,0.0,0.0,5,28,0.0,0.0
python,python_117,0,0,0,0,0,0,0.0,21.4,0.0,0.05405405405405406,0.2,0.2,0.2,0.0,0,1,0,0,2,0.11764705882352941,0.009009009009009009,0.0,0.02702702702702703,0.018018018018018018,0.0,0.018018018018018018,0.0,0.0,0.0,5,26,0.02702702702702703,0.0
python,python_122,0,0,0,0,0,0,0.0,18.0,0.0,0.05333333333333334,0.0,0.25,0.25,0.0,0,1,0,0,1,0.07692307692307693,0.013333333333333334,0.0,0.013333333333333334,0.0,0.02666666666666667,0.0,0.0,0.0,0.0,4,28,0.0,0.0
python,python_128,0,0,0,0,0,0,0.0,16.2,0.0,0.047058823529411764,0.2,0.2,0.2,0.0,0,0,0,0,2,0.16666666666666666,0.011764705882352941,0.023529411764705882,0.03529411764705882,0.0,0.0,0.023529411764705882,0.0,0.0,2.4,5,19,0.07058823529411765,0.0
python,python_129,0,0,0,0,0,0,0.0,18.0,0.0,0.05333333333333334,0.25,0.0,0.0,0.0,0,0,0,0,2,0.18181818181818182,0.0,0.02666666666666667,0.04,0.0,0.02666666666666667,0.02666666666666667,0.0,0.0,3.0,4,19,0.05333333333333334,0.0
python,python_132,0,0,0,0,0,0,0.0,15.8,0.0,0.07228915662650602,0.0,0.2,0.2,0.0,0,0,0,0,1,0.08333333333333333,0.012048192771084338,0.024096385542168676,0.024096385542168676,0.0,0.024096385542168676,0.024096385542168676,0.0,0.0,2.4,5,19,0.04819277108433735,0.0
python,python_134,0,0,0,0,0,0,0.0,16.8,0.0,0.045454545454545456,0.2,0.2,0.2,0.0,0,1,0,0,2,0.13333333333333333,0.011363636363636364,0.0,0.022727272727272728,0.0,0.022727272727272728,0.0,0.0,0.0,0.0,5,28,0.022727272727272728,0.0
python,python_135,0,0,0,0,0,0,0.0,27.2,0.007142857142857143,0.07142857142857142,0.2,0.2,0.2,0.0,0,1,0,0,2,0.09090909090909091,0.007142857142857143,0.007142857142857143,0.02857142857142857,0.02857142857142857,0.0,0.02142857142857143,0.007142857142857143,0.0,0.0,5,53,0.02857142857142857,0.02857142857142857
python,python_136,0,0,0,0,0,0,0.0,19.0,0.0,0.04040404040404041,0.2,0.2,0.2,0.0,0,0,0,0,2,0.13333333333333333,0.010101010101010102,0.030303030303030304,0.030303030303030304,0.0,0.0,0.030303030303030304,0.010101010101010102,0.0,2.4,5,25,0.04040404040404041,0.04040404040404041
python,python_137,0,0,0,0,0,0,0.0,15.833333333333334,0.0,0.06,0.0,0.3333333333333333,0.3333333333333333,0.0,0,0,0,1,2,0.15384615384615385,0.02,0.01,0.0,0.01,0.04,0.01,0.0,0.0,1.3333333333333333,6,26,0.0,0.03
python,python_139,0,0,0,0,0,0,0.0,15.8,0.0,0.07228915662650602,0.0,0.2,0.2,0.0,0,0,0,0,1,0.08333333333333333,0.012048192771084338,0.024096385542168676,0.024096385542168676,0.0,0.024096385542168676,0.024096385542168676,0.0,0.0,2.4,5,19,0.04819277108433735,0.0
python,python_140,0,0,0,0,0,0,0.0,19.6,0.0,0.058823529411764705,0.2,0.2,0.2,0.0,0,1,0,0,2,0.125,0.00980392156862745,0.0,0.029411764705882353,0.0196078431372549,0.0196078431372549,0.0196078431372549,0.0,0.0,0.0,5,26,0.029411764705882353,0.0
python,python_142,0,0,0,0,0,0,0.0,19.0,0.0,0.08080808080808081,0.0,0.2,0.2,0.0,0,1,0,0,1,0.06666666666666667,0.010101010101010102,0.0,0.020202020202020204,0.020202020202020204,0.020202020202020204,0.020202020202020204,0.0,0.0,0.0,5,26,0.030303030303030304,0.0
python,python_143,0,0,0,0,0,0,0.0,18.2,0.0,0.042105263157894736,0.2,0.2,0.2,0.0,0,0,0,0,2,0.14285714285714285,0.010526315789473684,0.021052631578947368,0.031578947368421054,0.0,0.0,0.021052631578947368,0.0,0.0,2.4,5,25,0.042105263157894736,0.0
python,python_148,0,0,0,0,0,0,0.0,16.4,0.0,0.046511627906976744,0.0,0.4,0.4,0.0,0,0,0,0,1,0.08333333333333333,0.023255813953488372,0.023255813953488372,0.023255813953488372,0.0,0.0,0.023255813953488372,0.0,0.0,2.4,5,19,0.046511627906976744,0.0
python,python_149,0,0,0,0,0,0,0.0,19.2,0.0,0.02,0.2,0.2,0.2,0.0,0,0,1,1,4,0.26666666666666666,0.01,0.02,0.01,0.02,0.02,0.02,0.0,0.0,2.4,5,24,0.0,0.01
python,python_160,0,0,0,0,0,0,0.0,24.6,0.007874015748031496,0.06299212598425197,0.2,0.2,0.2,0.0,0,0,0,1,3,0.16666666666666666,0.007874015748031496,0.015748031496062992,0.015748031496062992,0.023622047244094488,0.015748031496062992,0.015748031496062992,0.007874015748031496,0.0,1.6,5,53,0.007874015748031496,0.05511811023622047
python,python_162,0,0,0,0,0,0,0.0,18.4,0.0,0.0625,0.0,0.4,0.4,0.0,0,1,0,0,1,0.06666666666666667,0.020833333333333332,0.0,0.020833333333333332,0.020833333333333332,0.0,0.020833333333333332,0.0,0.0,0.0,5,26,0.03125,0.0
python,python_163,0,0,0,0,0,0,0.0,19.5,0.0,0.04938271604938271,0.25,0.0,0.0,0.0,0,0,0,0,2,0.16666666666666666,0.0,0.024691358024691357,0.037037037037037035,0.0,0.0,0.024691358024691357,0.0,0.0,3.0,4,25,0.04938271604938271,0.0
python,python_164,0,0,0,0,0,0,0.0,15.833333333333334,0.0,0.06,0.0,0.3333333333333333,0.3333333333333333,0.0,0,1,0,0,1,0.058823529411764705,0.02,0.0,0.01,0.0,0.04,0.0,0.0,0.0,0.0,6,28,0.0,0.0
python,python_165,0,0,0,0,0,0,0.0,17.8,0.0,0.043010752688172046,0.0,0.4,0.4,0.0,0,1,0,0,1,0.0625,0.021505376344086023,0.010752688172043012,0.010752688172043012,0.0,0.021505376344086023,0.010752688172043012,0.010752688172043012,0.0,0.0,5,28,0.0,0.043010752688172046
python,python_168,0,0,0,0,0,0,0.0,17.333333333333332,0.0,0.03669724770642202,0.16666666666666666,0.3333333333333333,0.3333333333333333,0.0,0,0,0,1,3,0.21428571428571427,0.01834862385321101,0.009174311926605505,0.009174311926605505,0.009174311926605505,0.03669724770642202,0.009174311926605505,0.0,0.0,1.3333333333333333,6,26,0.0,0.027522935779816515
python,python_171,0,0,0,0,0,0,0.0,22.5,0.007142857142857143,0.05714285714285714,0.16666666666666666,0.3333333333333333,0.3333333333333333,0.0,0,1,0,0,2,0.08695652173913043,0.014285714285714285,0.0,0.02142857142857143,0.014285714285714285,0.014285714285714285,0.0,0.0,0.0,0.0,6,53,0.007142857142857143,0.0
python,python_172,0,0,0,0,0,0,0.0,24.0,0.006711409395973154,0.040268456375838924,0.16666666666666666,0.3333333333333333,0.3333333333333333,0.0,0,0,1,1,4,0.17391304347826086,0.013422818791946308,0.020134228187919462,0.013422818791946308,0.026845637583892617,0.0,0.020134228187919462,0.006711409395973154,0.0,2.0,6,53,0.006711409395973154,0.03355704697986577
python,python_174,0,0,0,0,0,0,0.0,19.5,0.0,0.04938271604938271,0.25,0.0,0.0,0.0,0,0,0,1,3,0.2727272727272727,0.0,0.012345679012345678,0.012345679012345678,0.012345679012345678,0.024691358024691357,0.012345679012345678,0.0,0.0,2.0,4,26,0.0,0.037037037037037035
python,python_178,0,0,0,0,0,0,0.0,15.8,0.0,0.04819277108433735,0.0,0.4,0.4,0.0,0,0,0,1,2,0.18181818181818182,0.024096385542168676,0.012048192771084338,0.0,0.012048192771084338,0.024096385542168676,0.012048192771084338,0.0,0.0,1.6,5,26,0.0,0.03614457831325301
python,python_180,0,0,0,0,0,0,0.0,16.6,0.0,0.04597701149425287,0.0,0.4,0.4,0.0,0,0,0,0,1,0.07692307692307693,0.022988505747126436,0.034482758620689655,0.022988505747126436,0.0,0.0,0.034482758620689655,0.011494252873563218,0.0,2.4,5,19,0.04597701149425287,0.04597701149425287
python,python_184,0,0,0,0,0,0,0.0,17.0,0.0,0.06741573033707865,0.0,0.2,0.2,0.0,0,1,0,0,1,0.06666666666666667,0.011235955056179775,0.0,0.011235955056179775,0.0,0.0449438202247191,0.0,0.0,0.0,0.0,5,28,0.0,0.0
python,python_193,0,0,0,0,0,0,0.0,16.4,0.0,0.06976744186046512,0.0,0.2,0.2,0.0,0,0,0,0,1,0.08333333333333333,0.011627906976744186,0.023255813953488372,0.023255813953488372,0.0,0.023255813953488372,0.023255813953488372,0.0,0.0,2.4,5,19,0.046511627906976744,0.0
python,python_196,0,0,0,0,0,0,0.0,21.5,0.0,0.02247191011235955,0.25,0.0,0.0,0.0,0,0,1,1,4,0.2857142857142857,0.0,0.02247191011235955,0.011235955056179775,0.02247191011235955,0.0,0.02247191011235955,0.0,0.0,3.0,4,25,0.0,0.011235955056179775
python,python_197,0,0,0,0,0,0,0.0,17.4,0.0,0.04395604395604396,0.0,0.4,0.4,0.0,0,0,0,1,2,0.15384615384615385,0.02197802197802198,0.03296703296703297,0.0,0.01098901098901099,0.02197802197802198,0.03296703296703297,0.02197802197802198,0.0,1.6,5,26,0.0,0.12087912087912088
python,python_198,0,0,0,0,0,0,0.0,23.8,0.008130081300813009,0.06504065040650407,0.2,0.2,0.2,0.0,0,0,0,0,2,0.1111111111111111,0.008130081300813009,0.016260162601626018,0.032520325203252036,0.016260162601626018,0.0,0.016260162601626018,0.0,0.0,2.4,5,53,0.04065040650406504,0.0
python,python_199,0,0,0,0,0,0,0.0,17.0,0.0,0.037383177570093455,0.16666666666666666,0.3333333333333333,0.3333333333333333,0.0,0,0,0,1,3,0.2,0.018691588785046728,0.028037383177570093,0.009345794392523364,0.009345794392523364,0.018691588785046728,0.028037383177570093,0.018691588785046728,0.0,1.3333333333333333,6,26,0.018691588785046728,0.102803738317757
python,python_202,0,0,0,0,0,0,0.0,19.0,0.0,0.04040404040404041,0.2,0.2,0.2,0.0,0,0,0,1,3,0.21428571428571427,0.010101010101010102,0.020202020202020204,0.010101010101010102,0.010101010101010102,0.020202020202020204,0.020202020202020204,0.010101010101010102,0.0,1.6,5,26,0.0,0.0707070707070707
python,python_203,0,0,0,0,0,0,0.0,19.6,0.0,0.058823529411764705,0.2,0.2,0.2,0.0,0,1,0,0,2,0.125,0.00980392156862745,0.00980392156862745,0.029411764705882353,0.0196078431372549,0.0,0.029411764705882353,0.00980392156862745,0.0,0.0,5,26,0.049019607843137254,0.0392156862745098
python,python_207,0,0,0,0,0,0,0.0,15.8,0.0,0.07228915662650602,0.0,0.2,0.2,0.0,0,0,0,1,2,0.18181818181818182,0.012048192771084338,0.012048192771084338,0.0,0.012048192771084338,0.04819277108433735,0.012048192771084338,0.0,0.0,1.6,5,26,0.0,0.03614457831325301
python,python_215,0,0,0,0,0,0,0.0,18.4,0.0,0.041666666666666664,0.2,0.2,0.2,0.0,0,1,0,0,2,0.11764705882352941,0.010416666666666666,0.010416666666666666,0.020833333333333332,0.0,0.041666666666666664,0.010416666666666666,0.010416666666666666,0.0,0.0,5,28,0.0,0.041666666666666664
python,python_216,0,0,0,0,0,0,0.0,19.0,0.0,0.02531645569620253,0.25,0.0,0.0,0.0,0,0,1,1,4,0.3333333333333333,0.0,0.02531645569620253,0.012658227848101266,0.02531645569620253,0.0,0.02531645569620253,0.0,0.0,3.0,4,24,0.02531645569620253,0.012658227848101266
python,python_221,0,0,0,0,0,0,0.0,25.4,0.007633587786259542,0.04580152671755725,0.2,0.2,0.2,0.0,0,0,1,1,4,0.2,0.007633587786259542,0.015267175572519083,0.015267175572519083,0.030534351145038167,0.0,0.015267175572519083,0.0,0.0,2.4,5,53,0.007633587786259542,0.007633587786259542
python,python_223,0,0,0,0,0,0,0.0,17.25,0.0,0.08333333333333333,0.0,0.0,0.0,0.0,0,1,0,0,1,0.07692307692307693,0.0,0.0,0.013888888888888888,0.0,0.05555555555555555,0.0,0.0,0.0,0.0,4,28,0.0,0.0
python,python_227,0,0,0,0,0,0,0.0,24.4,0.007936507936507936,0.06349206349206349,0.2,0.2,0.2,0.0,0,0,0,0,2,0.1111111111111111,0.007936507936507936,0.015873015873015872,0.031746031746031744,0.015873015873015872,0.0,0.015873015873015872,0.0,0.0,2.4,5,53,0.03968253968253968,0.0
python,python_231,0,0,0,0,0,0,0.0,15.8,0.0,0.04819277108433735,0.0,0.4,0.4,0.0,0,0,0,0,1,0.08333333333333333,0.024096385542168676,0.024096385542168676,0.024096385542168676,0.0,0.0,0.024096385542168676,0.0,0.0,2.4,5,19,0.04819277108433735,0.0
python,python_232,0,0,0,0,0,0,0.0,17.6,0.0,0.043478260869565216,0.2,0.2,0.2,0.0,0,0,0,0,2,0.15384615384615385,0.010869565217391304,0.021739130434782608,0.03260869565217391,0.0,0.021739130434782608,0.021739130434782608,0.0,0.0,2.4,5,19,0.043478260869565216,0.0
python,python_236,0,0,0,0,0,0,0.0,19.6,0.0,0.0392156862745098,0.2,0.2,0.2,0.0,0,1,0,0,2,0.1111111111111111,0.00980392156862745,0.00980392156862745,0.0196078431372549,0.0,0.0196078431372549,0.00980392156862745,0.00980392156862745,0.0,0.0,5,28,0.0,0.0392156862745098
python,python_238,0,0,0,0,0,0,0.0,17.8,0.0,0.043010752688172046,0.2,0.2,0.2,0.0,0,0,0,0,2,0.14285714285714285,0.010752688172043012,0.03225806451612903,0.03225806451612903,0.0,0.021505376344086023,0.03225806451612903,0.010752688172043012,0.0,2.4,5,19,0.043010752688172046,0.043010752688172046
python,python_240,0,0,0,0,0,0,0.0,19.2,0.0,0.06,0.0,0.4,0.4,0.0,0,1,0,0,1,0.0625,0.02,0.01,0.02,0.02,0.0,0.03,0.01,0.0,0.0,5,26,0.03,0.04
python,python_248,0,0,0,0,0,0,0.0,16.8,0.0,0.045454545454545456,0.2,0.2,0.2,0.0,0,0,0,1,3,0.2727272727272727,0.011363636363636364,0.011363636363636364,0.011363636363636364,0.011363636363636364,0.022727272727272728,0.011363636363636364,0.0,0.0,1.6,5,26,0.022727272727272728,0.03409090909090909
python,python_249,0,0,0,0,0,0,0.0,21.6,0.0,0.05357142857142857,0.2,0.2,0.2,0.0,0,1,0,0,2,0.1111111111111111,0.008928571428571428,0.008928571428571428,0.026785714285714284,0.017857142857142856,0.0,0.026785714285714284,0.008928571428571428,0.0,0.0,5,26,0.026785714285714284,0.03571428571428571
python,python_252,0,0,0,0,0,0,0.0,18.0,0.0,0.0425531914893617,0.0,0.4,0.4,0.0,0,1,0,0,1,0.058823529411764705,0.02127659574468085,0.02127659574468085,0.010638297872340425,0.0,0.02127659574468085,0.02127659574468085,0.02127659574468085,0.0,0.0,5,28,0.0,0.0851063829787234
python,python_258,0,0,0,0,0,0,0.0,20.25,0.0,0.07142857142857142,0.25,0.0,0.0,0.0,0,1,0,0,2,0.15384615384615385,0.0,0.0,0.03571428571428571,0.023809523809523808,0.0,0.023809523809523808,0.0,0.0,0.0,4,26,0.05952380952380952,0.0
python,python_259,0,0,0,0,0,0,0.0,17.6,0.0,0.043478260869565216,0.2,0.2,0.2,0.0,0,1,0,0,2,0.125,0.010869565217391304,0.010869565217391304,0.021739130434782608,0.0,0.021739130434782608,0.010869565217391304,0.010869565217391304,0.0,0.0,5,28,0.021739130434782608,0.043478260869565216
python,python_262,0,0,0,0,0,0,0.0,20.6,0.0,0.018691588785046728,0.2,0.2,0.2,0.0,0,0,1,1,4,0.23529411764705882,0.009345794392523364,0.028037383177570093,0.009345794392523364,0.018691588785046728,0.0,0.028037383177570093,0.009345794392523364,0.0,2.4,5,25,0.0,0.04672897196261682
python,python_264,0,0,0,0,0,0,0.0,18.4,0.0,0.020833333333333332,0.2,0.2,0.2,0.0,0,0,1,1,4,0.2857142857142857,0.010416666666666666,0.020833333333333332,0.010416666666666666,0.020833333333333332,0.0,0.020833333333333332,0.0,0.0,2.4,5,24,0.020833333333333332,0.010416666666666666
python,python_265,0,0,0,0,0,0,0.0,25.2,0.007692307692307693,0.06153846153846154,0.2,0.2,0.2,0.0,0,1,0,0,2,0.09090909090909091,0.007692307692307693,0.007692307692307693,0.023076923076923078,0.015384615384615385,0.015384615384615385,0.007692307692307693,0.007692307692307693,0.0,0.0,5,53,0.007692307692307693,0.03076923076923077
python,python_266,0,0,0,0,0,0,0.0,18.8,0.0,0.04081632653061224,0.2,0.2,0.2,0.0,0,1,0,0,2,0.11764705882352941,0.01020408163265306,0.0,0.02040816326530612,0.0,0.02040816326530612,0.0,0.0,0.0,0.0,5,28,0.0,0.0
python,python_270,0,0,0,0,0,0,0.0,19.75,0.0,0.0975609756097561,0.0,0.0,0.0,0.0,0,1,0,0,1,0.07692307692307693,0.0,0.0,0.024390243902439025,0.024390243902439025,0.024390243902439025,0.024390243902439025,0.0,0.0,0.0,4,26,0.036585365853658534,0.0
python,python_273,0,0,0,0,0,0,0.0,16.6,0.0,0.06896551724137931,0.0,0.2,0.2,0.0,0,0,0,0,1,0.07692307692307693,0.011494252873563218,0.034482758620689655,0.022988505747126436,0.0,0.022988505747126436,0.034482758620689655,0.011494252873563218,0.0,2.4,5,19,0.04597701149425287,0.04597701149425287
python,python_275,0,0,0,0,0,0,0.0,19.2,0.0,0.08,0.0,0.2,0.2,0.0,0,1,0,0,1,0.0625,0.01,0.01,0.02,0.02,0.02,0.03,0.01,0.0,0.0,5,26,0.03,0.04
python,python_276,0,0,0,0,0,0,0.0,26.2,0.007407407407407408,0.044444444444444446,0.2,0.2,0.2,0.0,0,0,1,1,4,0.19047619047619047,0.007407407407407408,0.022222222222222223,0.014814814814814815,0.02962962962962963,0.0,0.022222222222222223,0.007407407407407408,0.0,2.4,5,53,0.007407407407407408,0.037037037037037035
python,python_283,0,0,0,0,0,0,0.0,28.5,0.008547008547008548,0.05128205128205128,0.25,0.0,0.0,0.0,0,0,1,1,4,0.2222222222222222,0.0,0.017094017094017096,0.017094017094017096,0.03418803418803419,0.0,0.017094017094017096,0.0,0.0,3.0,4,53,0.008547008547008548,0.008547008547008548
python,python_284,0,0,0,0,0,0,0.0,18.166666666666668,0.0,0.017543859649122806,0.16666666666666666,0.3333333333333333,0.3333333333333333,0.0,0,0,1,1,4,0.23529411764705882,0.017543859649122806,0.017543859649122806,0.008771929824561403,0.017543859649122806,0.017543859649122806,0.017543859649122806,0.0,0.0,2.0,6,24,0.0,0.008771929824561403
python,python_289,0,0,0,0,0,0,0.0,20.2,0.0,0.05714285714285714,0.2,0.2,0.2,0.0,0,1,0,0,2,0.125,0.009523809523809525,0.0,0.02857142857142857,0.01904761904761905,0.01904761904761905,0.01904761904761905,0.0,0.0,0.0,5,26,0.02857142857142857,0.0
python,python_291,0,0,0,0,0,0,0.0,16.0,0.0,0.0594059405940594,0.0,0.3333333333333333,0.3333333333333333,0.0,0,0,0,0,1,0.06666666666666667,0.019801980198019802,0.0297029702970297,0.019801980198019802,0.0,0.019801980198019802,0.0297029702970297,0.009900990099009901,0.0,2.0,6,19,0.039603960396039604,0.039603960396039604
python,python_292,0,0,0,0,0,0,0.0,16.6,0.0,0.04597701149425287,0.0,0.4,0.4,0.0,0,0,0,1,2,0.16666666666666666,0.022988505747126436,0.022988505747126436,0.0,0.011494252873563218,0.022988505747126436,0.022988505747126436,0.011494252873563218,0.0,1.6,5,26,0.0,0.08045977011494253
python,python_293,0,0,0,0,0,0,0.0,29.75,0.00819672131147541,0.08196721311475409,0.25,0.0,0.0,0.0,0,1,0,0,2,0.10526315789473684,0.0,0.0,0.03278688524590164,0.03278688524590164,0.0,0.01639344262295082,0.0,0.0,0.0,4,53,0.03278688524590164,0.0
python,python_296,0,0,0,0,0,0,0.0,20.0,0.0,0.024096385542168676,0.25,0.0,0.0,0.0,0,0,1,1,4,0.3076923076923077,0.0,0.024096385542168676,0.012048192771084338,0.024096385542168676,0.024096385542168676,0.024096385542168676,0.0,0.0,3.0,4,24,0.0,0.012048192771084338
python,python_304,0,0,0,0,0,0,0.0,20.4,0.0,0.05660377358490566,0.2,0.2,0.2,0.0,0,1,0,0,2,0.11764705882352941,0.009433962264150943,0.009433962264150943,0.02830188679245283,0.018867924528301886,0.018867924528301886,0.02830188679245283,0.009433962264150943,0.0,0.0,5,26,0.02830188679245283,0.03773584905660377
python,python_306,0,0,0,0,0,0,0.0,23.0,0.006993006993006993,0.055944055944055944,0.16666666666666666,0.3333333333333333,0.3333333333333333,0.0,0,1,0,0,2,0.08695652173913043,0.013986013986013986,0.0,0.02097902097902098,0.013986013986013986,0.013986013986013986,0.0,0.0,0.0,0.0,6,53,0.006993006993006993,0.0
python,python_313,0,0,0,0,0,0,0.0,19.0,0.0,0.05042016806722689,0.16666666666666666,0.3333333333333333,0.3333333333333333,0.0,0,1,0,0,2,0.1111111111111111,0.01680672268907563,0.0,0.025210084033613446,0.01680672268907563,0.01680672268907563,0.01680672268907563,0.0,0.0,0.0,6,26,0.025210084033613446,0.0
python,python_317,0,0,0,0,0,0,0.0,21.25,0.0,0.06818181818181818,0.25,0.0,0.0,0.0,0,1,0,0,2,0.14285714285714285,0.0,0.0,0.03409090909090909,0.022727272727272728,0.022727272727272728,0.022727272727272728,0.0,0.0,0.0,4,26,0.03409090909090909,0.0
python,python_324,0,0,0,0,0,0,0.0,18.6,0.0,0.020618556701030927,0.2,0.2,0.2,0.0,0,0,1,1,4,0.26666666666666666,0.010309278350515464,0.020618556701030927,0.010309278350515464,0.020618556701030927,0.020618556701030927,0.020618556701030927,0.0,0.0,2.4,5,24,0.0,0.010309278350515464
python,python_331,0,0,0,0,0,0,0.0,17.2,0.0,0.06666666666666667,0.0,0.2,0.2,0.0,0,1,0,0,1,0.0625,0.011111111111111112,0.011111111111111112,0.011111111111111112,0.0,0.044444444444444446,0.011111111111111112,0.011111111111111112,0.0,0.0,5,28,0.0,0.044444444444444446
python,python_341,0,0,0,0,0,0,0.0,23.5,0.00684931506849315,0.0547945205479452,0.16666666666666666,0.3333333333333333,0.3333333333333333,0.0,0,1,0,0,2,0.08695652173913043,0.0136986301369863,0.0,0.02054794520547945,0.0136986301369863,0.0136986301369863,0.0,0.0,0.0,0.0,6,53,0.00684931506849315,0.0
python,python_350,0,0,0,0,0,0,0.0,22.75,0.0,0.06382978723404255,0.25,0.0,0.0,0.0,0,1,0,0,2,0.13333333333333333,0.0,0.0,0.031914893617021274,0.02127659574468085,0.0,0.02127659574468085,0.0,0.0,0.0,4,26,0.031914893617021274,0.0
python,python_353,0,0,0,0,0,0,0.0,27.25,0.008928571428571428,0.07142857142857142,0.25,0.0,0.0,0.0,0,1,0,0,2,0.10526315789473684,0.0,0.0,0.026785714285714284,0.017857142857142856,0.017857142857142856,0.0,0.0,0.0,0.0,4,53,0.008928571428571428,0.0
python,python_355,0,0,0,0,0,0,0.0,19.4,0.0,0.0594059405940594,0.2,0.2,0.2,0.0,0,1,0,0,2,0.13333333333333333,0.009900990099009901,0.0,0.0297029702970297,0.019801980198019802,0.0,0.019801980198019802,0.0,0.0,0.0,5,26,0.04950495049504951,0.0
python,python_359,0,0,0,0,0,0,0.0,19.2,0.0,0.02,0.2,0.2,0.2,0.0,0,0,1,1,4,0.26666666666666666,0.01,0.02,0.01,0.02,0.02,0.02,0.0,0.0,2.4,5,24,0.0,0.01
python,python_365,0,0,0,0,0,0,0.0,18.666666666666668,0.0,0.03418803418803419,0.16666666666666666,0.3333333333333333,0.3333333333333333,0.0,0,0,0,0,2,0.1111111111111111,0.017094017094017096,0.03418803418803419,0.02564102564102564,0.0,0.0,0.03418803418803419,0.017094017094017096,0.0,2.0,6,25,0.03418803418803419,0.06837606837606838
python,python_370,0,0,0,0,0,0,0.0,18.6,0.0,0.020618556701030927,0.2,0.2,0.2,0.0,0,0,1,1,4,0.26666666666666666,0.010309278350515464,0.020618556701030927,0.010309278350515464,0.020618556701030927,0.020618556701030927,0.020618556701030927,0.0,0.0,2.4,5,24,0.0,0.010309278350515464
python,python_377,0,0,0,0,0,0,0.0,17.8,0.0,0.043010752688172046,0.2,0.2,0.2,0.0,0,0,0,1,3,0.23076923076923078,0.010752688172043012,0.021505376344086023,0.010752688172043012,0.010752688172043012,0.043010752688172046,0.021505376344086023,0.010752688172043012,0.0,1.6,5,26,0.0,0.07526881720430108
python,python_383,0,0,0,0,0,0,0.0,18.2,0.0,0.021052631578947368,0.0,0.4,0.4,0.0,0,0,1,1,3,0.2,0.021052631578947368,0.031578947368421054,0.0,0.021052631578947368,0.0,0.031578947368421054,0.010526315789473684,0.0,2.4,5,24,0.0,0.05263157894736842
python,python_388,0,0,0,0,0,0,0.0,18.5,0.0,0.034482758620689655,0.16666666666666666,0.3333333333333333,0.3333333333333333,0.0,0,1,0,0,2,0.1,0.017241379310344827,0.008620689655172414,0.017241379310344827,0.0,0.017241379310344827,0.008620689655172414,0.008620689655172414,0.0,0.0,6,28,0.0,0.034482758620689655
python,python_389,0,0,0,0,0,0,0.0,26.4,0.007352941176470588,0.07352941176470588,0.2,0.2,0.2,0.0,0,1,0,0,2,0.09523809523809523,0.007352941176470588,0.0,0.029411764705882353,0.029411764705882353,0.0,0.014705882352941176,0.0,0.0,0.0,5,53,0.029411764705882353,0.0
python,python_395,0,0,0,0,0,0,0.0,17.333333333333332,0.0,0.03669724770642202,0.0,0.3333333333333333,0.3333333333333333,0.0,0,0,1,1,3,0.17647058823529413,0.01834862385321101,0.027522935779816515,0.0,0.01834862385321101,0.01834862385321101,0.027522935779816515,0.009174311926605505,0.0,2.0,6,24,0.0,0.045871559633027525
python,python_398,0,0,0,0,0,0,0.0,19.4,0.0,0.019801980198019802,0.2,0.2,0.2,0.0,0,0,1,1,4,0.25,0.009900990099009901,0.0297029702970297,0.009900990099009901,0.019801980198019802,0.019801980198019802,0.0297029702970297,0.009900990099009901,0.0,2.4,5,24,0.0,0.04950495049504951
python,python_408,0,0,0,0,0,0,0.0,26.5,0.009174311926605505,0.07339449541284404,0.25,0.0,0.0,0.0,0,0,0,1,3,0.2,0.0,0.009174311926605505,0.01834862385321101,0.027522935779816515,0.01834862385321101,0.009174311926605505,0.0,0.0,2.0,4,53,0.009174311926605505,0.027522935779816515
python,python_412,0,0,0,0,0,0,0.0,16.8,0.0,0.045454545454545456,0.2,0.2,0.2,0.0,0,0,0,0,2,0.16666666666666666,0.011363636363636364,0.022727272727272728,0.03409090909090909,0.0,0.0,0.022727272727272728,0.0,0.0,2.4,5,19,0.06818181818181818,0.0
python,python_422,0,0,0,0,0,0,0.0,19.6,0.0,0.058823529411764705,0.0,0.4,0.4,0.0,0,1,0,0,1,0.06666666666666667,0.0196078431372549,0.0,0.0196078431372549,0.0196078431372549,0.0,0.0196078431372549,0.0,0.0,0.0,5,26,0.029411764705882353,0.0
python,python_424,0,0,0,0,0,0,0.0,17.2,0.0,0.06666666666666667,0.0,0.2,0.2,0.0,0,1,0,0,1,0.0625,0.011111111111111112,0.011111111111111112,0.011111111111111112,0.0,0.044444444444444446,0.011111111111111112,0.011111111111111112,0.0,0.0,5,28,0.0,0.044444444444444446
python,python_445,0,0,0,0,0,0,0.0,20.0,0.0,0.057692307692307696,0.0,0.4,0.4,0.0,0,1,0,0,1,0.058823529411764705,0.019230769230769232,0.019230769230769232,0.019230769230769232,0.019230769230769232,0.0,0.038461538461538464,0.019230769230769232,0.0,0.0,5,26,0.028846153846153848,0.07692307692307693
python,python_449,0,0,0,0,0,0,0.0,16.4,0.0,0.046511627906976744,0.0,0.4,0.4,0.0,0,0,0,1,2,0.18181818181818182,0.023255813953488372,0.011627906976744186,0.0,0.011627906976744186,0.023255813953488372,0.011627906976744186,0.0,0.0,1.6,5,26,0.0,0.03488372093023256
python,python_452,0,0,0,0,0,0,0.0,20.6,0.0,0.018691588785046728,0.2,0.2,0.2,0.0,0,0,1,1,4,0.23529411764705882,0.009345794392523364,0.028037383177570093,0.009345794392523364,0.018691588785046728,0.0,0.028037383177570093,0.009345794392523364,0.0,2.4,5,25,0.0,0.04672897196261682
python,python_456,0,0,0,0,0,0,0.0,19.6,0.0,0.058823529411764705,0.2,0.2,0.2,0.0,0,1,0,0,2,0.125,0.00980392156862745,0.00980392156862745,0.029411764705882353,0.0196078431372549,0.0,0.029411764705882353,0.00980392156862745,0.0,0.0,5,26,0.049019607843137254,0.0392156862745098
python,python_467,0,0,0,0,0,0,0.0,18.6,0.0,0.020618556701030927,0.2,0.2,0.2,0.0,0,0,1,1,4,0.26666666666666666,0.010309278350515464,0.030927835051546393,0.010309278350515464,0.020618556701030927,0.0,0.030927835051546393,0.010309278350515464,0.0,2.4,5,24,0.020618556701030927,0.05154639175257732
python,python_468,0,0,0,0,0,0,0.0,15.833333333333334,0.0,0.06,0.0,0.3333333333333333,0.3333333333333333,0.0,0,0,0,0,1,0.07142857142857142,0.02,0.02,0.02,0.0,0.02,0.02,0.0,0.0,2.0,6,19,0.04,0.0
python,python_475,0,0,0,0,0,0,0.0,18.666666666666668,0.0,0.017094017094017096,0.16666666666666666,0.3333333333333333,0.3333333333333333,0.0,0,0,1,1,4,0.2222222222222222,0.017094017094017096,0.017094017094017096,0.008547008547008548,0.017094017094017096,0.0,0.017094017094017096,0.0,0.0,2.0,6,25,0.0,0.008547008547008548
python,python_478,0,0,0,0,0,0,0.0,24.666666666666668,0.006535947712418301,0.0392156862745098,0.16666666666666666,0.3333333333333333,0.3333333333333333,0.0,0,0,1,1,4,0.16666666666666666,0.013071895424836602,0.026143790849673203,0.013071895424836602,0.026143790849673203,0.0,0.026143790849673203,0.013071895424836602,0.0,2.0,6,53,0.006535947712418301,0.058823529411764705
python,python_479,0,0,0,0,0,0,0.0,16.4,0.0,0.046511627906976744,0.0,0.4,0.4,0.0,0,0,0,0,1,0.08333333333333333,0.023255813953488372,0.023255813953488372,0.023255813953488372,0.0,0.0,0.023255813953488372,0.0,0.0,2.4,5,19,0.046511627906976744,0.0
python,python_484,0,0,0,0,0,0,0.0,19.833333333333332,0.0,0.016129032258064516,0.16666666666666666,0.3333333333333333,0.3333333333333333,0.0,0,0,1,1,4,0.21052631578947367,0.016129032258064516,0.024193548387096774,0.008064516129032258,0.016129032258064516,0.0,0.024193548387096774,0.008064516129032258,0.0,2.0,6,25,0.0,0.04032258064516129
python,python_486,0,0,0,0,0,0,0.0,18.5,0.0,0.05172413793103448,0.16666666666666666,0.3333333333333333,0.3333333333333333,0.0,0,1,0,0,2,0.1111111111111111,0.017241379310344827,0.008620689655172414,0.02586206896551724,0.017241379310344827,0.0,0.02586206896551724,0.008620689655172414,0.0,0.0,6,26,0.04310344827586207,0.034482758620689655
python,python_488,0,0,0,0,0,0,0.0,17.833333333333332,0.0,0.03571428571428571,0.16666666666666666,0.3333333333333333,0.3333333333333333,0.0,0,1,0,0,2,0.10526315789473684,0.017857142857142856,0.0,0.017857142857142856,0.0,0.017857142857142856,0.0,0.0,0.0,0.0,6,28,0.0,0.0
python,python_489,0,0,0,0,0,0,0.0,18.2,0.0,0.042105263157894736,0.2,0.2,0.2,0.0,0,1,0,0,2,0.125,0.010526315789473684,0.0,0.021052631578947368,0.0,0.042105263157894736,0.0,0.0,0.0,0.0,5,28,0.0,0.0
python,python_490,0,0,0,0,0,0,0.0,17.6,0.0,0.043478260869565216,0.2,0.2,0.2,0.0,0,0,0,1,3,0.25,0.010869565217391304,0.010869565217391304,0.010869565217391304,0.010869565217391304,0.043478260869565216,0.010869565217391304,0.0,0.0,1.6,5,26,0.0,0.03260869565217391
python,python_491,0,0,0,0,0,0,0.0,17.333333333333332,0.0,0.03669724770642202,0.16666666666666666,0.3333333333333333,0.3333333333333333,0.0,0,1,0,0,2,0.1111111111111111,0.01834862385321101,0.009174311926605505,0.01834862385321101,0.0,0.01834862385321101,0.009174311926605505,0.009174311926605505,0.0,0.0,6,28,0.01834862385321101,0.03669724770642202
python,python_494,0,0,0,0,0,0,0.0,18.0,0.0,0.0425531914893617,0.0,0.2,0.2,0.0,0,0,1,1,3,0.21428571428571427,0.010638297872340425,0.02127659574468085,0.0,0.02127659574468085,0.02127659574468085,0.02127659574468085,0.0,0.0,2.4,5,24,0.0,0.010638297872340425
python,python_495,0,0,0,0,0,0,0.0,16.6,0.0,0.04597701149425287,0.0,0.4,0.4,0.0,0,0,0,0,1,0.07692307692307693,0.022988505747126436,0.034482758620689655,0.022988505747126436,0.0,0.0,0.034482758620689655,0.011494252873563218,0.0,2.4,5,19,0.04597701149425287,0.04597701149425287
python,python_497,0,0,0,0,0,0,0.0,17.4,0.0,0.04395604395604396,0.0,0.2,0.2,0.0,0,0,1,1,3,0.21428571428571427,0.01098901098901099,0.02197802197802198,0.0,0.02197802197802198,0.02197802197802198,0.02197802197802198,0.0,0.0,2.4,5,24,0.0,0.01098901098901099
python,python_498,0,0,0,0,0,0,0.0,17.4,0.0,0.02197802197802198,0.0,0.4,0.4,0.0,0,0,1,1,3,0.21428571428571427,0.02197802197802198,0.02197802197802198,0.0,0.02197802197802198,0.0,0.02197802197802198,0.0,0.0,2.4,5,24,0.0,0.01098901098901099
python,python_505,0,0,0,0,0,0,0.0,16.333333333333332,0.0,0.05825242718446602,0.0,0.3333333333333333,0.3333333333333333,0.0,0,0,0,1,2,0.15384615384615385,0.019417475728155338,0.009708737864077669,0.0,0.009708737864077669,0.038834951456310676,0.009708737864077669,0.0,0.0,1.3333333333333333,6,26,0.0,0.02912621359223301
python,python_513,0,0,0,0,0,0,0.0,17.166666666666668,0.0,0.05555555555555555,0.0,0.3333333333333333,0.3333333333333333,0.0,0,1,0,0,1,0.05263157894736842,0.018518518518518517,0.018518518518518517,0.009259259259259259,0.0,0.037037037037037035,0.018518518518518517,0.018518518518518517,0.0,0.0,6,28,0.0,0.07407407407407407
python,python_514,0,0,0,0,0,0,0.0,24.6,0.007874015748031496,0.06299212598425197,0.2,0.2,0.2,0.0,0,0,0,0,2,0.10526315789473684,0.007874015748031496,0.023622047244094488,0.031496062992125984,0.015748031496062992,0.0,0.023622047244094488,0.007874015748031496,0.0,2.4,5,53,0.03937007874015748,0.031496062992125984
python,python_518,0,0,0,0,0,0,0.0,17.0,0.0,0.0449438202247191,0.2,0.2,0.2,0.0,0,0,0,0,2,0.15384615384615385,0.011235955056179775,0.02247191011235955,0.033707865168539325,0.0,0.02247191011235955,0.02247191011235955,0.0,0.0,2.4,5,19,0.0449438202247191,0.0
python,python_519,0,0,0,0,0,0,0.0,25.166666666666668,0.00641025641025641,0.0641025641025641,0.16666666666666666,0.3333333333333333,0.3333333333333333,0.0,0,1,0,0,2,0.08695652173913043,0.01282051282051282,0.0,0.02564102564102564,0.02564102564102564,0.0,0.01282051282051282,0.0,0.0,0.0,6,53,0.02564102564102564,0.0
python,python_535,0,0,0,0,0,0,0.0,20.4,0.0,0.05660377358490566,0.2,0.2,0.2,0.0,0,1,0,0,2,0.11764705882352941,0.009433962264150943,0.009433962264150943,0.02830188679245283,0.018867924528301886,0.018867924528301886,0.02830188679245283,0.009433962264150943,0.0,0.0,5,26,0.02830188679245283,0.03773584905660377
python,python_539,0,0,0,0,0,0,0.0,18.5,0.0,0.034482758620689655,0.16666666666666666,0.3333333333333333,0.3333333333333333,0.0,0,1,0,0,2,0.1,0.017241379310344827,0.008620689655172414,0.017241379310344827,0.0,0.017241379310344827,0.008620689655172414,0.008620689655172414,0.0,0.0,6,28,0.0,0.034482758620689655
python,python_561,0,0,0,0,0,0,0.0,26.2,0.007407407407407408,0.044444444444444446,0.2,0.2,0.2,0.0,0,0,1,1,4,0.19047619047619047,0.007407407407407408,0.022222222222222223,0.014814814814814815,0.02962962962962963,0.0,0.022222222222222223,0.007407407407407408,0.0,2.4,5,53,0.007407407407407408,0.037037037037037035
python,python_575,0,0,0,0,0,0,0.0,26.0,0.007462686567164179,0.04477611940298507,0.2,0.2,0.2,0.0,0,0,1,1,4,0.2,0.007462686567164179,0.014925373134328358,0.014925373134328358,0.029850746268656716,0.0,0.014925373134328358,0.0,0.0,2.4,5,53,0.007462686567164179,0.007462686567164179
python,python_580,0,0,0,0,0,0,0.0,15.666666666666666,0.0,0.04040404040404041,0.16666666666666666,0.3333333333333333,0.3333333333333333,0.0,0,0,0,0,2,0.14285714285714285,0.020202020202020204,0.020202020202020204,0.030303030303030304,0.0,0.0,0.020202020202020204,0.0,0.0,2.0,6,19,0.06060606060606061,0.0
python,python_583,0,0,0,0,0,0,0.0,17.2,0.0,0.044444444444444446,0.0,0.4,0.4,0.0,0,0,0,0,1,0.07692307692307693,0.022222222222222223,0.03333333333333333,0.022222222222222223,0.0,0.0,0.03333333333333333,0.011111111111111112,0.0,2.4,5,19,0.044444444444444446,0.044444444444444446
python,python_596,0,0,0,0,0,0,0.0,18.0,0.0,0.017699115044247787,0.16666666666666666,0.3333333333333333,0.3333333333333333,0.0,0,0,1,1,4,0.25,0.017699115044247787,0.017699115044247787,0.008849557522123894,0.017699115044247787,0.0,0.017699115044247787,0.0,0.0,2.0,6,24,0.017699115044247787,0.008849557522123894
python,python_611,0,0,0,0,0,0,0.0,17.0,0.0,0.0449438202247191,0.0,0.4,0.4,0.0,0,0,0,1,2,0.18181818181818182,0.02247191011235955,0.011235955056179775,0.0,0.011235955056179775,0.02247191011235955,0.011235955056179775,0.0,0.0,1.6,5,26,0.0,0.033707865168539325
python,python_614,0,0,0,0,0,0,0.0,19.8,0.0,0.019417475728155338,0.2,0.2,0.2,0.0,0,0,1,1,4,0.25,0.009708737864077669,0.019417475728155338,0.009708737864077669,0.019417475728155338,0.0,0.019417475728155338,0.0,0.0,2.4,5,25,0.0,0.009708737864077669
python,python_617,0,0,0,0,0,0,0.0,15.8,0.0,0.07228915662650602,0.0,0.2,0.2,0.0,0,0,0,1,2,0.18181818181818182,0.012048192771084338,0.012048192771084338,0.0,0.012048192771084338,0.04819277108433735,0.012048192771084338,0.0,0.0,1.6,5,26,0.0,0.03614457831325301
python,python_618,0,0,0,0,0,0,0.0,18.4,0.0,0.041666666666666664,0.2,0.2,0.2,0.0,0,1,0,0,2,0.11764705882352941,0.010416666666666666,0.010416666666666666,0.020833333333333332,0.0,0.041666666666666664,0.010416666666666666,0.010416666666666666,0.0,0.0,5,28,0.0,0.041666666666666664
python,python_636,0,0,0,0,0,0,0.0,23.833333333333332,0.006756756756756757,0.04054054054054054,0.16666666666666666,0.3333333333333333,0.3333333333333333,0.0,0,0,1,1,4,0.18181818181818182,0.013513513513513514,0.013513513513513514,0.013513513513513514,0.02702702702702703,0.0,0.013513513513513514,0.0,0.0,2.0,6,53,0.006756756756756757,0.006756756756756757
python,python_646,0,0,0,0,0,0,0.0,18.0,0.0,0.0425531914893617,0.0,0.2,0.2,0.0,0,0,1,1,3,0.21428571428571427,0.010638297872340425,0.02127659574468085,0.0,0.02127659574468085,0.02127659574468085,0.02127659574468085,0.0,0.0,2.4,5,24,0.0,0.010638297872340425
python,python_653,0,0,0,0,0,0,0.0,17.0,0.0,0.056074766355140186,0.0,0.3333333333333333,0.3333333333333333,0.0,0,1,0,0,1,0.05555555555555555,0.018691588785046728,0.009345794392523364,0.009345794392523364,0.0,0.037383177570093455,0.009345794392523364,0.009345794392523364,0.0,0.0,6,28,0.0,0.037383177570093455
python,python_658,0,0,0,0,0,0,0.0,23.666666666666668,0.006802721088435374,0.05442176870748299,0.16666666666666666,0.3333333333333333,0.3333333333333333,0.0,0,1,0,0,2,0.08333333333333333,0.013605442176870748,0.006802721088435374,0.02040816326530612,0.013605442176870748,0.013605442176870748,0.006802721088435374,0.006802721088435374,0.0,0.0,6,53,0.006802721088435374,0.027210884353741496
python,python_660,0,0,0,0,0,0,0.0,17.333333333333332,0.0,0.03669724770642202,0.16666666666666666,0.3333333333333333,0.3333333333333333,0.0,0,1,0,0,2,0.1111111111111111,0.01834862385321101,0.009174311926605505,0.01834862385321101,0.0,0.01834862385321101,0.009174311926605505,0.009174311926605505,0.0,0.0,6,28,0.01834862385321101,0.03669724770642202
python,python_683,0,0,0,0,0,0,0.0,16.833333333333332,0.0,0.03773584905660377,0.16666666666666666,0.3333333333333333,0.3333333333333333,0.0,0,1,0,0,2,0.1111111111111111,0.018867924528301886,0.009433962264150943,0.018867924528301886,0.0,0.018867924528301886,0.009433962264150943,0.009433962264150943,0.0,0.0,6,28,0.018867924528301886,0.03773584905660377
python,python_684,0,0,0,0,0,0,0.0,19.0,0.0,0.08080808080808081,0.0,0.2,0.2,0.0,0,1,0,0,1,0.06666666666666667,0.010101010101010102,0.0,0.020202020202020204,0.020202020202020204,0.020202020202020204,0.020202020202020204,0.0,0.0,0.0,5,26,0.030303030303030304,0.0
python,python_709,0,0,0,0,0,0,0.0,18.0,0.0,0.035398230088495575,0.16666666666666666,0.3333333333333333,0.3333333333333333,0.0,0,0,0,1,3,0.1875,0.017699115044247787,0.017699115044247787,0.008849557522123894,0.008849557522123894,0.017699115044247787,0.017699115044247787,0.008849557522123894,0.0,1.3333333333333333,6,26,0.0,0.061946902654867256
python,python_730,0,0,0,0,0,0,0.0,23.333333333333332,0.006896551724137931,0.041379310344827586,0.16666666666666666,0.3333333333333333,0.3333333333333333,0.0,0,0,1,1,4,0.18181818181818182,0.013793103448275862,0.013793103448275862,0.013793103448275862,0.027586206896551724,0.0,0.013793103448275862,0.0,0.0,2.0,6,53,0.006896551724137931,0.006896551724137931
python,python_739,0,0,0,0,0,0,0.0,17.833333333333332,0.0,0.03571428571428571,0.0,0.3333333333333333,0.3333333333333333,0.0,0,0,1,1,3,0.17647058823529413,0.017857142857142856,0.026785714285714284,0.0,0.017857142857142856,0.017857142857142856,0.026785714285714284,0.008928571428571428,0.0,2.0,6,24,0.0,0.044642857142857144
python,python_743,0,0,0,0,0,0,0.0,24.4,0.007936507936507936,0.06349206349206349,0.2,0.2,0.2,0.0,0,0,0,1,3,0.17647058823529413,0.007936507936507936,0.007936507936507936,0.015873015873015872,0.023809523809523808,0.015873015873015872,0.007936507936507936,0.0,0.0,1.6,5,53,0.007936507936507936,0.023809523809523808
python,python_747,0,0,0,0,0,0,0.0,16.5,0.0,0.057692307692307696,0.0,0.3333333333333333,0.3333333333333333,0.0,0,0,0,0,1,0.06666666666666667,0.019230769230769232,0.028846153846153848,0.019230769230769232,0.0,0.019230769230769232,0.028846153846153848,0.009615384615384616,0.0,2.0,6,19,0.038461538461538464,0.038461538461538464
python,python_748,0,0,0,0,0,0,0.0,19.833333333333332,0.0,0.016129032258064516,0.16666666666666666,0.3333333333333333,0.3333333333333333,0.0,0,0,1,1,4,0.21052631578947367,0.016129032258064516,0.024193548387096774,0.008064516129032258,0.016129032258064516,0.0,0.024193548387096774,0.008064516129032258,0.0,2.0,6,25,0.0,0.04032258064516129
python,python_775,0,0,0,0,0,0,0.0,18.0,0.0,0.035398230088495575,0.16666666666666666,0.3333333333333333,0.3333333333333333,0.0,0,1,0,0,2,0.10526315789473684,0.017699115044247787,0.008849557522123894,0.017699115044247787,0.0,0.035398230088495575,0.008849557522123894,0.008849557522123894,0.0,0.0,6,28,0.0,0.035398230088495575
python,python_776,0,0,0,0,0,0,0.0,16.6,0.0,0.06896551724137931,0.0,0.2,0.2,0.0,0,0,0,1,2,0.16666666666666666,0.011494252873563218,0.022988505747126436,0.0,0.011494252873563218,0.04597701149425287,0.022988505747126436,0.011494252873563218,0.0,1.6,5,26,0.0,0.08045977011494253
python,python_778,0,0,0,0,0,0,0.0,20.0,0.0,0.048,0.16666666666666666,0.3333333333333333,0.3333333333333333,0.0,0,1,0,0,2,0.10526315789473684,0.016,0.0,0.024,0.016,0.0,0.016,0.0,0.0,0.0,6,26,0.024,0.0
python,python_786,0,0,0,0,0,0,0.0,16.2,0.0,0.047058823529411764,0.2,0.2,0.2,0.0,0,0,0,1,3,0.2727272727272727,0.011764705882352941,0.011764705882352941,0.011764705882352941,0.011764705882352941,0.023529411764705882,0.011764705882352941,0.0,0.0,1.6,5,26,0.023529411764705882,0.03529411764705882
python,python_792,0,0,0,0,0,0,0.0,17.8,0.0,0.043010752688172046,0.0,0.4,0.4,0.0,0,1,0,0,1,0.0625,0.021505376344086023,0.010752688172043012,0.010752688172043012,0.0,0.021505376344086023,0.010752688172043012,0.010752688172043012,0.0,0.0,5,28,0.0,0.043010752688172046
python,python_799,0,0,0,0,0,0,0.0,24.5,0.006578947368421052,0.039473684210526314,0.16666666666666666,0.3333333333333333,0.3333333333333333,0.0,0,0,1,1,4,0.17391304347826086,0.013157894736842105,0.019736842105263157,0.013157894736842105,0.02631578947368421,0.0,0.019736842105263157,0.006578947368421052,0.0,2.0,6,53,0.006578947368421052,0.03289473684210526
python,python_809,0,0,0,0,0,0,0.0,24.833333333333332,0.006493506493506494,0.06493506493506493,0.16666666666666666,0.3333333333333333,0.3333333333333333,0.0,0,1,0,0,2,0.08333333333333333,0.012987012987012988,0.006493506493506494,0.025974025974025976,0.025974025974025976,0.0,0.01948051948051948,0.006493506493506494,0.0,0.0,6,53,0.025974025974025976,0.025974025974025976
python,python_816,0,0,0,0,0,0,0.0,23.166666666666668,0.006944444444444444,0.05555555555555555,0.16666666666666666,0.3333333333333333,0.3333333333333333,0.0,0,0,0,0,2,0.09523809523809523,0.013888888888888888,0.020833333333333332,0.027777777777777776,0.013888888888888888,0.0,0.020833333333333332,0.006944444444444444,0.0,2.0,6,53,0.034722222222222224,0.027777777777777776
python,python_836,0,0,0,0,0,0,0.0,21.6,0.0,0.05357142857142857,0.2,0.2,0.2,0.0,0,1,0,0,2,0.1111111111111111,0.008928571428571428,0.008928571428571428,0.026785714285714284,0.017857142857142856,0.0,0.026785714285714284,0.008928571428571428,0.0,0.0,5,26,0.026785714285714284,0.03571428571428571
python,python_839,0,0,0,0,0,0,0.0,18.0,0.0,0.02127659574468085,0.0,0.4,0.4,0.0,0,0,1,1,3,0.21428571428571427,0.02127659574468085,0.02127659574468085,0.0,0.02127659574468085,0.0,0.02127659574468085,0.0,0.0,2.4,5,24,0.0,0.010638297872340425
python,python_862,0,0,0,0,0,0,0.0,16.2,0.0,0.047058823529411764,0.2,0.2,0.2,0.0,0,0,0,0,2,0.16666666666666666,0.011764705882352941,0.023529411764705882,0.03529411764705882,0.0,0.0,0.023529411764705882,0.0,0.0,2.4,5,19,0.07058823529411765,0.0
python,python_878,0,0,0,0,0,0,0.0,18.4,0.0,0.020833333333333332,0.2,0.2,0.2,0.0,0,0,1,1,4,0.2857142857142857,0.010416666666666666,0.020833333333333332,0.010416666666666666,0.020833333333333332,0.0,0.020833333333333332,0.0,0.0,2.4,5,24,0.020833333333333332,0.010416666666666666
python,python_881,0,0,0,0,0,0,0.0,24.166666666666668,0.006666666666666667,0.06666666666666667,0.16666666666666666,0.3333333333333333,0.3333333333333333,0.0,0,1,0,0,2,0.08695652173913043,0.013333333333333334,0.0,0.02666666666666667,0.02666666666666667,0.0,0.013333333333333334,0.0,0.0,0.0,6,53,0.02666666666666667,0.0
python,python_892,0,0,0,0,0,0,0.0,19.166666666666668,0.0,0.05,0.16666666666666666,0.3333333333333333,0.3333333333333333,0.0,0,1,0,0,2,0.10526315789473684,0.016666666666666666,0.008333333333333333,0.025,0.016666666666666666,0.016666666666666666,0.025,0.008333333333333333,0.0,0.0,6,26,0.025,0.03333333333333333
python,python_897,0,0,0,0,0,0,0.0,18.4,0.0,0.08333333333333333,0.0,0.2,0.2,0.0,0,1,0,0,1,0.06666666666666667,0.010416666666666666,0.0,0.020833333333333332,0.020833333333333332,0.020833333333333332,0.020833333333333332,0.0,0.0,0.0,5,26,0.03125,0.0
python,python_900,0,0,0,0,0,0,0.0,19.0,0.0,0.06060606060606061,0.0,0.4,0.4,0.0,0,1,0,0,1,0.06666666666666667,0.020202020202020204,0.0,0.020202020202020204,0.020202020202020204,0.0,0.020202020202020204,0.0,0.0,0.0,5,26,0.030303030303030304,0.0
python,python_928,0,0,0,0,0,0,0.0,27.0,0.007194244604316547,0.07194244604316546,0.2,0.2,0.2,0.0,0,1,0,0,2,0.09523809523809523,0.007194244604316547,0.0,0.02877697841726619,0.02877697841726619,0.0,0.014388489208633094,0.0,0.0,0.0,5,53,0.02877697841726619,0.0
python,python_935,0,0,0,0,0,0,0.0,23.8,0.008130081300813009,0.06504065040650407,0.2,0.2,0.2,0.0,0,0,0,0,2,0.1111111111111111,0.008130081300813009,0.016260162601626018,0.032520325203252036,0.016260162601626018,0.0,0.016260162601626018,0.0,0.0,2.4,5,53,0.04065040650406504,0.0
python,python_942,0,0,0,0,0,0,0.0,17.5,0.0,0.01818181818181818,0.16666666666666666,0.3333333333333333,0.3333333333333333,0.0,0,0,1,1,4,0.25,0.01818181818181818,0.01818181818181818,0.00909090909090909,0.01818181818181818,0.0,0.01818181818181818,0.0,0.0,2.0,6,24,0.01818181818181818,0.00909090909090909
python,python_948,0,0,0,0,0,0,0.0,16.2,0.0,0.047058823529411764,0.2,0.2,0.2,0.0,0,0,0,1,3,0.2727272727272727,0.011764705882352941,0.011764705882352941,0.011764705882352941,0.011764705882352941,0.023529411764705882,0.011764705882352941,0.0,0.0,1.6,5,26,0.023529411764705882,0.03529411764705882
python,python_949,0,0,0,0,0,0,0.0,17.2,0.0,0.044444444444444446,0.0,0.4,0.4,0.0,0,1,0,0,1,0.0625,0.022222222222222223,0.011111111111111112,0.011111111111111112,0.0,0.022222222222222223,0.011111111111111112,0.011111111111111112,0.0,0.0,5,28,0.0,0.044444444444444446
python,python_952,0,0,0,0,0,0,0.0,17.0,0.0,0.0449438202247191,0.2,0.2,0.2,0.0,0,0,0,0,2,0.15384615384615385,0.011235955056179775,0.033707865168539325,0.033707865168539325,0.0,0.0,0.033707865168539325,0.011235955056179775,0.0,2.4,5,19,0.06741573033707865,0.0449438202247191
python,python_960,0,0,0,0,0,0,0.0,19.0,0.0,0.04040404040404041,0.2,0.2,0.2,0.0,0,0,0,0,2,0.13333333333333333,0.010101010101010102,0.030303030303030304,0.030303030303030304,0.0,0.0,0.030303030303030304,0.010101010101010102,0.0,2.4,5,25,0.04040404040404041,0.04040404040404041
python,python_970,0,0,0,0,0,0,0.0,17.166666666666668,0.0,0.037037037037037035,0.0,0.3333333333333333,0.3333333333333333,0.0,0,0,1,1,3,0.1875,0.018518518518518517,0.018518518518518517,0.0,0.018518518518518517,0.018518518518518517,0.018518518518518517,0.0,0.0,2.0,6,24,0.0,0.009259259259259259
python,python_971,0,0,0,0,0,0,0.0,18.333333333333332,0.0,0.05217391304347826,0.16666666666666666,0.3333333333333333,0.3333333333333333,0.0,0,1,0,0,2,0.11764705882352941,0.017391304347826087,0.0,0.02608695652173913,0.017391304347826087,0.0,0.017391304347826087,0.0,0.0,0.0,6,26,0.043478260869565216,0.0
java,java_0,0,0,0,0,0,0,0.0,21.0,0.0,0.07633587786259542,0.3333333333333333,0.0,0.0,0.0,0,0,1,0,4,0.26666666666666666,0.0,0.0,0.007633587786259542,0.0,0.015267175572519083,0.04580152671755725,0.0,0.0,2.6666666666666665,6,44,0.015267175572519083,0.03816793893129771
java,java_1,0,0,0,0,0,0,0.0,19.571428571428573,0.027972027972027972,0.06993006993006994,0.14285714285714285,0.2857142857142857,0.2857142857142857,0.0,0,0,1,0,3,0.17647058823529413,0.0,0.0,0.0,0.0,0.013986013986013986,0.04195804195804196,0.0,0.0,2.2857142857142856,7,44,0.0,0.03496503496503497
java,java_2,0,0,0,0,0,0,0.0,14.4,0.013157894736842105,0.10526315789473684,0.4,0.0,0.0,0.0,0,0,0,0,0,0.0,0.0,0.0,0.013157894736842105,0.0,0.0,0.05263157894736842,0.0,0.0,1.6,5,24,0.039473684210526314,0.039473684210526314
java,java_3,0,0,0,0,0,0,0.0,17.833333333333332,0.017857142857142856,0.05357142857142857,0.16666666666666666,0.16666666666666666,0.16666666666666666,0.0,0,0,1,0,4,0.26666666666666666,0.0,0.0,0.0,0.008928571428571428,0.0,0.03571428571428571,0.0,0.0,2.6666666666666665,6,34,0.0,0.008928571428571428
java,java_4,0,0,0,0,0,0,0.0,14.75,0.03225806451612903,0.06451612903225806,0.25,0.25,0.25,0.0,0,0,1,0,2,0.2857142857142857,0.0,0.0,0.0,0.0,0.0,0.03225806451612903,0.0,0.0,1.0,4,26,0.0,0.016129032258064516
java,java_5,0,0,0,0,0,0,0.0,20.666666666666668,0.015503875968992248,0.07751937984496124,0.16666666666666666,0.16666666666666666,0.16666666666666666,0.0,0,0,1,0,3,0.2,0.0,0.0,0.0,0.0,0.015503875968992248,0.046511627906976744,0.0,0.0,2.6666666666666665,6,44,0.0,0.03875968992248062
java,java_6,0,0,0,0,0,0,0.5,30.0,0.06557377049180328,0.06557377049180328,1.0,0.0,0.0,0.0,0,0,0,0,0,0.0,0.0,0.0,0.01639344262295082,0.0,0.03278688524590164,0.0,0.0,0.5,0.0,2,43,0.0,0.08196721311475409
java,java_8,0,0,0,0,0,0,0.0,16.75,0.02857142857142857,0.05714285714285714,0.25,0.25,0.25,0.0,0,0,1,0,2,0.2857142857142857,0.0,0.0,0.0,0.0,0.0,0.02857142857142857,0.0,0.0,1.0,4,26,0.0,0.014285714285714285
java,java_9,0,0,0,0,0,0,0.0,21.285714285714285,0.012903225806451613,0.06451612903225806,0.2857142857142857,0.14285714285714285,0.14285714285714285,0.0,0,0,1,0,4,0.21052631578947367,0.0,0.0,0.0064516129032258064,0.0,0.012903225806451613,0.03870967741935484,0.0,0.0,2.2857142857142856,7,44,0.0,0.03225806451612903
java,java_10,0,0,0,0,0,0,0.0,15.166666666666666,0.010416666666666666,0.08333333333333333,0.5,0.0,0.0,0.0,0,0,0,0,1,0.09090909090909091,0.0,0.0,0.020833333333333332,0.0,0.020833333333333332,0.041666666666666664,0.0,0.0,1.3333333333333333,6,24,0.03125,0.03125
java,java_11,0,0,0,0,0,0,0.25,23.5,0.08247422680412371,0.041237113402061855,0.5,0.5,0.5,0.0,0,0,0,0,0,0.0,0.0,0.0,0.010309278350515464,0.0,0.020618556701030927,0.0,0.0,0.25,0.0,4,43,0.0,0.05154639175257732
java,java_12,0,0,0,0,0,0,0.0,21.833333333333332,0.0,0.08823529411764706,0.3333333333333333,0.0,0.0,0.0,0,0,1,0,3,0.1875,0.0,0.0,0.0,0.0,0.029411764705882353,0.04411764705882353,0.0,0.0,2.6666666666666665,6,44,0.0,0.03676470588235294
java,java_13,0,0,0,0,0,0,0.0,14.833333333333334,0.031914893617021274,0.0851063829787234,0.3333333333333333,0.16666666666666666,0.16666666666666666,0.0,0,0,0,0,0,0.0,0.0,0.0,0.010638297872340425,0.0,0.0,0.0425531914893617,0.0,0.0,1.3333333333333333,6,24,0.031914893617021274,0.07446808510638298
java,java_14,0,0,0,0,0,0,0.3333333333333333,27.0,0.07228915662650602,0.04819277108433735,0.6666666666666666,0.3333333333333333,0.3333333333333333,0.0,0,0,0,0,0,0.0,0.0,0.0,0.012048192771084338,0.0,0.024096385542168676,0.0,0.0,0.3333333333333333,0.0,3,43,0.0,0.060240963855421686
java,java_15,0,0,0,0,0,0,0.0,14.4,0.05263157894736842,0.05263157894736842,0.2,0.4,0.4,0.0,0,0,1,0,2,0.2222222222222222,0.0,0.0,0.0,0.0,0.0,0.02631578947368421,0.0,0.0,0.8,5,26,0.0,0.013157894736842105
java,java_16,0,0,0,0,0,0,0.3333333333333333,25.666666666666668,0.0759493670886076,0.05063291139240506,0.6666666666666666,0.3333333333333333,0.3333333333333333,0.0,0,0,0,0,0,0.0,0.0,0.0,0.012658227848101266,0.0,0.02531645569620253,0.0,0.0,0.3333333333333333,0.0,3,43,0.0,0.11392405063291139
java,java_17,0,0,0,0,0,0,0.0,15.333333333333334,0.0,0.08333333333333333,0.3333333333333333,0.0,0.0,0.0,0,0,1,0,2,0.4,0.0,0.0,0.0,0.0,0.0,0.041666666666666664,0.0,0.0,1.3333333333333333,3,26,0.0,0.020833333333333332
java,java_19,0,0,0,0,0,0,0.0,17.142857142857142,0.031746031746031744,0.047619047619047616,0.14285714285714285,0.2857142857142857,0.2857142857142857,0.0,0,0,1,0,4,0.23529411764705882,0.0,0.0,0.0,0.007936507936507936,0.0,0.031746031746031744,0.0,0.0,2.2857142857142856,7,34,0.0,0.007936507936507936
java,java_20,0,0,0,0,0,0,0.0,15.75,0.030303030303030304,0.06060606060606061,0.25,0.25,0.25,0.0,0,0,1,0,2,0.2857142857142857,0.0,0.0,0.0,0.0,0.0,0.030303030303030304,0.0,0.0,1.0,4,26,0.0,0.07575757575757576
java,java_25,0,0,0,0,0,0,0.25,25.25,0.057692307692307696,0.057692307692307696,0.75,0.25,0.25,0.0,0,0,0,0,0,0.0,0.0,0.0,0.009615384615384616,0.0,0.038461538461538464,0.0,0.0,0.25,0.0,4,43,0.0,0.04807692307692308
java,java_26,0,0,0,0,0,0,0.0,15.5,0.030612244897959183,0.08163265306122448,0.3333333333333333,0.16666666666666666,0.16666666666666666,0.0,0,0,0,0,0,0.0,0.0,0.0,0.01020408163265306,0.0,0.0,0.04081632653061224,0.0,0.0,1.3333333333333333,6,24,0.030612244897959183,0.030612244897959183
java,java_27,0,0,0,0,0,0,0.0,14.285714285714286,0.02830188679245283,0.07547169811320754,0.42857142857142855,0.14285714285714285,0.14285714285714285,0.0,0,0,0,0,1,0.08333333333333333,0.0,0.0,0.018867924528301886,0.0,0.0,0.03773584905660377,0.0,0.0,1.1428571428571428,7,24,0.04716981132075472,0.02830188679245283
java,java_28,0,0,0,0,0,0,0.0,21.666666666666668,0.0,0.07407407407407407,0.3333333333333333,0.0,0.0,0.0,0,0,1,0,4,0.25,0.0,0.0,0.007407407407407408,0.0,0.02962962962962963,0.044444444444444446,0.0,0.0,2.6666666666666665,6,44,0.0,0.037037037037037035
java,java_29,0,0,0,0,0,0,0.0,17.166666666666668,0.018518518518518517,0.05555555555555555,0.16666666666666666,0.16666666666666666,0.16666666666666666,0.0,0,0,1,0,4,0.26666666666666666,0.0,0.0,0.0,0.009259259259259259,0.0,0.037037037037037035,0.0,0.0,2.6666666666666665,6,34,0.0,0.046296296296296294
java,java_30,0,0,0,0,0,0,0.0,20.428571428571427,0.013422818791946308,0.06711409395973154,0.2857142857142857,0.14285714285714285,0.14285714285714285,0.0,0,0,1,0,4,0.2222222222222222,0.0,0.0,0.006711409395973154,0.0,0.026845637583892617,0.040268456375838924,0.0,0.0,2.2857142857142856,7,44,0.0,0.03355704697986577
java,java_34,0,0,0,0,0,0,0.0,15.333333333333334,0.010309278350515464,0.10309278350515463,0.5,0.0,0.0,0.0,0,0,0,0,0,0.0,0.0,0.0,0.010309278350515464,0.0,0.020618556701030927,0.041237113402061855,0.0,0.0,1.3333333333333333,6,24,0.030927835051546393,0.030927835051546393
java,java_36,0,0,0,0,0,0,0.0,15.166666666666666,0.041666666666666664,0.041666666666666664,0.3333333333333333,0.3333333333333333,0.3333333333333333,0.0,0,0,1,0,3,0.25,0.0,0.0,0.010416666666666666,0.0,0.020833333333333332,0.020833333333333332,0.0,0.0,0.6666666666666666,6,26,0.0,0.010416666666666666
java,java_37,0,0,0,0,0,0,0.2,20.2,0.0761904761904762,0.0380952380952381,0.6,0.4,0.4,0.0,0,0,0,0,1,0.07142857142857142,0.0,0.0,0.01904761904761905,0.0,0.01904761904761905,0.0,0.0,0.2,0.0,5,43,0.01904761904761905,0.047619047619047616
java,java_38,0,0,0,0,0,0,0.0,22.2,0.0,0.08695652173913043,0.2,0.0,0.0,0.0,0,0,1,0,3,0.23076923076923078,0.0,0.0,0.0,0.0,0.017391304347826087,0.05217391304347826,0.0,0.0,3.2,5,44,0.0,0.043478260869565216
java,java_40,0,0,0,0,0,0,0.0,14.166666666666666,0.03333333333333333,0.08888888888888889,0.3333333333333333,0.16666666666666666,0.16666666666666666,0.0,0,0,0,0,0,0.0,0.0,0.0,0.011111111111111112,0.0,0.0,0.044444444444444446,0.0,0.0,1.3333333333333333,6,24,0.03333333333333333,0.03333333333333333
java,java_41,0,0,0,0,0,0,0.0,21.333333333333332,0.015037593984962405,0.07518796992481203,0.16666666666666666,0.16666666666666666,0.16666666666666666,0.0,0,0,1,0,3,0.2,0.0,0.0,0.0,0.0,0.015037593984962405,0.045112781954887216,0.0,0.0,2.6666666666666665,6,44,0.0,0.06766917293233082
java,java_44,0,0,0,0,0,0,0.0,21.285714285714285,0.025806451612903226,0.06451612903225806,0.14285714285714285,0.2857142857142857,0.2857142857142857,0.0,0,0,1,0,3,0.17647058823529413,0.0,0.0,0.0,0.0,0.012903225806451613,0.03870967741935484,0.0,0.0,2.2857142857142856,7,44,0.0,0.05806451612903226
java,java_45,0,0,0,0,0,0,0.0,22.0,0.014598540145985401,0.072992700729927,0.16666666666666666,0.16666666666666666,0.16666666666666666,0.0,0,0,1,0,3,0.2,0.0,0.0,0.0,0.0,0.014598540145985401,0.043795620437956206,0.0,0.0,2.6666666666666665,6,44,0.0,0.0364963503649635
java,java_47,0,0,0,0,0,0,0.0,16.4,0.023255813953488372,0.046511627906976744,0.4,0.2,0.2,0.0,0,0,1,0,3,0.3,0.0,0.0,0.011627906976744186,0.0,0.023255813953488372,0.023255813953488372,0.0,0.0,0.8,5,26,0.0,0.05813953488372093
java,java_48,0,0,0,0,0,0,0.0,21.857142857142858,0.012578616352201259,0.06289308176100629,0.2857142857142857,0.14285714285714285,0.14285714285714285,0.0,0,0,1,0,4,0.21052631578947367,0.0,0.0,0.006289308176100629,0.0,0.012578616352201259,0.03773584905660377,0.0,0.0,2.2857142857142856,7,44,0.0,0.05660377358490566
java,java_49,0,0,0,0,0,0,0.25,26.5,0.05504587155963303,0.03669724770642202,0.75,0.25,0.25,0.0,0,0,0,0,1,0.07142857142857142,0.0,0.0,0.01834862385321101,0.0,0.01834862385321101,0.0,0.0,0.25,0.0,4,43,0.0,0.045871559633027525
java,java_50,0,0,0,0,0,0,0.0,16.857142857142858,0.016129032258064516,0.04838709677419355,0.2857142857142857,0.14285714285714285,0.14285714285714285,0.0,0,0,1,0,5,0.2777777777777778,0.0,0.0,0.008064516129032258,0.008064516129032258,0.016129032258064516,0.03225806451612903,0.0,0.0,2.2857142857142856,7,34,0.0,0.008064516129032258
java,java_51,0,0,0,0,0,0,0.0,15.6,0.024390243902439025,0.04878048780487805,0.4,0.2,0.2,0.0,0,0,1,0,3,0.3333333333333333,0.0,0.0,0.012195121951219513,0.0,0.0,0.024390243902439025,0.0,0.0,0.8,5,26,0.024390243902439025,0.06097560975609756
java,java_52,0,0,0,0,0,0,0.0,16.4,0.023255813953488372,0.046511627906976744,0.4,0.2,0.2,0.0,0,0,1,0,3,0.3333333333333333,0.0,0.0,0.011627906976744186,0.0,0.0,0.023255813953488372,0.0,0.0,0.8,5,26,0.023255813953488372,0.011627906976744186
java,java_53,0,0,0,0,0,0,0.0,20.714285714285715,0.026490066225165563,0.06622516556291391,0.14285714285714285,0.2857142857142857,0.2857142857142857,0.0,0,0,1,0,3,0.17647058823529413,0.0,0.0,0.0,0.0,0.013245033112582781,0.039735099337748346,0.0,0.0,2.2857142857142856,7,44,0.0,0.033112582781456956
java,java_54,0,0,0,0,0,0,0.0,18.875,0.0379746835443038,0.0759493670886076,0.375,0.25,0.25,0.0,0,0,0,0,1,0.05,0.0,0.0,0.0189873417721519,0.012658227848101266,0.0,0.02531645569620253,0.0,0.0,1.0,8,53,0.02531645569620253,0.0189873417721519
java,java_59,0,0,0,0,0,0,0.0,16.857142857142858,0.016129032258064516,0.04838709677419355,0.2857142857142857,0.14285714285714285,0.14285714285714285,0.0,0,0,1,0,5,0.29411764705882354,0.0,0.0,0.008064516129032258,0.008064516129032258,0.0,0.03225806451612903,0.0,0.0,2.2857142857142856,7,34,0.016129032258064516,0.04032258064516129
java,java_60,0,0,0,0,0,0,0.0,16.285714285714285,0.016666666666666666,0.05,0.2857142857142857,0.14285714285714285,0.14285714285714285,0.0,0,0,1,0,5,0.29411764705882354,0.0,0.0,0.008333333333333333,0.008333333333333333,0.0,0.03333333333333333,0.0,0.0,2.2857142857142856,7,34,0.016666666666666666,0.008333333333333333
java,java_62,0,0,0,0,0,0,0.0,25.857142857142858,0.016042780748663103,0.0748663101604278,0.2857142857142857,0.14285714285714285,0.14285714285714285,0.0,0,0,1,0,4,0.17391304347826086,0.0,0.0,0.0106951871657754,0.0106951871657754,0.0106951871657754,0.03208556149732621,0.0,0.0,2.2857142857142856,7,53,0.0053475935828877,0.0481283422459893
java,java_63,0,0,0,0,0,0,0.0,21.571428571428573,0.012738853503184714,0.06369426751592357,0.2857142857142857,0.14285714285714285,0.14285714285714285,0.0,0,0,1,0,4,0.2222222222222222,0.0,0.0,0.006369426751592357,0.0,0.025477707006369428,0.03821656050955414,0.0,0.0,2.2857142857142856,7,44,0.0,0.03184713375796178
java,java_64,0,0,0,0,0,0,0.2,22.6,0.06837606837606838,0.03418803418803419,0.6,0.4,0.4,0.0,0,0,0,0,1,0.06666666666666667,0.0,0.0,0.017094017094017096,0.0,0.03418803418803419,0.0,0.0,0.2,0.0,5,43,0.0,0.042735042735042736
java,java_65,0,0,0,0,0,0,0.0,16.571428571428573,0.03278688524590164,0.04918032786885246,0.14285714285714285,0.2857142857142857,0.2857142857142857,0.0,0,0,1,0,4,0.23529411764705882,0.0,0.0,0.0,0.00819672131147541,0.0,0.03278688524590164,0.0,0.0,2.2857142857142856,7,34,0.0,0.040983606557377046
java,java_67,0,0,0,0,0,0,0.0,21.714285714285715,0.012658227848101266,0.0759493670886076,0.2857142857142857,0.14285714285714285,0.14285714285714285,0.0,0,0,1,0,3,0.16666666666666666,0.0,0.0,0.0,0.0,0.02531645569620253,0.0379746835443038,0.0,0.0,2.2857142857142856,7,44,0.0,0.03164556962025317
java,java_68,0,0,0,0,0,0,0.0,20.142857142857142,0.027210884353741496,0.06802721088435375,0.14285714285714285,0.2857142857142857,0.2857142857142857,0.0,0,0,1,0,3,0.17647058823529413,0.0,0.0,0.0,0.0,0.013605442176870748,0.04081632653061224,0.0,0.0,2.2857142857142856,7,44,0.0,0.061224489795918366
java,java_70,0,0,0,0,0,0,0.0,19.714285714285715,0.027777777777777776,0.08333333333333333,0.42857142857142855,0.14285714285714285,0.14285714285714285,0.0,0,0,0,0,1,0.05555555555555555,0.0,0.0,0.020833333333333332,0.013888888888888888,0.0,0.027777777777777776,0.0,0.0,1.1428571428571428,7,53,0.027777777777777776,0.020833333333333332
java,java_71,0,0,0,0,0,0,0.0,15.6,0.024390243902439025,0.04878048780487805,0.4,0.2,0.2,0.0,0,0,1,0,3,0.3333333333333333,0.0,0.0,0.012195121951219513,0.0,0.0,0.024390243902439025,0.0,0.0,0.8,5,26,0.024390243902439025,0.06097560975609756
java,java_72,0,0,0,0,0,0,0.0,23.2,0.025,0.06666666666666667,0.4,0.2,0.2,0.0,0,0,1,0,3,0.2,0.0,0.0,0.016666666666666666,0.016666666666666666,0.0,0.016666666666666666,0.0,0.0,0.8,5,53,0.008333333333333333,0.041666666666666664
java,java_76,0,0,0,0,0,0,0.25,25.25,0.057692307692307696,0.057692307692307696,0.75,0.25,0.25,0.0,0,0,0,0,0,0.0,0.0,0.0,0.009615384615384616,0.0,0.038461538461538464,0.0,0.0,0.25,0.0,4,43,0.0,0.04807692307692308
java,java_77,0,0,0,0,0,0,0.0,17.2,0.022222222222222223,0.044444444444444446,0.4,0.2,0.2,0.0,0,0,1,0,3,0.3,0.0,0.0,0.011111111111111112,0.0,0.022222222222222223,0.022222222222222223,0.0,0.0,0.8,5,26,0.0,0.011111111111111112
java,java_81,0,0,0,0,0,0,0.0,22.285714285714285,0.018518518518518517,0.06172839506172839,0.2857142857142857,0.14285714285714285,0.14285714285714285,0.0,0,0,1,0,5,0.21739130434782608,0.0,0.0,0.012345679012345678,0.018518518518518517,0.0,0.024691358024691357,0.0,0.0,2.2857142857142856,7,53,0.006172839506172839,0.030864197530864196
java,java_82,0,0,0,0,0,0,0.0,21.714285714285715,0.0189873417721519,0.06329113924050633,0.2857142857142857,0.14285714285714285,0.14285714285714285,0.0,0,0,1,0,5,0.21739130434782608,0.0,0.0,0.012658227848101266,0.0189873417721519,0.0,0.02531645569620253,0.0,0.0,2.2857142857142856,7,53,0.006329113924050633,0.006329113924050633
java,java_84,0,0,0,0,0,0,0.0,22.125,0.02717391304347826,0.05434782608695652,0.25,0.25,0.25,0.0,0,0,1,0,5,0.2,0.0,0.0,0.010869565217391304,0.016304347826086956,0.0,0.021739130434782608,0.0,0.0,2.0,8,53,0.005434782608695652,0.02717391304347826
java,java_85,0,0,0,0,0,0,0.0,14.857142857142858,0.02727272727272727,0.07272727272727272,0.42857142857142855,0.14285714285714285,0.14285714285714285,0.0,0,0,0,0,1,0.07692307692307693,0.0,0.0,0.01818181818181818,0.0,0.01818181818181818,0.03636363636363636,0.0,0.0,1.1428571428571428,7,24,0.02727272727272727,0.02727272727272727
java,java_86,0,0,0,0,0,0,0.3333333333333333,24.333333333333332,0.08,0.05333333333333334,0.6666666666666666,0.3333333333333333,0.3333333333333333,0.0,0,0,0,0,0,0.0,0.0,0.0,0.013333333333333334,0.0,0.02666666666666667,0.0,0.0,0.3333333333333333,0.0,3,43,0.0,0.06666666666666667
java,java_89,0,0,0,0,0,0,0.0,16.5,0.019230769230769232,0.057692307692307696,0.16666666666666666,0.16666666666666666,0.16666666666666666,0.0,0,0,1,0,4,0.26666666666666666,0.0,0.0,0.0,0.009615384615384616,0.0,0.038461538461538464,0.0,0.0,2.6666666666666665,6,34,0.0,0.009615384615384616
java,java_90,0,0,0,0,0,0,0.0,15.0,0.02702702702702703,0.09009009009009009,0.42857142857142855,0.14285714285714285,0.14285714285714285,0.0,0,0,0,0,0,0.0,0.0,0.0,0.009009009009009009,0.0,0.018018018018018018,0.036036036036036036,0.0,0.0,1.1428571428571428,7,24,0.02702702702702703,0.02702702702702703
java,java_96,0,0,0,0,0,0,0.0,16.166666666666668,0.00980392156862745,0.0784313725490196,0.5,0.0,0.0,0.0,0,0,0,0,1,0.08333333333333333,0.0,0.0,0.0196078431372549,0.0,0.0,0.0392156862745098,0.0,0.0,1.3333333333333333,6,25,0.029411764705882353,0.029411764705882353
java,java_98,0,0,0,0,0,0,0.0,17.2,0.0,0.06666666666666667,0.2,0.0,0.0,0.0,0,0,1,0,4,0.3076923076923077,0.0,0.0,0.0,0.011111111111111112,0.0,0.044444444444444446,0.0,0.0,3.2,5,34,0.0,0.011111111111111112
java,java_102,0,0,0,0,0,0,0.0,24.0,0.024193548387096774,0.06451612903225806,0.4,0.2,0.2,0.0,0,0,1,0,3,0.2,0.0,0.0,0.016129032258064516,0.016129032258064516,0.0,0.016129032258064516,0.0,0.0,0.8,5,53,0.008064516129032258,0.008064516129032258
java,java_105,0,0,0,0,0,0,0.0,20.714285714285715,0.026490066225165563,0.06622516556291391,0.14285714285714285,0.2857142857142857,0.2857142857142857,0.0,0,0,1,0,3,0.17647058823529413,0.0,0.0,0.0,0.0,0.013245033112582781,0.039735099337748346,0.0,0.0,2.2857142857142856,7,44,0.0,0.08609271523178808
java,java_107,0,0,0,0,0,0,0.3333333333333333,25.0,0.05194805194805195,0.05194805194805195,1.0,0.0,0.0,0.0,0,0,0,0,1,0.1,0.0,0.0,0.025974025974025976,0.0,0.025974025974025976,0.0,0.0,0.3333333333333333,0.0,3,43,0.025974025974025976,0.06493506493506493
java,java_109,0,0,0,0,0,0,0.25,33.5,0.051094890510948905,0.058394160583941604,0.75,0.25,0.25,0.0,0,0,0,0,1,0.05555555555555555,0.0,0.0,0.021897810218978103,0.014598540145985401,0.014598540145985401,0.0,0.0,0.25,0.0,4,53,0.0072992700729927005,0.0364963503649635
java,java_110,0,0,0,0,0,0,0.0,14.857142857142858,0.02727272727272727,0.07272727272727272,0.42857142857142855,0.14285714285714285,0.14285714285714285,0.0,0,0,0,0,1,0.08333333333333333,0.0,0.0,0.01818181818181818,0.0,0.0,0.03636363636363636,0.0,0.0,1.1428571428571428,7,24,0.045454545454545456,0.06363636363636363
java,java_112,0,0,0,0,0,0,0.0,16.571428571428573,0.03278688524590164,0.04918032786885246,0.14285714285714285,0.2857142857142857,0.2857142857142857,0.0,0,0,1,0,4,0.23529411764705882,0.0,0.0,0.0,0.00819672131147541,0.0,0.03278688524590164,0.0,0.0,2.2857142857142856,7,34,0.0,0.040983606557377046
java,java_116,0,0,0,0,0,0,0.0,18.857142857142858,0.014492753623188406,0.043478260869565216,0.2857142857142857,0.14285714285714285,0.14285714285714285,0.0,0,0,1,0,5,0.2631578947368421,0.0,0.0,0.007246376811594203,0.007246376811594203,0.0,0.028985507246376812,0.0,0.0,2.2857142857142856,7,34,0.0,0.007246376811594203
java,java_122,0,0,0,0,0,0,0.0,21.125,0.022727272727272728,0.06818181818181818,0.25,0.25,0.25,0.0,0,0,1,0,3,0.15,0.0,0.0,0.0,0.0,0.022727272727272728,0.03409090909090909,0.0,0.0,2.0,8,44,0.0,0.05113636363636364
java,java_126,0,0,0,0,0,0,0.0,15.6,0.024390243902439025,0.04878048780487805,0.4,0.2,0.2,0.0,0,0,1,0,3,0.3,0.0,0.0,0.012195121951219513,0.0,0.024390243902439025,0.024390243902439025,0.0,0.0,0.8,5,26,0.0,0.012195121951219513
java,java_128,0,0,0,0,0,0,0.0,21.857142857142858,0.012578616352201259,0.06289308176100629,0.2857142857142857,0.14285714285714285,0.14285714285714285,0.0,0,0,1,0,4,0.21052631578947367,0.0,0.0,0.006289308176100629,0.0,0.012578616352201259,0.03773584905660377,0.0,0.0,2.2857142857142856,7,44,0.0,0.05660377358490566
java,java_129,0,0,0,0,0,0,0.0,15.714285714285714,0.04310344827586207,0.06896551724137931,0.2857142857142857,0.2857142857142857,0.2857142857142857,0.0,0,0,0,0,0,0.0,0.0,0.0,0.008620689655172414,0.0,0.0,0.034482758620689655,0.0,0.0,1.1428571428571428,7,24,0.02586206896551724,0.0603448275862069
java,java_131,0,0,0,0,0,0,0.2,28.6,0.061224489795918366,0.05442176870748299,0.6,0.4,0.4,0.0,0,0,0,0,1,0.05,0.0,0.0,0.02040816326530612,0.013605442176870748,0.013605442176870748,0.0,0.0,0.2,0.0,5,53,0.006802721088435374,0.061224489795918366
java,java_134,0,0,0,0,0,0,0.0,15.625,0.03787878787878788,0.06060606060606061,0.375,0.25,0.25,0.0,0,0,0,0,1,0.06666666666666667,0.0,0.0,0.015151515151515152,0.0,0.015151515151515152,0.030303030303030304,0.0,0.0,1.0,8,24,0.022727272727272728,0.022727272727272728
java,java_135,0,0,0,0,0,0,0.0,18.5,0.0,0.05172413793103448,0.3333333333333333,0.0,0.0,0.0,0,0,1,0,5,0.29411764705882354,0.0,0.0,0.008620689655172414,0.008620689655172414,0.0,0.034482758620689655,0.0,0.0,2.6666666666666665,6,34,0.0,0.008620689655172414
java,java_136,0,0,0,0,0,0,0.0,16.285714285714285,0.041666666666666664,0.06666666666666667,0.2857142857142857,0.2857142857142857,0.2857142857142857,0.0,0,0,0,0,0,0.0,0.0,0.0,0.008333333333333333,0.0,0.0,0.03333333333333333,0.0,0.0,1.1428571428571428,7,24,0.025,0.025
java,java_138,0,0,0,0,0,0,0.0,21.0,0.013071895424836602,0.06535947712418301,0.2857142857142857,0.14285714285714285,0.14285714285714285,0.0,0,0,1,0,4,0.2222222222222222,0.0,0.0,0.006535947712418301,0.0,0.026143790849673203,0.0392156862745098,0.0,0.0,2.2857142857142856,7,44,0.0,0.058823529411764705
java,java_139,0,0,0,0,0,0,0.0,16.142857142857142,0.025210084033613446,0.08403361344537816,0.42857142857142855,0.14285714285714285,0.14285714285714285,0.0,0,0,0,0,0,0.0,0.0,0.0,0.008403361344537815,0.0,0.01680672268907563,0.03361344537815126,0.0,0.0,1.1428571428571428,7,24,0.025210084033613446,0.025210084033613446
java,java_142,0,0,0,0,0,0,0.0,23.166666666666668,0.006944444444444444,0.06944444444444445,0.3333333333333333,0.0,0.0,0.0,0,0,1,0,5,0.23809523809523808,0.0,0.0,0.013888888888888888,0.020833333333333332,0.0,0.027777777777777776,0.0,0.0,2.6666666666666665,6,53,0.006944444444444444,0.006944444444444444
java,java_143,0,0,0,0,0,0,0.0,16.0,0.025423728813559324,0.06779661016949153,0.42857142857142855,0.14285714285714285,0.14285714285714285,0.0,0,0,0,0,1,0.07692307692307693,0.0,0.0,0.01694915254237288,0.0,0.01694915254237288,0.03389830508474576,0.0,0.0,1.1428571428571428,7,24,0.025423728813559324,0.025423728813559324
java,java_145,0,0,0,0,0,0,0.0,17.166666666666668,0.037037037037037035,0.037037037037037035,0.3333333333333333,0.3333333333333333,0.3333333333333333,0.0,0,0,1,0,3,0.25,0.0,0.0,0.009259259259259259,0.0,0.018518518518518517,0.018518518518518517,0.0,0.0,0.6666666666666666,6,26,0.0,0.046296296296296294
java,java_146,0,0,0,0,0,0,0.25,31.5,0.05426356589147287,0.06201550387596899,0.75,0.25,0.25,0.0,0,0,0,0,1,0.05555555555555555,0.0,0.0,0.023255813953488372,0.015503875968992248,0.015503875968992248,0.0,0.0,0.25,0.0,4,53,0.007751937984496124,0.03875968992248062
java,java_147,0,0,0,0,0,0,0.25,24.5,0.07920792079207921,0.039603960396039604,0.5,0.5,0.5,0.0,0,0,0,0,0,0.0,0.0,0.0,0.009900990099009901,0.0,0.019801980198019802,0.0,0.0,0.25,0.0,4,43,0.0,0.0891089108910891
java,java_149,0,0,0,0,0,0,0.0,16.142857142857142,0.025210084033613446,0.08403361344537816,0.42857142857142855,0.14285714285714285,0.14285714285714285,0.0,0,0,0,0,0,0.0,0.0,0.0,0.008403361344537815,0.0,0.01680672268907563,0.03361344537815126,0.0,0.0,1.1428571428571428,7,24,0.025210084033613446,0.025210084033613446
java,java_151,0,0,0,0,0,0,0.25,25.5,0.0761904761904762,0.0380952380952381,0.5,0.5,0.5,0.0,0,0,0,0,0,0.0,0.0,0.0,0.009523809523809525,0.0,0.01904761904761905,0.0,0.0,0.25,0.0,4,43,0.0,0.047619047619047616
java,java_155,0,0,0,0,0,0,0.0,16.0,0.025423728813559324,0.06779661016949153,0.42857142857142855,0.14285714285714285,0.14285714285714285,0.0,0,0,0,0,1,0.07692307692307693,0.0,0.0,0.01694915254237288,0.0,0.01694915254237288,0.03389830508474576,0.0,0.0,1.1428571428571428,7,24,0.025423728813559324,0.025423728813559324
java,java_156,0,0,0,0,0,0,0.0,21.0,0.022857142857142857,0.05714285714285714,0.25,0.25,0.25,0.0,0,0,1,0,4,0.2,0.0,0.0,0.005714285714285714,0.0,0.022857142857142857,0.03428571428571429,0.0,0.0,2.0,8,44,0.0,0.05142857142857143
java,java_161,0,0,0,0,0,0,0.25,24.0,0.06060606060606061,0.04040404040404041,0.75,0.25,0.25,0.0,0,0,0,0,1,0.07692307692307693,0.0,0.0,0.020202020202020204,0.0,0.04040404040404041,0.0,0.0,0.25,0.0,4,43,0.0,0.09090909090909091
java,java_162,0,0,0,0,0,0,0.25,22.5,0.08602150537634409,0.043010752688172046,0.5,0.5,0.5,0.0,0,0,0,0,0,0.0,0.0,0.0,0.010752688172043012,0.0,0.021505376344086023,0.0,0.0,0.25,0.0,4,43,0.0,0.0967741935483871
java,java_166,0,0,0,0,0,0,0.0,17.714285714285715,0.03076923076923077,0.046153846153846156,0.14285714285714285,0.2857142857142857,0.2857142857142857,0.0,0,0,1,0,4,0.23529411764705882,0.0,0.0,0.0,0.007692307692307693,0.0,0.03076923076923077,0.0,0.0,2.2857142857142856,7,34,0.0,0.038461538461538464
java,java_170,0,0,0,0,0,0,0.0,15.25,0.03875968992248062,0.07751937984496124,0.375,0.25,0.25,0.0,0,0,0,0,0,0.0,0.0,0.0,0.007751937984496124,0.0,0.015503875968992248,0.031007751937984496,0.0,0.0,1.0,8,24,0.023255813953488372,0.05426356589147287
java,java_173,0,0,0,0,0,0,0.0,17.428571428571427,0.015625,0.046875,0.2857142857142857,0.14285714285714285,0.14285714285714285,0.0,0,0,1,0,5,0.29411764705882354,0.0,0.0,0.0078125,0.0078125,0.0,0.03125,0.0,0.0,2.2857142857142856,7,34,0.015625,0.0078125
java,java_175,0,0,0,0,0,0,0.0,20.5,0.023391812865497075,0.05847953216374269,0.25,0.25,0.25,0.0,0,0,1,0,4,0.2,0.0,0.0,0.005847953216374269,0.0,0.023391812865497075,0.03508771929824561,0.0,0.0,2.0,8,44,0.0,0.029239766081871343
java,java_177,0,0,0,0,0,0,0.0,15.166666666666666,0.041666666666666664,0.041666666666666664,0.3333333333333333,0.3333333333333333,0.3333333333333333,0.0,0,0,1,0,3,0.2727272727272727,0.0,0.0,0.010416666666666666,0.0,0.0,0.020833333333333332,0.0,0.0,0.6666666666666666,6,26,0.020833333333333332,0.052083333333333336
java,java_182,0,0,0,0,0,0,0.0,14.857142857142858,0.02727272727272727,0.07272727272727272,0.42857142857142855,0.14285714285714285,0.14285714285714285,0.0,0,0,0,0,1,0.07692307692307693,0.0,0.0,0.01818181818181818,0.0,0.01818181818181818,0.03636363636363636,0.0,0.0,1.1428571428571428,7,24,0.02727272727272727,0.02727272727272727
java,java_187,0,0,0,0,0,0,0.0,21.285714285714285,0.012903225806451613,0.06451612903225806,0.2857142857142857,0.14285714285714285,0.14285714285714285,0.0,0,0,1,0,4,0.21052631578947367,0.0,0.0,0.0064516129032258064,0.0,0.012903225806451613,0.03870967741935484,0.0,0.0,2.2857142857142856,7,44,0.0,0.03225806451612903
java,java_189,0,0,0,0,0,0,0.0,20.75,0.023121387283236993,0.057803468208092484,0.25,0.25,0.25,0.0,0,0,1,0,4,0.19047619047619047,0.0,0.0,0.005780346820809248,0.0,0.011560693641618497,0.03468208092485549,0.0,0.0,2.0,8,44,0.0,0.05202312138728324
java,java_190,0,0,0,0,0,0,0.0,21.857142857142858,0.025157232704402517,0.06289308176100629,0.14285714285714285,0.2857142857142857,0.2857142857142857,0.0,0,0,1,0,3,0.17647058823529413,0.0,0.0,0.0,0.0,0.012578616352201259,0.03773584905660377,0.0,0.0,2.2857142857142856,7,44,0.0,0.031446540880503145
java,java_195,0,0,0,0,0,0,0.0,15.428571428571429,0.02631578947368421,0.07017543859649122,0.42857142857142855,0.14285714285714285,0.14285714285714285,0.0,0,0,0,0,1,0.08333333333333333,0.0,0.0,0.017543859649122806,0.0,0.0,0.03508771929824561,0.0,0.0,1.1428571428571428,7,24,0.043859649122807015,0.02631578947368421
java,java_197,0,0,0,0,0,0,0.0,21.25,0.022598870056497175,0.05649717514124294,0.25,0.25,0.25,0.0,0,0,1,0,4,0.19047619047619047,0.0,0.0,0.005649717514124294,0.0,0.011299435028248588,0.03389830508474576,0.0,0.0,2.0,8,44,0.0,0.02824858757062147
java,java_198,0,0,0,0,0,0,0.3333333333333333,26.333333333333332,0.04938271604938271,0.04938271604938271,1.0,0.0,0.0,0.0,0,0,0,0,1,0.09090909090909091,0.0,0.0,0.024691358024691357,0.0,0.04938271604938271,0.0,0.0,0.3333333333333333,0.0,3,43,0.0,0.06172839506172839
java,java_209,0,0,0,0,0,0,0.0,18.285714285714285,0.014925373134328358,0.04477611940298507,0.2857142857142857,0.14285714285714285,0.14285714285714285,0.0,0,0,1,0,5,0.2631578947368421,0.0,0.0,0.007462686567164179,0.007462686567164179,0.0,0.029850746268656716,0.0,0.0,2.2857142857142856,7,34,0.0,0.03731343283582089
java,java_211,0,0,0,0,0,0,0.0,20.142857142857142,0.027210884353741496,0.06802721088435375,0.14285714285714285,0.2857142857142857,0.2857142857142857,0.0,0,0,1,0,3,0.17647058823529413,0.0,0.0,0.0,0.0,0.013605442176870748,0.04081632653061224,0.0,0.0,2.2857142857142856,7,44,0.0,0.061224489795918366
java,java_221,0,0,0,0,0,0,0.3333333333333333,28.333333333333332,0.04597701149425287,0.04597701149425287,1.0,0.0,0.0,0.0,0,0,0,0,1,0.08333333333333333,0.0,0.0,0.022988505747126436,0.0,0.022988505747126436,0.0,0.0,0.3333333333333333,0.0,3,43,0.0,0.05747126436781609
java,java_223,0,0,0,0,0,0,0.25,24.25,0.06,0.06,0.75,0.25,0.25,0.0,0,0,0,0,0,0.0,0.0,0.0,0.01,0.0,0.04,0.0,0.0,0.25,0.0,4,43,0.0,0.09
java,java_224,0,0,0,0,0,0,0.0,20.833333333333332,0.015384615384615385,0.09230769230769231,0.5,0.0,0.0,0.0,0,0,0,0,1,0.0625,0.0,0.0,0.023076923076923078,0.015384615384615385,0.0,0.03076923076923077,0.0,0.0,1.3333333333333333,6,53,0.03076923076923077,0.023076923076923078
java,java_230,0,0,0,0,0,0,0.25,32.5,0.05263157894736842,0.06015037593984962,0.75,0.25,0.25,0.0,0,0,0,0,1,0.05555555555555555,0.0,0.0,0.022556390977443608,0.015037593984962405,0.015037593984962405,0.0,0.0,0.25,0.0,4,53,0.007518796992481203,0.06766917293233082
java,java_231,0,0,0,0,0,0,0.25,22.0,0.06593406593406594,0.04395604395604396,0.75,0.25,0.25,0.0,0,0,0,0,1,0.08333333333333333,0.0,0.0,0.02197802197802198,0.0,0.02197802197802198,0.0,0.0,0.25,0.0,4,43,0.02197802197802198,0.054945054945054944
java,java_234,0,0,0,0,0,0,0.0,14.571428571428571,0.046296296296296294,0.07407407407407407,0.2857142857142857,0.2857142857142857,0.2857142857142857,0.0,0,0,0,0,0,0.0,0.0,0.0,0.009259259259259259,0.0,0.0,0.037037037037037035,0.0,0.0,1.1428571428571428,7,24,0.027777777777777776,0.06481481481481481
java,java_236,0,0,0,0,0,0,0.25,21.5,0.0898876404494382,0.0449438202247191,0.5,0.5,0.5,0.0,0,0,0,0,0,0.0,0.0,0.0,0.011235955056179775,0.0,0.02247191011235955,0.0,0.0,0.25,0.0,4,43,0.0,0.056179775280898875
java,java_237,0,0,0,0,0,0,0.2,30.2,0.05806451612903226,0.05161290322580645,0.6,0.4,0.4,0.0,0,0,0,0,1,0.05,0.0,0.0,0.01935483870967742,0.012903225806451613,0.012903225806451613,0.0,0.0,0.2,0.0,5,53,0.0064516129032258064,0.05806451612903226
java,java_238,0,0,0,0,0,0,0.0,16.0,0.03389830508474576,0.05084745762711865,0.14285714285714285,0.2857142857142857,0.2857142857142857,0.0,0,0,1,0,4,0.23529411764705882,0.0,0.0,0.0,0.00847457627118644,0.0,0.03389830508474576,0.0,0.0,2.2857142857142856,7,34,0.0,0.00847457627118644
java,java_242,0,0,0,0,0,0,0.0,14.285714285714286,0.02830188679245283,0.07547169811320754,0.42857142857142855,0.14285714285714285,0.14285714285714285,0.0,0,0,0,0,1,0.08333333333333333,0.0,0.0,0.018867924528301886,0.0,0.0,0.03773584905660377,0.0,0.0,1.1428571428571428,7,24,0.04716981132075472,0.02830188679245283
java,java_243,0,0,0,0,0,0,0.0,15.714285714285714,0.02586206896551724,0.06896551724137931,0.42857142857142855,0.14285714285714285,0.14285714285714285,0.0,0,0,0,0,1,0.07142857142857142,0.0,0.0,0.017241379310344827,0.0,0.0,0.034482758620689655,0.0,0.0,1.1428571428571428,7,25,0.02586206896551724,0.02586206896551724
java,java_244,0,0,0,0,0,0,0.0,17.142857142857142,0.031746031746031744,0.047619047619047616,0.14285714285714285,0.2857142857142857,0.2857142857142857,0.0,0,0,1,0,4,0.23529411764705882,0.0,0.0,0.0,0.007936507936507936,0.0,0.031746031746031744,0.0,0.0,2.2857142857142856,7,34,0.0,0.07142857142857142
java,java_245,0,0,0,0,0,0,0.0,17.5,0.027210884353741496,0.05442176870748299,0.25,0.25,0.25,0.0,0,0,1,0,4,0.2,0.0,0.0,0.0,0.006802721088435374,0.013605442176870748,0.027210884353741496,0.0,0.0,2.0,8,34,0.0,0.006802721088435374
java,java_248,0,0,0,0,0,0,0.0,22.4,0.02586206896551724,0.06896551724137931,0.4,0.2,0.2,0.0,0,0,1,0,3,0.2,0.0,0.0,0.017241379310344827,0.017241379310344827,0.0,0.017241379310344827,0.0,0.0,0.8,5,53,0.008620689655172414,0.008620689655172414
java,java_249,0,0,0,0,0,0,0.0,18.142857142857142,0.015037593984962405,0.06015037593984962,0.2857142857142857,0.14285714285714285,0.14285714285714285,0.0,0,0,1,0,4,0.2222222222222222,0.0,0.0,0.0,0.007518796992481203,0.015037593984962405,0.03007518796992481,0.0,0.0,2.2857142857142856,7,34,0.0,0.007518796992481203
java,java_264,0,0,0,0,0,0,0.0,14.5,0.010869565217391304,0.08695652173913043,0.5,0.0,0.0,0.0,0,0,0,0,1,0.1,0.0,0.0,0.021739130434782608,0.0,0.0,0.043478260869565216,0.0,0.0,1.3333333333333333,6,24,0.05434782608695652,0.03260869565217391
java,java_266,0,0,0,0,0,0,0.0,17.0,0.016,0.064,0.2857142857142857,0.14285714285714285,0.14285714285714285,0.0,0,0,1,0,4,0.2222222222222222,0.0,0.0,0.0,0.008,0.016,0.032,0.0,0.0,2.2857142857142856,7,34,0.0,0.008
java,java_268,0,0,0,0,0,0,0.0,20.375,0.03529411764705882,0.07058823529411765,0.375,0.25,0.25,0.0,0,0,0,0,1,0.05,0.0,0.0,0.01764705882352941,0.011764705882352941,0.0,0.023529411764705882,0.0,0.0,1.0,8,53,0.023529411764705882,0.041176470588235294
java,java_270,0,0,0,0,0,0,0.0,16.0,0.047619047619047616,0.047619047619047616,0.2,0.4,0.4,0.0,0,0,1,0,2,0.2222222222222222,0.0,0.0,0.0,0.0,0.0,0.023809523809523808,0.0,0.0,0.8,5,26,0.0,0.011904761904761904
java,java_275,0,0,0,0,0,0,0.0,15.8,0.024096385542168676,0.07228915662650602,0.4,0.2,0.2,0.0,0,0,1,0,2,0.2,0.0,0.0,0.0,0.0,0.024096385542168676,0.024096385542168676,0.0,0.0,0.8,5,26,0.0,0.012048192771084338
java,java_280,0,0,0,0,0,0,0.0,15.571428571428571,0.02608695652173913,0.08695652173913043,0.42857142857142855,0.14285714285714285,0.14285714285714285,0.0,0,0,0,0,0,0.0,0.0,0.0,0.008695652173913044,0.0,0.017391304347826087,0.034782608695652174,0.0,0.0,1.1428571428571428,7,24,0.02608695652173913,0.06086956521739131
java,java_281,0,0,0,0,0,0,0.0,17.714285714285715,0.03076923076923077,0.046153846153846156,0.14285714285714285,0.2857142857142857,0.2857142857142857,0.0,0,0,1,0,4,0.23529411764705882,0.0,0.0,0.0,0.007692307692307693,0.0,0.03076923076923077,0.0,0.0,2.2857142857142856,7,34,0.0,0.038461538461538464
java,java_286,0,0,0,0,0,0,0.0,15.25,0.0,0.0625,0.5,0.0,0.0,0.0,0,0,1,0,3,0.42857142857142855,0.0,0.0,0.015625,0.0,0.0,0.03125,0.0,0.0,1.0,4,26,0.03125,0.015625
java,java_292,0,0,0,0,0,0,0.0,17.875,0.02666666666666667,0.04,0.25,0.25,0.25,0.0,0,0,1,0,5,0.25,0.0,0.0,0.006666666666666667,0.006666666666666667,0.013333333333333334,0.02666666666666667,0.0,0.0,2.0,8,34,0.0,0.03333333333333333
java,java_293,0,0,0,0,0,0,0.0,25.285714285714285,0.01639344262295082,0.07650273224043716,0.2857142857142857,0.14285714285714285,0.14285714285714285,0.0,0,0,1,0,4,0.17391304347826086,0.0,0.0,0.01092896174863388,0.01092896174863388,0.01092896174863388,0.03278688524590164,0.0,0.0,2.2857142857142856,7,53,0.00546448087431694,0.0273224043715847
java,java_294,0,0,0,0,0,0,0.0,17.714285714285715,0.015384615384615385,0.046153846153846156,0.2857142857142857,0.14285714285714285,0.14285714285714285,0.0,0,0,1,0,5,0.2631578947368421,0.0,0.0,0.007692307692307693,0.007692307692307693,0.0,0.03076923076923077,0.0,0.0,2.2857142857142856,7,34,0.0,0.007692307692307693
java,java_297,0,0,0,0,0,0,0.0,20.714285714285715,0.026490066225165563,0.06622516556291391,0.14285714285714285,0.2857142857142857,0.2857142857142857,0.0,0,0,1,0,3,0.17647058823529413,0.0,0.0,0.0,0.0,0.013245033112582781,0.039735099337748346,0.0,0.0,2.2857142857142856,7,44,0.0,0.033112582781456956
java,java_305,0,0,0,0,0,0,0.0,17.6,0.043478260869565216,0.043478260869565216,0.2,0.4,0.4,0.0,0,0,1,0,2,0.2222222222222222,0.0,0.0,0.0,0.0,0.0,0.021739130434782608,0.0,0.0,0.8,5,26,0.0,0.010869565217391304
java,java_310,0,0,0,0,0,0,0.0,21.0,0.013071895424836602,0.06535947712418301,0.2857142857142857,0.14285714285714285,0.14285714285714285,0.0,0,0,1,0,4,0.23529411764705882,0.0,0.0,0.006535947712418301,0.0,0.013071895424836602,0.0392156862745098,0.0,0.0,2.2857142857142856,7,44,0.013071895424836602,0.032679738562091505
java,java_312,0,0,0,0,0,0,0.0,18.0,0.035398230088495575,0.05309734513274336,0.3333333333333333,0.3333333333333333,0.3333333333333333,0.0,0,0,1,0,2,0.16666666666666666,0.0,0.0,0.0,0.0,0.017699115044247787,0.017699115044247787,0.0,0.0,0.6666666666666666,6,26,0.0,0.008849557522123894
java,java_314,0,0,0,0,0,0,0.0,19.714285714285715,0.027777777777777776,0.08333333333333333,0.42857142857142855,0.14285714285714285,0.14285714285714285,0.0,0,0,0,0,1,0.05555555555555555,0.0,0.0,0.020833333333333332,0.013888888888888888,0.0,0.027777777777777776,0.0,0.0,1.1428571428571428,7,53,0.027777777777777776,0.020833333333333332
java,java_318,0,0,0,0,0,0,0.0,17.6,0.021739130434782608,0.043478260869565216,0.4,0.2,0.2,0.0,0,0,1,0,3,0.2727272727272727,0.0,0.0,0.010869565217391304,0.0,0.0,0.021739130434782608,0.0,0.0,0.8,5,26,0.0,0.05434782608695652
java,java_326,0,0,0,0,0,0,0.0,16.833333333333332,0.03773584905660377,0.03773584905660377,0.3333333333333333,0.3333333333333333,0.3333333333333333,0.0,0,0,1,0,3,0.23076923076923078,0.0,0.0,0.009433962264150943,0.0,0.0,0.018867924528301886,0.0,0.0,0.6666666666666666,6,26,0.0,0.04716981132075472
java,java_327,0,0,0,0,0,0,0.25,32.5,0.05263157894736842,0.06015037593984962,0.75,0.25,0.25,0.0,0,0,0,0,1,0.05555555555555555,0.0,0.0,0.022556390977443608,0.015037593984962405,0.015037593984962405,0.0,0.0,0.25,0.0,4,53,0.007518796992481203,0.06766917293233082
java,java_328,0,0,0,0,0,0,0.25,25.0,0.05825242718446602,0.038834951456310676,0.75,0.25,0.25,0.0,0,0,0,0,1,0.07692307692307693,0.0,0.0,0.019417475728155338,0.0,0.038834951456310676,0.0,0.0,0.25,0.0,4,43,0.0,0.04854368932038835
java,java_331,0,0,0,0,0,0,0.0,15.714285714285714,0.04310344827586207,0.06896551724137931,0.2857142857142857,0.2857142857142857,0.2857142857142857,0.0,0,0,0,0,0,0.0,0.0,0.0,0.008620689655172414,0.0,0.0,0.034482758620689655,0.0,0.0,1.1428571428571428,7,24,0.02586206896551724,0.0603448275862069
java,java_333,0,0,0,0,0,0,0.25,23.5,0.08247422680412371,0.041237113402061855,0.5,0.5,0.5,0.0,0,0,0,0,0,0.0,0.0,0.0,0.010309278350515464,0.0,0.020618556701030927,0.0,0.0,0.25,0.0,4,43,0.0,0.05154639175257732
java,java_335,0,0,0,0,0,0,0.2,22.8,0.06779661016949153,0.05084745762711865,0.6,0.4,0.4,0.0,0,0,0,0,0,0.0,0.0,0.0,0.00847457627118644,0.0,0.03389830508474576,0.0,0.0,0.2,0.0,5,43,0.0,0.11016949152542373
java,java_336,0,0,0,0,0,0,0.0,17.4,0.02197802197802198,0.06593406593406594,0.4,0.2,0.2,0.0,0,0,1,0,2,0.2,0.0,0.0,0.0,0.0,0.02197802197802198,0.02197802197802198,0.0,0.0,0.8,5,26,0.0,0.01098901098901099
java,java_339,0,0,0,0,0,0,0.25,25.5,0.05714285714285714,0.0380952380952381,0.75,0.25,0.25,0.0,0,0,0,0,1,0.07142857142857142,0.0,0.0,0.01904761904761905,0.0,0.01904761904761905,0.0,0.0,0.25,0.0,4,43,0.0,0.08571428571428572
java,java_340,0,0,0,0,0,0,0.0,18.0,0.015151515151515152,0.045454545454545456,0.2857142857142857,0.14285714285714285,0.14285714285714285,0.0,0,0,1,0,5,0.2777777777777778,0.0,0.0,0.007575757575757576,0.007575757575757576,0.015151515151515152,0.030303030303030304,0.0,0.0,2.2857142857142856,7,34,0.0,0.007575757575757576
java,java_342,0,0,0,0,0,0,0.0,16.833333333333332,0.0,0.05660377358490566,0.3333333333333333,0.0,0.0,0.0,0,0,1,0,5,0.3333333333333333,0.0,0.0,0.009433962264150943,0.009433962264150943,0.0,0.03773584905660377,0.0,0.0,2.6666666666666665,6,34,0.018867924528301886,0.009433962264150943
java,java_344,0,0,0,0,0,0,0.0,16.285714285714285,0.016666666666666666,0.05,0.2857142857142857,0.14285714285714285,0.14285714285714285,0.0,0,0,1,0,5,0.29411764705882354,0.0,0.0,0.008333333333333333,0.008333333333333333,0.0,0.03333333333333333,0.0,0.0,2.2857142857142856,7,34,0.016666666666666666,0.008333333333333333
java,java_348,0,0,0,0,0,0,0.0,14.8,0.02564102564102564,0.05128205128205128,0.4,0.2,0.2,0.0,0,0,1,0,3,0.3333333333333333,0.0,0.0,0.01282051282051282,0.0,0.0,0.02564102564102564,0.0,0.0,0.8,5,26,0.02564102564102564,0.01282051282051282
java,java_351,0,0,0,0,0,0,0.0,16.125,0.03676470588235294,0.058823529411764705,0.375,0.25,0.25,0.0,0,0,0,0,1,0.06666666666666667,0.0,0.0,0.014705882352941176,0.0,0.014705882352941176,0.029411764705882353,0.0,0.0,1.0,8,24,0.022058823529411766,0.051470588235294115
java,java_353,0,0,0,0,0,0,0.0,16.8,0.045454545454545456,0.045454545454545456,0.2,0.4,0.4,0.0,0,0,1,0,2,0.2222222222222222,0.0,0.0,0.0,0.0,0.0,0.022727272727272728,0.0,0.0,0.8,5,26,0.0,0.056818181818181816
java,java_361,0,0,0,0,0,0,0.0,16.5,0.038461538461538464,0.038461538461538464,0.3333333333333333,0.3333333333333333,0.3333333333333333,0.0,0,0,1,0,3,0.25,0.0,0.0,0.009615384615384616,0.0,0.019230769230769232,0.019230769230769232,0.0,0.0,0.6666666666666666,6,26,0.0,0.009615384615384616
java,java_364,0,0,0,0,0,0,0.0,21.75,0.022099447513812154,0.055248618784530384,0.25,0.25,0.25,0.0,0,0,1,0,4,0.19047619047619047,0.0,0.0,0.0055248618784530384,0.0,0.011049723756906077,0.03314917127071823,0.0,0.0,2.0,8,44,0.0,0.049723756906077346
java,java_365,0,0,0,0,0,0,0.0,23.2,0.025,0.06666666666666667,0.4,0.2,0.2,0.0,0,0,1,0,3,0.2,0.0,0.0,0.016666666666666666,0.016666666666666666,0.0,0.016666666666666666,0.0,0.0,0.8,5,53,0.008333333333333333,0.041666666666666664
java,java_366,0,0,0,0,0,0,0.0,22.428571428571427,0.012269938650306749,0.06134969325153374,0.2857142857142857,0.14285714285714285,0.14285714285714285,0.0,0,0,1,0,4,0.21052631578947367,0.0,0.0,0.006134969325153374,0.0,0.012269938650306749,0.03680981595092025,0.0,0.0,2.2857142857142856,7,44,0.0,0.03067484662576687
java,java_375,0,0,0,0,0,0,0.25,24.5,0.0594059405940594,0.039603960396039604,0.75,0.25,0.25,0.0,0,0,0,0,1,0.07142857142857142,0.0,0.0,0.019801980198019802,0.0,0.019801980198019802,0.0,0.0,0.25,0.0,4,43,0.0,0.04950495049504951
java,java_376,0,0,0,0,0,0,0.0,16.5,0.0,0.08695652173913043,0.5,0.0,0.0,0.0,0,0,1,0,2,0.25,0.0,0.0,0.0,0.0,0.028985507246376812,0.028985507246376812,0.0,0.0,1.0,4,26,0.0,0.014492753623188406
java,java_391,0,0,0,0,0,0,0.0,14.0,0.04807692307692308,0.07692307692307693,0.2857142857142857,0.2857142857142857,0.2857142857142857,0.0,0,0,0,0,0,0.0,0.0,0.0,0.009615384615384616,0.0,0.0,0.038461538461538464,0.0,0.0,1.1428571428571428,7,24,0.028846153846153848,0.028846153846153848
java,java_393,0,0,0,0,0,0,0.0,16.833333333333332,0.03773584905660377,0.03773584905660377,0.3333333333333333,0.3333333333333333,0.3333333333333333,0.0,0,0,1,0,3,0.23076923076923078,0.0,0.0,0.009433962264150943,0.0,0.0,0.018867924528301886,0.0,0.0,0.6666666666666666,6,26,0.0,0.04716981132075472
java,java_394,0,0,0,0,0,0,0.0,20.375,0.03529411764705882,0.07058823529411765,0.375,0.25,0.25,0.0,0,0,0,0,1,0.05,0.0,0.0,0.01764705882352941,0.011764705882352941,0.0,0.023529411764705882,0.0,0.0,1.0,8,53,0.023529411764705882,0.041176470588235294
java,java_409,0,0,0,0,0,0,0.0,17.4,0.02197802197802198,0.06593406593406594,0.4,0.2,0.2,0.0,0,0,1,0,2,0.2,0.0,0.0,0.0,0.0,0.02197802197802198,0.02197802197802198,0.0,0.0,0.8,5,26,0.0,0.01098901098901099
java,java_411,0,0,0,0,0,0,0.0,16.0,0.047619047619047616,0.047619047619047616,0.2,0.4,0.4,0.0,0,0,1,0,2,0.2222222222222222,0.0,0.0,0.0,0.0,0.0,0.023809523809523808,0.0,0.0,0.8,5,26,0.0,0.10714285714285714
java,java_412,0,0,0,0,0,0,0.0,16.25,0.0,0.058823529411764705,0.5,0.0,0.0,0.0,0,0,1,0,3,0.375,0.0,0.0,0.014705882352941176,0.0,0.029411764705882353,0.029411764705882353,0.0,0.0,1.0,4,26,0.0,0.014705882352941176
java,java_417,0,0,0,0,0,0,0.0,16.5,0.038461538461538464,0.038461538461538464,0.3333333333333333,0.3333333333333333,0.3333333333333333,0.0,0,0,1,0,3,0.2727272727272727,0.0,0.0,0.009615384615384616,0.0,0.0,0.019230769230769232,0.0,0.0,0.6666666666666666,6,26,0.019230769230769232,0.04807692307692308
java,java_419,0,0,0,0,0,0,0.0,17.428571428571427,0.015625,0.046875,0.2857142857142857,0.14285714285714285,0.14285714285714285,0.0,0,0,1,0,5,0.2777777777777778,0.0,0.0,0.0078125,0.0078125,0.015625,0.03125,0.0,0.0,2.2857142857142856,7,34,0.0,0.0390625
java,java_422,0,0,0,0,0,0,0.0,21.5,0.03731343283582089,0.05970149253731343,0.3333333333333333,0.3333333333333333,0.3333333333333333,0.0,0,0,1,0,3,0.17647058823529413,0.0,0.0,0.014925373134328358,0.014925373134328358,0.0,0.014925373134328358,0.0,0.0,0.6666666666666666,6,53,0.007462686567164179,0.03731343283582089
java,java_423,0,0,0,0,0,0,0.0,15.142857142857142,0.044642857142857144,0.07142857142857142,0.2857142857142857,0.2857142857142857,0.2857142857142857,0.0,0,0,0,0,0,0.0,0.0,0.0,0.008928571428571428,0.0,0.0,0.03571428571428571,0.0,0.0,1.1428571428571428,7,24,0.026785714285714284,0.09821428571428571
java,java_424,0,0,0,0,0,0,0.0,15.2,0.05,0.05,0.2,0.4,0.4,0.0,0,0,1,0,2,0.2222222222222222,0.0,0.0,0.0,0.0,0.0,0.025,0.0,0.0,0.8,5,26,0.0,0.0625
java,java_434,0,0,0,0,0,0,0.0,19.5,0.024539877300613498,0.06134969325153374,0.25,0.25,0.25,0.0,0,0,1,0,4,0.21052631578947367,0.0,0.0,0.006134969325153374,0.0,0.012269938650306749,0.03680981595092025,0.0,0.0,2.0,8,44,0.012269938650306749,0.05521472392638037
java,java_436,0,0,0,0,0,0,0.0,20.571428571428573,0.013333333333333334,0.08,0.2857142857142857,0.14285714285714285,0.14285714285714285,0.0,0,0,1,0,3,0.16666666666666666,0.0,0.0,0.0,0.0,0.02666666666666667,0.04,0.0,0.0,2.2857142857142856,7,44,0.0,0.03333333333333333
java,java_438,0,0,0,0,0,0,0.25,24.0,0.06060606060606061,0.04040404040404041,0.75,0.25,0.25,0.0,0,0,0,0,1,0.08333333333333333,0.0,0.0,0.020202020202020204,0.0,0.020202020202020204,0.0,0.0,0.25,0.0,4,43,0.020202020202020204,0.050505050505050504
java,java_441,0,0,0,0,0,0,0.0,15.25,0.03875968992248062,0.07751937984496124,0.375,0.25,0.25,0.0,0,0,0,0,0,0.0,0.0,0.0,0.007751937984496124,0.0,0.015503875968992248,0.031007751937984496,0.0,0.0,1.0,8,24,0.023255813953488372,0.05426356589147287
java,java_447,0,0,0,0,0,0,0.0,19.875,0.03614457831325301,0.07228915662650602,0.375,0.25,0.25,0.0,0,0,0,0,1,0.05,0.0,0.0,0.018072289156626505,0.012048192771084338,0.0,0.024096385542168676,0.0,0.0,1.0,8,53,0.024096385542168676,0.06626506024096386
java,java_450,0,0,0,0,0,0,0.0,18.4,0.020833333333333332,0.041666666666666664,0.4,0.2,0.2,0.0,0,0,1,0,3,0.2727272727272727,0.0,0.0,0.010416666666666666,0.0,0.0,0.020833333333333332,0.0,0.0,0.8,5,26,0.0,0.010416666666666666
java,java_455,0,0,0,0,0,0,0.0,15.333333333333334,0.041237113402061855,0.061855670103092786,0.3333333333333333,0.3333333333333333,0.3333333333333333,0.0,0,0,1,0,2,0.16666666666666666,0.0,0.0,0.0,0.0,0.020618556701030927,0.020618556701030927,0.0,0.0,0.6666666666666666,6,26,0.0,0.010309278350515464
java,java_462,0,0,0,0,0,0,0.25,23.25,0.0625,0.0625,0.75,0.25,0.25,0.0,0,0,0,0,0,0.0,0.0,0.0,0.010416666666666666,0.0,0.041666666666666664,0.0,0.0,0.25,0.0,4,43,0.0,0.052083333333333336
java,java_467,0,0,0,0,0,0,0.0,22.666666666666668,0.0,0.07092198581560284,0.3333333333333333,0.0,0.0,0.0,0,0,1,0,4,0.23529411764705882,0.0,0.0,0.0070921985815602835,0.0,0.014184397163120567,0.0425531914893617,0.0,0.0,2.6666666666666665,6,44,0.0,0.03546099290780142
java,java_468,0,0,0,0,0,0,0.0,15.428571428571429,0.02631578947368421,0.07017543859649122,0.42857142857142855,0.14285714285714285,0.14285714285714285,0.0,0,0,0,0,1,0.07692307692307693,0.0,0.0,0.017543859649122806,0.0,0.017543859649122806,0.03508771929824561,0.0,0.0,1.1428571428571428,7,24,0.02631578947368421,0.06140350877192982
java,java_479,0,0,0,0,0,0,0.0,21.714285714285715,0.0189873417721519,0.06329113924050633,0.2857142857142857,0.14285714285714285,0.14285714285714285,0.0,0,0,1,0,5,0.21739130434782608,0.0,0.0,0.012658227848101266,0.0189873417721519,0.0,0.02531645569620253,0.0,0.0,2.2857142857142856,7,53,0.006329113924050633,0.006329113924050633
java,java_491,0,0,0,0,0,0,0.0,20.285714285714285,0.02702702702702703,0.08108108108108109,0.42857142857142855,0.14285714285714285,0.14285714285714285,0.0,0,0,0,0,1,0.05555555555555555,0.0,0.0,0.02027027027027027,0.013513513513513514,0.0,0.02702702702702703,0.0,0.0,1.1428571428571428,7,53,0.02702702702702703,0.0472972972972973
java,java_494,0,0,0,0,0,0,0.0,16.8,0.022727272727272728,0.045454545454545456,0.4,0.2,0.2,0.0,0,0,1,0,3,0.2727272727272727,0.0,0.0,0.011363636363636364,0.0,0.0,0.022727272727272728,0.0,0.0,0.8,5,26,0.0,0.011363636363636364
java,java_498,0,0,0,0,0,0,0.0,16.857142857142858,0.016129032258064516,0.04838709677419355,0.2857142857142857,0.14285714285714285,0.14285714285714285,0.0,0,0,1,0,5,0.29411764705882354,0.0,0.0,0.008064516129032258,0.008064516129032258,0.0,0.03225806451612903,0.0,0.0,2.2857142857142856,7,34,0.016129032258064516,0.04032258064516129
java,java_499,0,0,0,0,0,0,0.0,16.0,0.047619047619047616,0.047619047619047616,0.2,0.4,0.4,0.0,0,0,1,0,2,0.2222222222222222,0.0,0.0,0.0,0.0,0.0,0.023809523809523808,0.0,0.0,0.8,5,26,0.0,0.011904761904761904
java,java_502,0,0,0,0,0,0,0.0,17.2,0.022222222222222223,0.044444444444444446,0.4,0.2,0.2,0.0,0,0,1,0,3,0.3,0.0,0.0,0.011111111111111112,0.0,0.022222222222222223,0.022222222222222223,0.0,0.0,0.8,5,26,0.0,0.011111111111111112
java,java_507,0,0,0,0,0,0,0.0,16.875,0.028169014084507043,0.04225352112676056,0.25,0.25,0.25,0.0,0,0,1,0,5,0.25,0.0,0.0,0.007042253521126761,0.007042253521126761,0.014084507042253521,0.028169014084507043,0.0,0.0,2.0,8,34,0.0,0.035211267605633804
java,java_513,0,0,0,0,0,0,0.0,18.5,0.025806451612903226,0.05161290322580645,0.25,0.25,0.25,0.0,0,0,1,0,4,0.2,0.0,0.0,0.0,0.0064516129032258064,0.012903225806451613,0.025806451612903226,0.0,0.0,2.0,8,34,0.0,0.0064516129032258064
java,java_517,0,0,0,0,0,0,0.0,15.142857142857142,0.044642857142857144,0.07142857142857142,0.2857142857142857,0.2857142857142857,0.2857142857142857,0.0,0,0,0,0,0,0.0,0.0,0.0,0.008928571428571428,0.0,0.0,0.03571428571428571,0.0,0.0,1.1428571428571428,7,24,0.026785714285714284,0.026785714285714284
java,java_519,0,0,0,0,0,0,0.3333333333333333,26.666666666666668,0.04878048780487805,0.07317073170731707,1.0,0.0,0.0,0.0,0,0,0,0,0,0.0,0.0,0.0,0.012195121951219513,0.0,0.04878048780487805,0.0,0.0,0.3333333333333333,0.0,3,43,0.0,0.06097560975609756
java,java_522,0,0,0,0,0,0,0.0,20.25,0.023668639053254437,0.05917159763313609,0.25,0.25,0.25,0.0,0,0,1,0,4,0.19047619047619047,0.0,0.0,0.005917159763313609,0.0,0.011834319526627219,0.03550295857988166,0.0,0.0,2.0,8,44,0.0,0.029585798816568046
java,java_524,0,0,0,0,0,0,0.0,20.0,0.023952095808383235,0.059880239520958084,0.25,0.25,0.25,0.0,0,0,1,0,4,0.2,0.0,0.0,0.005988023952095809,0.0,0.023952095808383235,0.03592814371257485,0.0,0.0,2.0,8,44,0.0,0.05389221556886228
java,java_525,0,0,0,0,0,0,0.0,21.0,0.013071895424836602,0.06535947712418301,0.2857142857142857,0.14285714285714285,0.14285714285714285,0.0,0,0,1,0,4,0.23529411764705882,0.0,0.0,0.006535947712418301,0.0,0.013071895424836602,0.0392156862745098,0.0,0.0,2.2857142857142856,7,44,0.013071895424836602,0.032679738562091505
java,java_529,0,0,0,0,0,0,0.0,19.875,0.03614457831325301,0.07228915662650602,0.375,0.25,0.25,0.0,0,0,0,0,1,0.05,0.0,0.0,0.018072289156626505,0.012048192771084338,0.0,0.024096385542168676,0.0,0.0,1.0,8,53,0.024096385542168676,0.018072289156626505
java,java_535,0,0,0,0,0,0,0.0,17.5,0.0,0.05454545454545454,0.3333333333333333,0.0,0.0,0.0,0,0,1,0,5,0.3125,0.0,0.0,0.00909090909090909,0.00909090909090909,0.01818181818181818,0.03636363636363636,0.0,0.0,2.6666666666666665,6,34,0.0,0.00909090909090909
java,java_545,0,0,0,0,0,0,0.0,18.166666666666668,0.03508771929824561,0.03508771929824561,0.3333333333333333,0.3333333333333333,0.3333333333333333,0.0,0,0,1,0,3,0.23076923076923078,0.0,0.0,0.008771929824561403,0.0,0.0,0.017543859649122806,0.0,0.0,0.6666666666666666,6,26,0.0,0.043859649122807015
java,java_551,0,0,0,0,0,0,0.0,18.285714285714285,0.029850746268656716,0.04477611940298507,0.14285714285714285,0.2857142857142857,0.2857142857142857,0.0,0,0,1,0,4,0.23529411764705882,0.0,0.0,0.0,0.007462686567164179,0.0,0.029850746268656716,0.0,0.0,2.2857142857142856,7,34,0.0,0.007462686567164179
java,java_553,0,0,0,0,0,0,0.0,16.875,0.035211267605633804,0.056338028169014086,0.375,0.25,0.25,0.0,0,0,0,0,1,0.0625,0.0,0.0,0.014084507042253521,0.0,0.0,0.028169014084507043,0.0,0.0,1.0,8,25,0.02112676056338028,0.04929577464788732
java,java_557,0,0,0,0,0,0,0.0,24.75,0.024390243902439025,0.06829268292682927,0.25,0.25,0.25,0.0,0,0,1,0,4,0.16,0.0,0.0,0.00975609756097561,0.00975609756097561,0.00975609756097561,0.02926829268292683,0.0,0.0,2.0,8,53,0.004878048780487805,0.024390243902439025
java,java_567,0,0,0,0,0,0,0.3333333333333333,37.666666666666664,0.043478260869565216,0.06956521739130435,1.0,0.0,0.0,0.0,0,0,0,0,1,0.0625,0.0,0.0,0.02608695652173913,0.017391304347826087,0.017391304347826087,0.0,0.0,0.3333333333333333,0.0,3,53,0.008695652173913044,0.043478260869565216
java,java_570,0,0,0,0,0,0,0.0,27.333333333333332,0.005917159763313609,0.08284023668639054,0.3333333333333333,0.0,0.0,0.0,0,0,1,0,4,0.19047619047619047,0.0,0.0,0.011834319526627219,0.011834319526627219,0.011834319526627219,0.03550295857988166,0.0,0.0,2.6666666666666665,6,53,0.005917159763313609,0.029585798816568046
java,java_571,0,0,0,0,0,0,0.2,27.8,0.06293706293706294,0.055944055944055944,0.6,0.4,0.4,0.0,0,0,0,0,1,0.05,0.0,0.0,0.02097902097902098,0.013986013986013986,0.013986013986013986,0.0,0.0,0.2,0.0,5,53,0.006993006993006993,0.03496503496503497
java,java_577,0,0,0,0,0,0,0.0,16.857142857142858,0.024193548387096774,0.06451612903225806,0.42857142857142855,0.14285714285714285,0.14285714285714285,0.0,0,0,0,0,1,0.07142857142857142,0.0,0.0,0.016129032258064516,0.0,0.0,0.03225806451612903,0.0,0.0,1.1428571428571428,7,25,0.024193548387096774,0.024193548387096774
java,java_580,0,0,0,0,0,0,0.25,31.5,0.05426356589147287,0.06201550387596899,0.75,0.25,0.25,0.0,0,0,0,0,1,0.05555555555555555,0.0,0.0,0.023255813953488372,0.015503875968992248,0.015503875968992248,0.0,0.0,0.25,0.0,4,53,0.007751937984496124,0.03875968992248062
java,java_585,0,0,0,0,0,0,0.0,17.428571428571427,0.015625,0.046875,0.2857142857142857,0.14285714285714285,0.14285714285714285,0.0,0,0,1,0,5,0.29411764705882354,0.0,0.0,0.0078125,0.0078125,0.0,0.03125,0.0,0.0,2.2857142857142856,7,34,0.015625,0.0078125
java,java_611,0,0,0,0,0,0,0.0,17.75,0.0,0.05405405405405406,0.5,0.0,0.0,0.0,0,0,1,0,3,0.3333333333333333,0.0,0.0,0.013513513513513514,0.0,0.0,0.02702702702702703,0.0,0.0,1.0,4,26,0.0,0.013513513513513514
java,java_613,0,0,0,0,0,0,0.0,22.857142857142858,0.018072289156626505,0.060240963855421686,0.2857142857142857,0.14285714285714285,0.14285714285714285,0.0,0,0,1,0,5,0.21739130434782608,0.0,0.0,0.012048192771084338,0.018072289156626505,0.0,0.024096385542168676,0.0,0.0,2.2857142857142856,7,53,0.006024096385542169,0.006024096385542169
java,java_625,0,0,0,0,0,0,0.0,20.875,0.034482758620689655,0.06896551724137931,0.375,0.25,0.25,0.0,0,0,0,0,1,0.05,0.0,0.0,0.017241379310344827,0.011494252873563218,0.0,0.022988505747126436,0.0,0.0,1.0,8,53,0.022988505747126436,0.017241379310344827
java,java_627,0,0,0,0,0,0,0.0,18.142857142857142,0.015037593984962405,0.06015037593984962,0.2857142857142857,0.14285714285714285,0.14285714285714285,0.0,0,0,1,0,4,0.2222222222222222,0.0,0.0,0.0,0.007518796992481203,0.015037593984962405,0.03007518796992481,0.0,0.0,2.2857142857142856,7,34,0.0,0.007518796992481203
java,java_636,0,0,0,0,0,0,0.0,24.75,0.024390243902439025,0.06829268292682927,0.25,0.25,0.25,0.0,0,0,1,0,4,0.16,0.0,0.0,0.00975609756097561,0.00975609756097561,0.00975609756097561,0.02926829268292683,0.0,0.0,2.0,8,53,0.004878048780487805,0.06341463414634146
java,java_647,0,0,0,0,0,0,0.0,18.857142857142858,0.014492753623188406,0.043478260869565216,0.2857142857142857,0.14285714285714285,0.14285714285714285,0.0,0,0,1,0,5,0.2631578947368421,0.0,0.0,0.007246376811594203,0.007246376811594203,0.0,0.028985507246376812,0.0,0.0,2.2857142857142856,7,34,0.0,0.007246376811594203
java,java_650,0,0,0,0,0,0,0.0,24.75,0.024390243902439025,0.06829268292682927,0.25,0.25,0.25,0.0,0,0,1,0,4,0.16,0.0,0.0,0.00975609756097561,0.00975609756097561,0.00975609756097561,0.02926829268292683,0.0,0.0,2.0,8,53,0.004878048780487805,0.024390243902439025
java,java_656,0,0,0,0,0,0,0.0,19.857142857142858,0.013793103448275862,0.06896551724137931,0.2857142857142857,0.14285714285714285,0.14285714285714285,0.0,0,0,1,0,4,0.23529411764705882,0.0,0.0,0.006896551724137931,0.0,0.013793103448275862,0.041379310344827586,0.0,0.0,2.2857142857142856,7,44,0.013793103448275862,0.034482758620689655
java,java_666,0,0,0,0,0,0,0.0,16.285714285714285,0.025,0.06666666666666667,0.42857142857142855,0.14285714285714285,0.14285714285714285,0.0,0,0,0,0,1,0.07142857142857142,0.0,0.0,0.016666666666666666,0.0,0.0,0.03333333333333333,0.0,0.0,1.1428571428571428,7,25,0.025,0.058333333333333334
java,java_667,0,0,0,0,0,0,0.0,21.285714285714285,0.025806451612903226,0.06451612903225806,0.14285714285714285,0.2857142857142857,0.2857142857142857,0.0,0,0,1,0,3,0.17647058823529413,0.0,0.0,0.0,0.0,0.012903225806451613,0.03870967741935484,0.0,0.0,2.2857142857142856,7,44,0.0,0.05806451612903226
java,java_673,0,0,0,0,0,0,0.0,17.142857142857142,0.031746031746031744,0.047619047619047616,0.14285714285714285,0.2857142857142857,0.2857142857142857,0.0,0,0,1,0,4,0.23529411764705882,0.0,0.0,0.0,0.007936507936507936,0.0,0.031746031746031744,0.0,0.0,2.2857142857142856,7,34,0.0,0.007936507936507936
java,java_676,0,0,0,0,0,0,0.0,24.75,0.00980392156862745,0.0784313725490196,0.5,0.0,0.0,0.0,0,0,1,0,3,0.23076923076923078,0.0,0.0,0.0196078431372549,0.0196078431372549,0.0,0.0196078431372549,0.0,0.0,1.0,4,53,0.00980392156862745,0.00980392156862745
java,java_677,0,0,0,0,0,0,0.0,14.625,0.04032258064516129,0.06451612903225806,0.375,0.25,0.25,0.0,0,0,0,0,1,0.06666666666666667,0.0,0.0,0.016129032258064516,0.0,0.016129032258064516,0.03225806451612903,0.0,0.0,1.0,8,24,0.024193548387096774,0.024193548387096774
java,java_687,0,0,0,0,0,0,0.2,21.0,0.07339449541284404,0.03669724770642202,0.6,0.4,0.4,0.0,0,0,0,0,1,0.07142857142857142,0.0,0.0,0.01834862385321101,0.0,0.01834862385321101,0.0,0.0,0.2,0.0,5,43,0.01834862385321101,0.08256880733944955
java,java_701,0,0,0,0,0,0,0.0,20.857142857142858,0.02631578947368421,0.07894736842105263,0.42857142857142855,0.14285714285714285,0.14285714285714285,0.0,0,0,0,0,1,0.05555555555555555,0.0,0.0,0.019736842105263157,0.013157894736842105,0.0,0.02631578947368421,0.0,0.0,1.1428571428571428,7,53,0.02631578947368421,0.019736842105263157
java,java_706,0,0,0,0,0,0,0.0,15.428571428571429,0.02631578947368421,0.07017543859649122,0.42857142857142855,0.14285714285714285,0.14285714285714285,0.0,0,0,0,0,1,0.08333333333333333,0.0,0.0,0.017543859649122806,0.0,0.0,0.03508771929824561,0.0,0.0,1.1428571428571428,7,24,0.043859649122807015,0.02631578947368421
java,java_710,0,0,0,0,0,0,0.0,17.6,0.021739130434782608,0.043478260869565216,0.4,0.2,0.2,0.0,0,0,1,0,3,0.2727272727272727,0.0,0.0,0.010869565217391304,0.0,0.0,0.021739130434782608,0.0,0.0,0.8,5,26,0.0,0.05434782608695652
java,java_715,0,0,0,0,0,0,0.0,18.0,0.026490066225165563,0.052980132450331126,0.25,0.25,0.25,0.0,0,0,1,0,4,0.2,0.0,0.0,0.0,0.006622516556291391,0.013245033112582781,0.026490066225165563,0.0,0.0,2.0,8,34,0.0,0.033112582781456956
java,java_716,0,0,0,0,0,0,0.0,15.571428571428571,0.02608695652173913,0.08695652173913043,0.42857142857142855,0.14285714285714285,0.14285714285714285,0.0,0,0,0,0,0,0.0,0.0,0.0,0.008695652173913044,0.0,0.017391304347826087,0.034782608695652174,0.0,0.0,1.1428571428571428,7,24,0.02608695652173913,0.06086956521739131
java,java_718,0,0,0,0,0,0,0.25,22.5,0.08602150537634409,0.043010752688172046,0.5,0.5,0.5,0.0,0,0,0,0,0,0.0,0.0,0.0,0.010752688172043012,0.0,0.021505376344086023,0.0,0.0,0.25,0.0,4,43,0.0,0.0967741935483871
java,java_720,0,0,0,0,0,0,0.0,20.428571428571427,0.013422818791946308,0.06711409395973154,0.2857142857142857,0.14285714285714285,0.14285714285714285,0.0,0,0,1,0,4,0.23529411764705882,0.0,0.0,0.006711409395973154,0.0,0.013422818791946308,0.040268456375838924,0.0,0.0,2.2857142857142856,7,44,0.013422818791946308,0.06040268456375839
java,java_735,0,0,0,0,0,0,0.0,25.857142857142858,0.016042780748663103,0.0748663101604278,0.2857142857142857,0.14285714285714285,0.14285714285714285,0.0,0,0,1,0,4,0.17391304347826086,0.0,0.0,0.0106951871657754,0.0106951871657754,0.0106951871657754,0.03208556149732621,0.0,0.0,2.2857142857142856,7,53,0.0053475935828877,0.0481283422459893
java,java_738,0,0,0,0,0,0,0.0,25.285714285714285,0.01639344262295082,0.07650273224043716,0.2857142857142857,0.14285714285714285,0.14285714285714285,0.0,0,0,1,0,4,0.17391304347826086,0.0,0.0,0.01092896174863388,0.01092896174863388,0.01092896174863388,0.03278688524590164,0.0,0.0,2.2857142857142856,7,53,0.00546448087431694,0.0273224043715847
java,java_739,0,0,0,0,0,0,0.0,16.5,0.038461538461538464,0.038461538461538464,0.3333333333333333,0.3333333333333333,0.3333333333333333,0.0,0,0,1,0,3,0.2727272727272727,0.0,0.0,0.009615384615384616,0.0,0.0,0.019230769230769232,0.0,0.0,0.6666666666666666,6,26,0.019230769230769232,0.04807692307692308
java,java_741,0,0,0,0,0,0,0.0,15.125,0.0390625,0.0625,0.375,0.25,0.25,0.0,0,0,0,0,1,0.07142857142857142,0.0,0.0,0.015625,0.0,0.0,0.03125,0.0,0.0,1.0,8,24,0.0390625,0.0234375
java,java_750,0,0,0,0,0,0,0.0,15.125,0.0390625,0.0625,0.375,0.25,0.25,0.0,0,0,0,0,1,0.07142857142857142,0.0,0.0,0.015625,0.0,0.0,0.03125,0.0,0.0,1.0,8,24,0.0390625,0.0859375
java,java_766,0,0,0,0,0,0,0.0,23.5,0.03424657534246575,0.0547945205479452,0.3333333333333333,0.3333333333333333,0.3333333333333333,0.0,0,0,1,0,3,0.17647058823529413,0.0,0.0,0.0136986301369863,0.0136986301369863,0.0,0.0136986301369863,0.0,0.0,0.6666666666666666,6,53,0.00684931506849315,0.00684931506849315
java,java_772,0,0,0,0,0,0,0.0,15.833333333333334,0.04,0.04,0.3333333333333333,0.3333333333333333,0.3333333333333333,0.0,0,0,1,0,3,0.25,0.0,0.0,0.01,0.0,0.02,0.02,0.0,0.0,0.6666666666666666,6,26,0.0,0.05
java,java_790,0,0,0,0,0,0,0.0,14.125,0.041666666666666664,0.06666666666666667,0.375,0.25,0.25,0.0,0,0,0,0,1,0.07142857142857142,0.0,0.0,0.016666666666666666,0.0,0.0,0.03333333333333333,0.0,0.0,1.0,8,24,0.041666666666666664,0.025
java,java_795,0,0,0,0,0,0,0.0,21.5,0.03731343283582089,0.05970149253731343,0.3333333333333333,0.3333333333333333,0.3333333333333333,0.0,0,0,1,0,3,0.17647058823529413,0.0,0.0,0.014925373134328358,0.014925373134328358,0.0,0.014925373134328358,0.0,0.0,0.6666666666666666,6,53,0.007462686567164179,0.03731343283582089
java,java_804,0,0,0,0,0,0,0.0,17.666666666666668,0.0,0.07207207207207207,0.3333333333333333,0.0,0.0,0.0,0,0,1,0,4,0.25,0.0,0.0,0.0,0.009009009009009009,0.018018018018018018,0.036036036036036036,0.0,0.0,2.6666666666666665,6,34,0.0,0.009009009009009009
java,java_807,0,0,0,0,0,0,0.0,26.428571428571427,0.015706806282722512,0.07329842931937172,0.2857142857142857,0.14285714285714285,0.14285714285714285,0.0,0,0,1,0,4,0.17391304347826086,0.0,0.0,0.010471204188481676,0.010471204188481676,0.010471204188481676,0.031413612565445025,0.0,0.0,2.2857142857142856,7,53,0.005235602094240838,0.02617801047120419
java,java_821,0,0,0,0,0,0,0.25,23.0,0.06315789473684211,0.042105263157894736,0.75,0.25,0.25,0.0,0,0,0,0,1,0.07692307692307693,0.0,0.0,0.021052631578947368,0.0,0.042105263157894736,0.0,0.0,0.25,0.0,4,43,0.0,0.05263157894736842
java,java_842,0,0,0,0,0,0,0.0,15.125,0.0390625,0.0625,0.375,0.25,0.25,0.0,0,0,0,0,1,0.07142857142857142,0.0,0.0,0.015625,0.0,0.0,0.03125,0.0,0.0,1.0,8,24,0.0390625,0.0234375
java,java_848,0,0,0,0,0,0,0.0,20.5,0.023391812865497075,0.05847953216374269,0.25,0.25,0.25,0.0,0,0,1,0,4,0.21052631578947367,0.0,0.0,0.005847953216374269,0.0,0.011695906432748537,0.03508771929824561,0.0,0.0,2.0,8,44,0.011695906432748537,0.05263157894736842
java,java_864,0,0,0,0,0,0,0.0,15.833333333333334,0.04,0.04,0.3333333333333333,0.3333333333333333,0.3333333333333333,0.0,0,0,1,0,3,0.2727272727272727,0.0,0.0,0.01,0.0,0.0,0.02,0.0,0.0,0.6666666666666666,6,26,0.02,0.01
java,java_880,0,0,0,0,0,0,0.25,23.5,0.08247422680412371,0.041237113402061855,0.5,0.5,0.5,0.0,0,0,0,0,0,0.0,0.0,0.0,0.010309278350515464,0.0,0.020618556701030927,0.0,0.0,0.25,0.0,4,43,0.0,0.13402061855670103
java,java_881,0,0,0,0,0,0,0.0,17.0,0.027972027972027972,0.055944055944055944,0.25,0.25,0.25,0.0,0,0,1,0,4,0.2,0.0,0.0,0.0,0.006993006993006993,0.013986013986013986,0.027972027972027972,0.0,0.0,2.0,8,34,0.0,0.03496503496503497
java,java_888,0,0,0,0,0,0,0.2,23.8,0.06504065040650407,0.032520325203252036,0.6,0.4,0.4,0.0,0,0,0,0,1,0.0625,0.0,0.0,0.016260162601626018,0.0,0.016260162601626018,0.0,0.0,0.2,0.0,5,43,0.0,0.04065040650406504
java,java_890,0,0,0,0,0,0,0.0,16.6,0.022988505747126436,0.06896551724137931,0.4,0.2,0.2,0.0,0,0,1,0,2,0.2,0.0,0.0,0.0,0.0,0.022988505747126436,0.022988505747126436,0.0,0.0,0.8,5,26,0.0,0.05747126436781609
java,java_892,0,0,0,0,0,0,0.0,21.5,0.0223463687150838,0.055865921787709494,0.25,0.25,0.25,0.0,0,0,1,0,4,0.2,0.0,0.0,0.00558659217877095,0.0,0.0223463687150838,0.0335195530726257,0.0,0.0,2.0,8,44,0.0,0.027932960893854747
java,java_895,0,0,0,0,0,0,0.0,14.5,0.043478260869565216,0.043478260869565216,0.3333333333333333,0.3333333333333333,0.3333333333333333,0.0,0,0,1,0,3,0.2727272727272727,0.0,0.0,0.010869565217391304,0.0,0.0,0.021739130434782608,0.0,0.0,0.6666666666666666,6,26,0.021739130434782608,0.010869565217391304
java,java_910,0,0,0,0,0,0,0.0,16.25,0.0364963503649635,0.072992700729927,0.375,0.25,0.25,0.0,0,0,0,0,0,0.0,0.0,0.0,0.0072992700729927005,0.0,0.014598540145985401,0.029197080291970802,0.0,0.0,1.0,8,24,0.021897810218978103,0.051094890510948905
java,java_911,0,0,0,0,0,0,0.0,15.2,0.05,0.05,0.2,0.4,0.4,0.0,0,0,1,0,2,0.2222222222222222,0.0,0.0,0.0,0.0,0.0,0.025,0.0,0.0,0.8,5,26,0.0,0.0625
java,java_913,0,0,0,0,0,0,0.0,20.75,0.023121387283236993,0.057803468208092484,0.25,0.25,0.25,0.0,0,0,1,0,4,0.19047619047619047,0.0,0.0,0.005780346820809248,0.0,0.011560693641618497,0.03468208092485549,0.0,0.0,2.0,8,44,0.0,0.05202312138728324
java,java_922,0,0,0,0,0,0,0.25,23.0,0.06315789473684211,0.042105263157894736,0.75,0.25,0.25,0.0,0,0,0,0,1,0.07692307692307693,0.0,0.0,0.021052631578947368,0.0,0.042105263157894736,0.0,0.0,0.25,0.0,4,43,0.0,0.05263157894736842
java,java_935,0,0,0,0,0,0,0.0,18.125,0.02631578947368421,0.039473684210526314,0.25,0.25,0.25,0.0,0,0,1,0,5,0.23809523809523808,0.0,0.0,0.006578947368421052,0.006578947368421052,0.0,0.02631578947368421,0.0,0.0,2.0,8,34,0.0,0.05921052631578947
java,java_969,0,0,0,0,0,0,0.0,17.625,0.02702702702702703,0.04054054054054054,0.25,0.25,0.25,0.0,0,0,1,0,5,0.23809523809523808,0.0,0.0,0.006756756756756757,0.006756756756756757,0.0,0.02702702702702703,0.0,0.0,2.0,8,34,0.0,0.033783783783783786
java,java_987,0,0,0,0,0,0,0.2,23.4,0.06611570247933884,0.03305785123966942,0.6,0.4,0.4,0.0,0,0,0,0,1,0.07142857142857142,0.0,0.0,0.01652892561983471,0.0,0.01652892561983471,0.0,0.0,0.2,0.0,5,43,0.01652892561983471,0.04132231404958678
java,java_992,0,0,0,0,0,0,0.0,21.625,0.027777777777777776,0.05555555555555555,0.25,0.25,0.25,0.0,0,0,1,0,5,0.2,0.0,0.0,0.011111111111111112,0.016666666666666666,0.0,0.022222222222222223,0.0,0.0,2.0,8,53,0.005555555555555556,0.05
java,java_998,0,0,0,0,0,0,0.0,15.875,0.03731343283582089,0.05970149253731343,0.375,0.25,0.25,0.0,0,0,0,0,1,0.0625,0.0,0.0,0.014925373134328358,0.0,0.0,0.029850746268656716,0.0,0.0,1.0,8,25,0.022388059701492536,0.05223880597014925
javascript,javascript_0,0,0,0,0,0,0,0.0,23.0,0.03361344537815126,0.06722689075630252,0.4,0.2,0.2,0.0,0,0,0,1,5,0.35714285714285715,0.0,0.0,0.008403361344537815,0.0,0.01680672268907563,0.01680672268907563,0.0,0.0,1.6,5,46,0.0,0.008403361344537815
javascript,javascript_2,0,0,0,0,0,0,0.0,14.875,0.031746031746031744,0.047619047619047616,0.25,0.25,0.25,0.0,0,0,1,0,3,0.17647058823529413,0.0,0.0,0.007936507936507936,0.007936507936507936,0.015873015873015872,0.031746031746031744,0.0,0.0,2.0,8,27,0.0,0.007936507936507936
javascript,javascript_3,0,0,0,0,0,0,0.0,12.5,0.025,0.075,0.16666666666666666,0.16666666666666666,0.16666666666666666,0.0,0,0,1,0,3,0.3,0.0,0.0,0.0,0.0125,0.0,0.05,0.0,0.0,2.6666666666666665,6,21,0.0,0.0125
javascript,javascript_4,0,0,0,0,0,0,0.0,30.2,0.03870967741935484,0.05161290322580645,0.6,0.6,0.4,0.0,0,0,0,0,3,0.13636363636363635,0.0,0.0,0.03225806451612903,0.025806451612903226,0.0,0.012903225806451613,0.0,0.0,0.0,5,53,0.03225806451612903,0.0
javascript,javascript_5,0,0,0,0,0,0,0.0,25.666666666666668,0.025157232704402517,0.050314465408805034,0.5,0.16666666666666666,0.16666666666666666,0.0,0,0,0,1,6,0.3,0.0,0.0,0.012578616352201259,0.0,0.012578616352201259,0.012578616352201259,0.0,0.0,1.3333333333333333,6,46,0.0,0.006289308176100629
javascript,javascript_6,0,0,0,0,0,0,0.0,22.666666666666668,0.028368794326241134,0.05673758865248227,0.5,0.16666666666666666,0.16666666666666666,0.0,0,0,0,1,7,0.4117647058823529,0.0,0.0,0.014184397163120567,0.0,0.028368794326241134,0.014184397163120567,0.0,0.0,1.3333333333333333,6,46,0.0,0.0070921985815602835
javascript,javascript_7,0,0,0,0,0,0,0.0,19.0,0.01680672268907563,0.05042016806722689,0.5,0.16666666666666666,0.16666666666666666,0.0,0,0,0,1,3,0.2,0.0,0.0,0.008403361344537815,0.008403361344537815,0.03361344537815126,0.01680672268907563,0.0,0.0,1.3333333333333333,6,33,0.0,0.01680672268907563
javascript,javascript_8,0,0,0,0,0,0,0.0,19.166666666666668,0.016666666666666666,0.06666666666666667,0.5,0.16666666666666666,0.16666666666666666,0.0,0,0,0,1,2,0.13333333333333333,0.0,0.0,0.0,0.008333333333333333,0.03333333333333333,0.016666666666666666,0.0,0.0,1.3333333333333333,6,33,0.0,0.016666666666666666
javascript,javascript_9,0,0,0,0,0,0,0.0,19.0,0.01680672268907563,0.05042016806722689,0.5,0.16666666666666666,0.16666666666666666,0.0,0,0,0,1,3,0.2,0.0,0.0,0.008403361344537815,0.008403361344537815,0.03361344537815126,0.01680672268907563,0.0,0.0,1.3333333333333333,6,33,0.0,0.01680672268907563
javascript,javascript_10,0,0,0,0,0,0,0.0,25.666666666666668,0.02531645569620253,0.05063291139240506,0.6666666666666666,0.3333333333333333,0.3333333333333333,0.0,0,0,0,0,3,0.2727272727272727,0.0,0.02531645569620253,0.02531645569620253,0.02531645569620253,0.02531645569620253,0.0759493670886076,0.02531645569620253,0.0,0.0,3,38,0.02531645569620253,0.012658227848101266
javascript,javascript_11,0,0,0,0,0,0,0.0,27.25,0.017857142857142856,0.05357142857142857,0.75,0.25,0.25,0.0,0,0,0,0,2,0.125,0.0,0.017857142857142856,0.017857142857142856,0.017857142857142856,0.03571428571428571,0.05357142857142857,0.017857142857142856,0.0,0.0,4,38,0.017857142857142856,0.008928571428571428
javascript,javascript_12,0,0,0,0,0,0,0.0,37.0,0.017699115044247787,0.07079646017699115,1.0,0.3333333333333333,0.0,0.0,0,0,0,0,3,0.1875,0.0,0.0,0.04424778761061947,0.035398230088495575,0.0,0.017699115044247787,0.0,0.0,0.0,3,53,0.04424778761061947,0.0
javascript,javascript_13,0,0,0,0,0,0,0.0,18.833333333333332,0.00847457627118644,0.0847457627118644,0.3333333333333333,0.0,0.0,0.0,0,0,1,0,3,0.1875,0.0,0.0,0.01694915254237288,0.025423728813559324,0.0,0.03389830508474576,0.0,0.0,2.6666666666666665,6,53,0.00847457627118644,0.00847457627118644
javascript,javascript_14,0,0,0,0,0,0,0.0,26.0,0.037267080745341616,0.049689440993788817,0.3333333333333333,0.3333333333333333,0.3333333333333333,0.0,0,0,0,1,5,0.25,0.0,0.0,0.006211180124223602,0.0,0.012422360248447204,0.012422360248447204,0.0,0.0,1.3333333333333333,6,46,0.0,0.006211180124223602
javascript,javascript_15,0,0,0,0,0,0,0.0,23.666666666666668,0.0410958904109589,0.0547945205479452,0.6666666666666666,0.6666666666666666,0.3333333333333333,0.0,0,0,0,0,2,0.2,0.0,0.0,0.0410958904109589,0.0273972602739726,0.0,0.0273972602739726,0.0,0.0,0.0,3,36,0.0547945205479452,0.0
javascript,javascript_17,0,0,0,0,0,0,0.0,27.333333333333332,0.0,0.07142857142857142,1.0,0.0,0.0,0.0,0,0,0,0,2,0.16666666666666666,0.0,0.023809523809523808,0.023809523809523808,0.023809523809523808,0.047619047619047616,0.07142857142857142,0.023809523809523808,0.0,0.0,3,38,0.023809523809523808,0.011904761904761904
javascript,javascript_18,0,0,0,0,0,0,0.0,17.0,0.0,0.08450704225352113,0.5,0.0,0.0,0.0,0,0,0,1,2,0.25,0.0,0.0,0.0,0.014084507042253521,0.028169014084507043,0.028169014084507043,0.0,0.0,2.0,4,33,0.0,0.028169014084507043
javascript,javascript_19,0,0,0,0,0,0,0.0,25.5,0.0380952380952381,0.0380952380952381,0.5,0.5,0.5,0.0,0,0,0,0,2,0.13333333333333333,0.0,0.01904761904761905,0.01904761904761905,0.01904761904761905,0.01904761904761905,0.05714285714285714,0.01904761904761905,0.0,0.0,4,38,0.01904761904761905,0.009523809523809525
javascript,javascript_20,0,0,0,0,0,0,0.0,16.2,0.023529411764705882,0.07058823529411765,0.4,0.2,0.2,0.0,0,0,0,1,2,0.2,0.0,0.0,0.0,0.011764705882352941,0.023529411764705882,0.023529411764705882,0.0,0.0,1.6,5,33,0.0,0.023529411764705882
javascript,javascript_21,0,0,0,0,0,0,0.0,25.8,0.03007518796992481,0.06015037593984962,0.4,0.2,0.2,0.0,0,0,0,1,5,0.3125,0.0,0.0,0.007518796992481203,0.0,0.015037593984962405,0.015037593984962405,0.0,0.0,1.6,5,46,0.0,0.007518796992481203
javascript,javascript_22,0,0,0,0,0,0,0.0,16.428571428571427,0.03305785123966942,0.049586776859504134,0.42857142857142855,0.2857142857142857,0.2857142857142857,0.0,0,0,0,1,4,0.26666666666666666,0.0,0.0,0.008264462809917356,0.008264462809917356,0.03305785123966942,0.01652892561983471,0.0,0.0,1.1428571428571428,7,33,0.0,0.01652892561983471
javascript,javascript_24,0,0,0,0,0,0,0.0,29.0,0.01694915254237288,0.06779661016949153,1.0,0.5,0.0,0.0,0,0,0,0,2,0.25,0.0,0.0,0.05084745762711865,0.03389830508474576,0.0,0.03389830508474576,0.0,0.0,0.0,2,36,0.06779661016949153,0.0
javascript,javascript_25,0,0,0,0,0,0,0.0,27.5,0.02654867256637168,0.035398230088495575,0.75,0.5,0.25,0.0,0,0,0,0,3,0.1875,0.0,0.0,0.035398230088495575,0.017699115044247787,0.0,0.017699115044247787,0.0,0.0,0.0,4,36,0.035398230088495575,0.0
javascript,javascript_26,0,0,0,0,0,0,0.0,31.5,0.031007751937984496,0.06201550387596899,0.75,0.5,0.25,0.0,0,0,0,0,4,0.2222222222222222,0.0,0.0,0.03875968992248062,0.031007751937984496,0.0,0.015503875968992248,0.0,0.0,0.0,4,53,0.03875968992248062,0.0
javascript,javascript_27,0,0,0,0,0,0,0.0,21.5,0.056179775280898875,0.0449438202247191,0.5,0.75,0.5,0.0,0,0,0,0,3,0.25,0.0,0.0,0.033707865168539325,0.02247191011235955,0.0,0.02247191011235955,0.0,0.0,0.0,4,36,0.0449438202247191,0.0
javascript,javascript_28,0,0,0,0,0,0,0.0,18.142857142857142,0.03007518796992481,0.045112781954887216,0.42857142857142855,0.2857142857142857,0.2857142857142857,0.0,0,0,0,1,3,0.17647058823529413,0.0,0.0,0.007518796992481203,0.007518796992481203,0.03007518796992481,0.015037593984962405,0.0,0.0,1.1428571428571428,7,33,0.0,0.015037593984962405
javascript,javascript_29,0,0,0,0,0,0,0.0,14.0,0.019230769230769232,0.057692307692307696,0.2857142857142857,0.14285714285714285,0.14285714285714285,0.0,0,0,1,0,3,0.21428571428571427,0.0,0.0,0.009615384615384616,0.009615384615384616,0.0,0.038461538461538464,0.0,0.0,2.2857142857142856,7,25,0.0,0.009615384615384616
javascript,javascript_31,0,0,0,0,0,0,0.0,25.666666666666668,0.012658227848101266,0.05063291139240506,1.0,0.3333333333333333,0.0,0.0,0,0,0,0,3,0.2727272727272727,0.0,0.0,0.05063291139240506,0.02531645569620253,0.02531645569620253,0.02531645569620253,0.0,0.0,0.0,3,36,0.05063291139240506,0.0
javascript,javascript_32,0,0,0,0,0,0,0.0,23.4,0.03305785123966942,0.06611570247933884,0.4,0.2,0.2,0.0,0,0,0,1,6,0.42857142857142855,0.0,0.0,0.008264462809917356,0.0,0.01652892561983471,0.01652892561983471,0.0,0.0,1.6,5,46,0.0,0.008264462809917356
javascript,javascript_33,0,0,0,0,0,0,0.0,12.571428571428571,0.0425531914893617,0.06382978723404255,0.14285714285714285,0.2857142857142857,0.2857142857142857,0.0,0,0,1,0,3,0.25,0.0,0.0,0.0,0.010638297872340425,0.0,0.0425531914893617,0.0,0.0,2.2857142857142856,7,21,0.0,0.010638297872340425
javascript,javascript_35,0,0,0,0,0,0,0.0,14.5,0.021739130434782608,0.06521739130434782,0.16666666666666666,0.16666666666666666,0.16666666666666666,0.0,0,0,1,0,2,0.16666666666666666,0.0,0.0,0.0,0.010869565217391304,0.0,0.043478260869565216,0.0,0.0,2.6666666666666665,6,27,0.0,0.010869565217391304
javascript,javascript_37,0,0,0,0,0,0,0.0,16.142857142857142,0.03361344537815126,0.05042016806722689,0.42857142857142855,0.2857142857142857,0.2857142857142857,0.0,0,0,0,1,5,0.35714285714285715,0.0,0.0,0.008403361344537815,0.008403361344537815,0.01680672268907563,0.01680672268907563,0.0,0.0,1.1428571428571428,7,33,0.01680672268907563,0.01680672268907563
javascript,javascript_38,0,0,0,0,0,0,0.0,14.166666666666666,0.0,0.06666666666666667,0.3333333333333333,0.0,0.0,0.0,0,0,1,0,3,0.25,0.0,0.0,0.011111111111111112,0.011111111111111112,0.0,0.044444444444444446,0.0,0.0,2.6666666666666665,6,25,0.0,0.011111111111111112
javascript,javascript_39,0,0,0,0,0,0,0.0,25.5,0.01904761904761905,0.0761904761904762,0.5,0.0,0.0,0.0,0,0,0,1,5,0.4166666666666667,0.0,0.0,0.009523809523809525,0.0,0.01904761904761905,0.01904761904761905,0.0,0.0,2.0,4,46,0.0,0.009523809523809525
javascript,javascript_40,0,0,0,0,0,0,0.0,31.0,0.0,0.06349206349206349,1.0,0.0,0.0,0.0,0,0,0,0,2,0.2222222222222222,0.0,0.031746031746031744,0.031746031746031744,0.031746031746031744,0.031746031746031744,0.09523809523809523,0.031746031746031744,0.0,0.0,2,38,0.031746031746031744,0.015873015873015872
javascript,javascript_41,0,0,0,0,0,0,0.0,23.666666666666668,0.027210884353741496,0.05442176870748299,0.5,0.16666666666666666,0.16666666666666666,0.0,0,0,0,1,7,0.3888888888888889,0.0,0.0,0.013605442176870748,0.0,0.013605442176870748,0.013605442176870748,0.0,0.0,1.3333333333333333,6,46,0.0,0.006802721088435374
javascript,javascript_42,0,0,0,0,0,0,0.0,12.166666666666666,0.02564102564102564,0.07692307692307693,0.16666666666666666,0.16666666666666666,0.16666666666666666,0.0,0,0,1,0,2,0.2,0.0,0.0,0.0,0.01282051282051282,0.0,0.05128205128205128,0.0,0.0,2.6666666666666665,6,21,0.0,0.01282051282051282
javascript,javascript_43,0,0,0,0,0,0,0.0,17.666666666666668,0.018018018018018018,0.05405405405405406,0.5,0.16666666666666666,0.16666666666666666,0.0,0,0,0,1,3,0.21428571428571427,0.0,0.0,0.009009009009009009,0.009009009009009009,0.018018018018018018,0.018018018018018018,0.0,0.0,1.3333333333333333,6,33,0.0,0.018018018018018018
javascript,javascript_44,0,0,0,0,0,0,0.0,26.0,0.037383177570093455,0.037383177570093455,0.5,0.5,0.5,0.0,0,0,0,0,3,0.2,0.0,0.018691588785046728,0.018691588785046728,0.018691588785046728,0.018691588785046728,0.056074766355140186,0.018691588785046728,0.0,0.0,4,38,0.018691588785046728,0.009345794392523364
javascript,javascript_45,0,0,0,0,0,0,0.0,21.666666666666668,0.02962962962962963,0.05925925925925926,0.5,0.16666666666666666,0.16666666666666666,0.0,0,0,0,1,6,0.375,0.0,0.0,0.014814814814814815,0.0,0.014814814814814815,0.014814814814814815,0.0,0.0,1.3333333333333333,6,46,0.014814814814814815,0.007407407407407408
javascript,javascript_47,0,0,0,0,0,0,0.0,22.5,0.02857142857142857,0.07142857142857142,0.5,0.16666666666666666,0.16666666666666666,0.0,0,0,0,1,5,0.29411764705882354,0.0,0.0,0.007142857142857143,0.0,0.02857142857142857,0.014285714285714285,0.0,0.0,1.3333333333333333,6,46,0.0,0.007142857142857143
javascript,javascript_48,0,0,0,0,0,0,0.0,16.0,0.01694915254237288,0.05084745762711865,0.2857142857142857,0.14285714285714285,0.14285714285714285,0.0,0,0,1,0,3,0.1875,0.0,0.0,0.00847457627118644,0.00847457627118644,0.0,0.03389830508474576,0.0,0.0,2.2857142857142856,7,27,0.0,0.00847457627118644
javascript,javascript_50,0,0,0,0,0,0,0.0,32.5,0.022556390977443608,0.06015037593984962,0.75,0.25,0.25,0.0,0,0,0,0,4,0.21052631578947367,0.0,0.015037593984962405,0.03007518796992481,0.03007518796992481,0.015037593984962405,0.045112781954887216,0.015037593984962405,0.0,0.0,4,53,0.022556390977443608,0.007518796992481203
javascript,javascript_53,0,0,0,0,0,0,0.0,12.0,0.0,0.09375,0.2,0.0,0.0,0.0,0,0,1,0,2,0.25,0.0,0.0,0.0,0.015625,0.0,0.0625,0.0,0.0,3.2,5,21,0.0,0.015625
javascript,javascript_55,0,0,0,0,0,0,0.0,18.0,0.035398230088495575,0.05309734513274336,0.3333333333333333,0.3333333333333333,0.3333333333333333,0.0,0,0,0,1,2,0.14285714285714285,0.0,0.0,0.0,0.008849557522123894,0.017699115044247787,0.017699115044247787,0.0,0.0,1.3333333333333333,6,33,0.0,0.017699115044247787
javascript,javascript_59,0,0,0,0,0,0,0.0,31.0,0.018867924528301886,0.07547169811320754,0.6,0.0,0.0,0.0,0,0,0,1,6,0.3,0.0,0.0,0.018867924528301886,0.012578616352201259,0.012578616352201259,0.012578616352201259,0.0,0.0,1.6,5,53,0.006289308176100629,0.006289308176100629
javascript,javascript_61,0,0,0,0,0,0,0.0,38.333333333333336,0.008547008547008548,0.06837606837606838,1.0,0.0,0.0,0.0,0,0,0,0,3,0.17647058823529413,0.0,0.017094017094017096,0.03418803418803419,0.03418803418803419,0.017094017094017096,0.05128205128205128,0.017094017094017096,0.0,0.0,3,53,0.02564102564102564,0.008547008547008548
javascript,javascript_62,0,0,0,0,0,0,0.0,27.25,0.017857142857142856,0.05357142857142857,0.75,0.25,0.25,0.0,0,0,0,0,2,0.125,0.0,0.017857142857142856,0.017857142857142856,0.017857142857142856,0.03571428571428571,0.05357142857142857,0.017857142857142856,0.0,0.0,4,38,0.017857142857142856,0.008928571428571428
javascript,javascript_63,0,0,0,0,0,0,0.0,25.0,0.02912621359223301,0.038834951456310676,0.75,0.5,0.25,0.0,0,0,0,0,3,0.21428571428571427,0.0,0.0,0.038834951456310676,0.019417475728155338,0.0,0.019417475728155338,0.0,0.0,0.0,4,36,0.05825242718446602,0.0
javascript,javascript_65,0,0,0,0,0,0,0.0,25.8,0.03007518796992481,0.03007518796992481,0.6,0.4,0.4,0.0,0,0,0,0,4,0.21052631578947367,0.0,0.015037593984962405,0.022556390977443608,0.015037593984962405,0.015037593984962405,0.045112781954887216,0.015037593984962405,0.0,0.0,5,38,0.015037593984962405,0.007518796992481203
javascript,javascript_66,0,0,0,0,0,0,0.0,25.0,0.04854368932038835,0.038834951456310676,0.5,0.75,0.5,0.0,0,0,0,0,3,0.21428571428571427,0.0,0.0,0.02912621359223301,0.019417475728155338,0.0,0.019417475728155338,0.0,0.0,0.0,4,36,0.038834951456310676,0.0
javascript,javascript_68,0,0,0,0,0,0,0.0,28.0,0.028901734104046242,0.06936416184971098,0.5,0.16666666666666666,0.16666666666666666,0.0,0,0,0,1,6,0.2727272727272727,0.0,0.0,0.017341040462427744,0.011560693641618497,0.011560693641618497,0.011560693641618497,0.0,0.0,1.3333333333333333,6,53,0.005780346820809248,0.005780346820809248
javascript,javascript_72,0,0,0,0,0,0,0.0,31.0,0.031496062992125984,0.06299212598425197,0.75,0.5,0.25,0.0,0,0,0,0,3,0.16666666666666666,0.0,0.0,0.03937007874015748,0.031496062992125984,0.0,0.015748031496062992,0.0,0.0,0.0,4,53,0.03937007874015748,0.0
javascript,javascript_73,0,0,0,0,0,0,0.0,23.5,0.020618556701030927,0.041237113402061855,0.75,0.25,0.25,0.0,0,0,0,0,3,0.21428571428571427,0.0,0.020618556701030927,0.030927835051546393,0.020618556701030927,0.041237113402061855,0.061855670103092786,0.020618556701030927,0.0,0.0,4,38,0.020618556701030927,0.010309278350515464
javascript,javascript_75,0,0,0,0,0,0,0.0,24.333333333333332,0.013333333333333334,0.05333333333333334,1.0,0.3333333333333333,0.0,0.0,0,0,0,0,3,0.3,0.0,0.0,0.05333333333333334,0.02666666666666667,0.0,0.02666666666666667,0.0,0.0,0.0,3,36,0.08,0.0
javascript,javascript_76,0,0,0,0,0,0,0.0,34.5,0.028368794326241134,0.05673758865248227,0.75,0.5,0.25,0.0,0,0,0,0,3,0.15,0.0,0.0,0.03546099290780142,0.028368794326241134,0.0,0.014184397163120567,0.0,0.0,0.0,4,53,0.03546099290780142,0.0
javascript,javascript_77,0,0,0,0,0,0,0.0,13.166666666666666,0.0,0.07142857142857142,0.3333333333333333,0.0,0.0,0.0,0,0,1,0,3,0.2727272727272727,0.0,0.0,0.011904761904761904,0.011904761904761904,0.023809523809523808,0.047619047619047616,0.0,0.0,2.6666666666666665,6,21,0.0,0.011904761904761904
javascript,javascript_78,0,0,0,0,0,0,0.0,14.571428571428571,0.018518518518518517,0.05555555555555555,0.2857142857142857,0.14285714285714285,0.14285714285714285,0.0,0,0,1,0,3,0.21428571428571427,0.0,0.0,0.009259259259259259,0.009259259259259259,0.0,0.037037037037037035,0.0,0.0,2.2857142857142856,7,27,0.018518518518518517,0.009259259259259259
javascript,javascript_80,0,0,0,0,0,0,0.0,14.571428571428571,0.037037037037037035,0.05555555555555555,0.14285714285714285,0.2857142857142857,0.2857142857142857,0.0,0,0,1,0,3,0.21428571428571427,0.0,0.0,0.0,0.009259259259259259,0.0,0.037037037037037035,0.0,0.0,2.2857142857142856,7,27,0.0,0.009259259259259259
javascript,javascript_82,0,0,0,0,0,0,0.0,16.142857142857142,0.03361344537815126,0.05042016806722689,0.42857142857142855,0.2857142857142857,0.2857142857142857,0.0,0,0,0,1,3,0.2,0.0,0.0,0.008403361344537815,0.008403361344537815,0.03361344537815126,0.01680672268907563,0.0,0.0,1.1428571428571428,7,33,0.0,0.01680672268907563
javascript,javascript_84,0,0,0,0,0,0,0.0,27.2,0.02857142857142857,0.04285714285714286,0.6,0.4,0.4,0.0,0,0,0,0,2,0.1,0.0,0.014285714285714285,0.014285714285714285,0.014285714285714285,0.02857142857142857,0.04285714285714286,0.014285714285714285,0.0,0.0,5,38,0.014285714285714285,0.007142857142857143
javascript,javascript_85,0,0,0,0,0,0,0.0,24.25,0.02,0.06,0.75,0.25,0.25,0.0,0,0,0,0,3,0.21428571428571427,0.0,0.02,0.02,0.02,0.04,0.06,0.02,0.0,0.0,4,38,0.02,0.01
javascript,javascript_88,0,0,0,0,0,0,0.0,24.333333333333332,0.04,0.05333333333333334,0.6666666666666666,0.6666666666666666,0.3333333333333333,0.0,0,0,0,0,3,0.3,0.0,0.0,0.04,0.02666666666666667,0.0,0.02666666666666667,0.0,0.0,0.0,3,36,0.05333333333333334,0.0
javascript,javascript_92,0,0,0,0,0,0,0.0,28.333333333333332,0.034482758620689655,0.04597701149425287,0.6666666666666666,0.6666666666666666,0.3333333333333333,0.0,0,0,0,0,2,0.16666666666666666,0.0,0.0,0.034482758620689655,0.022988505747126436,0.0,0.022988505747126436,0.0,0.0,0.0,3,36,0.04597701149425287,0.0
javascript,javascript_94,0,0,0,0,0,0,0.0,23.4,0.01652892561983471,0.06611570247933884,0.6,0.0,0.0,0.0,0,0,0,1,6,0.42857142857142855,0.0,0.0,0.01652892561983471,0.0,0.01652892561983471,0.01652892561983471,0.0,0.0,1.6,5,46,0.01652892561983471,0.008264462809917356
javascript,javascript_95,0,0,0,0,0,0,0.0,26.0,0.037383177570093455,0.037383177570093455,0.5,0.5,0.5,0.0,0,0,0,0,3,0.2,0.0,0.018691588785046728,0.018691588785046728,0.018691588785046728,0.018691588785046728,0.056074766355140186,0.018691588785046728,0.0,0.0,4,38,0.018691588785046728,0.009345794392523364
javascript,javascript_98,0,0,0,0,0,0,0.0,22.5,0.043010752688172046,0.043010752688172046,0.5,0.5,0.5,0.0,0,0,0,0,3,0.23076923076923078,0.0,0.021505376344086023,0.021505376344086023,0.021505376344086023,0.021505376344086023,0.06451612903225806,0.021505376344086023,0.0,0.0,4,38,0.021505376344086023,0.010752688172043012
javascript,javascript_100,0,0,0,0,0,0,0.0,23.0,0.03592814371257485,0.04790419161676647,0.42857142857142855,0.2857142857142857,0.2857142857142857,0.0,0,0,0,1,6,0.2857142857142857,0.0,0.0,0.011976047904191617,0.0,0.023952095808383235,0.011976047904191617,0.0,0.0,1.1428571428571428,7,46,0.0,0.005988023952095809
javascript,javascript_101,0,0,0,0,0,0,0.0,25.5,0.01904761904761905,0.0380952380952381,0.75,0.25,0.25,0.0,0,0,0,0,4,0.26666666666666666,0.0,0.01904761904761905,0.02857142857142857,0.01904761904761905,0.01904761904761905,0.05714285714285714,0.01904761904761905,0.0,0.0,4,38,0.01904761904761905,0.009523809523809525
javascript,javascript_104,0,0,0,0,0,0,0.0,16.6,0.022988505747126436,0.06896551724137931,0.4,0.2,0.2,0.0,0,0,0,1,3,0.3,0.0,0.0,0.0,0.011494252873563218,0.022988505747126436,0.022988505747126436,0.0,0.0,1.6,5,33,0.0,0.022988505747126436
javascript,javascript_108,0,0,0,0,0,0,0.0,28.5,0.017094017094017096,0.03418803418803419,0.75,0.25,0.25,0.0,0,0,0,0,3,0.17647058823529413,0.0,0.017094017094017096,0.02564102564102564,0.017094017094017096,0.017094017094017096,0.05128205128205128,0.017094017094017096,0.0,0.0,4,38,0.017094017094017096,0.008547008547008548
javascript,javascript_110,0,0,0,0,0,0,0.0,35.5,0.020689655172413793,0.05517241379310345,0.75,0.25,0.25,0.0,0,0,0,0,3,0.14285714285714285,0.0,0.013793103448275862,0.027586206896551724,0.027586206896551724,0.013793103448275862,0.041379310344827586,0.013793103448275862,0.0,0.0,4,53,0.020689655172413793,0.006896551724137931
javascript,javascript_112,0,0,0,0,0,0,0.0,17.6,0.0,0.08695652173913043,0.6,0.0,0.0,0.0,0,0,0,1,2,0.18181818181818182,0.0,0.0,0.0,0.010869565217391304,0.043478260869565216,0.021739130434782608,0.0,0.0,1.6,5,33,0.0,0.021739130434782608
javascript,javascript_113,0,0,0,0,0,0,0.0,29.857142857142858,0.03255813953488372,0.05581395348837209,0.42857142857142855,0.2857142857142857,0.2857142857142857,0.0,0,0,0,1,6,0.21428571428571427,0.0,0.0,0.013953488372093023,0.009302325581395349,0.009302325581395349,0.009302325581395349,0.0,0.0,1.1428571428571428,7,53,0.004651162790697674,0.004651162790697674
javascript,javascript_115,0,0,0,0,0,0,0.0,18.0,0.022727272727272728,0.07575757575757576,0.2857142857142857,0.14285714285714285,0.14285714285714285,0.0,0,0,1,0,3,0.16666666666666666,0.0,0.0,0.015151515151515152,0.022727272727272728,0.0,0.030303030303030304,0.0,0.0,2.2857142857142856,7,53,0.007575757575757576,0.007575757575757576
javascript,javascript_117,0,0,0,0,0,0,0.0,25.0,0.025974025974025976,0.05194805194805195,0.6666666666666666,0.3333333333333333,0.3333333333333333,0.0,0,0,0,0,2,0.18181818181818182,0.0,0.025974025974025976,0.025974025974025976,0.025974025974025976,0.025974025974025976,0.07792207792207792,0.025974025974025976,0.0,0.0,3,38,0.025974025974025976,0.012987012987012988
javascript,javascript_120,0,0,0,0,0,0,0.0,12.5,0.0,0.075,0.3333333333333333,0.0,0.0,0.0,0,0,1,0,3,0.3,0.0,0.0,0.0125,0.0125,0.0,0.05,0.0,0.0,2.6666666666666665,6,21,0.025,0.0125
javascript,javascript_121,0,0,0,0,0,0,0.0,17.375,0.03424657534246575,0.0684931506849315,0.25,0.25,0.25,0.0,0,0,1,0,3,0.15,0.0,0.0,0.0136986301369863,0.02054794520547945,0.0,0.0273972602739726,0.0,0.0,2.0,8,53,0.00684931506849315,0.00684931506849315
javascript,javascript_123,0,0,0,0,0,0,0.0,22.0,0.029197080291970802,0.058394160583941604,0.5,0.16666666666666666,0.16666666666666666,0.0,0,0,0,1,7,0.4375,0.0,0.0,0.014598540145985401,0.0,0.014598540145985401,0.014598540145985401,0.0,0.0,1.3333333333333333,6,46,0.014598540145985401,0.0072992700729927005
javascript,javascript_124,0,0,0,0,0,0,0.0,24.4,0.031746031746031744,0.047619047619047616,0.6,0.4,0.4,0.0,0,0,0,0,2,0.1111111111111111,0.0,0.015873015873015872,0.015873015873015872,0.015873015873015872,0.031746031746031744,0.047619047619047616,0.015873015873015872,0.0,0.0,5,38,0.015873015873015872,0.007936507936507936
javascript,javascript_127,0,0,0,0,0,0,0.0,24.0,0.030303030303030304,0.04040404040404041,0.75,0.5,0.25,0.0,0,0,0,0,3,0.21428571428571427,0.0,0.0,0.04040404040404041,0.020202020202020204,0.0,0.020202020202020204,0.0,0.0,0.0,4,36,0.04040404040404041,0.0
javascript,javascript_130,0,0,0,0,0,0,0.0,25.4,0.015267175572519083,0.061068702290076333,0.6,0.0,0.0,0.0,0,0,0,1,6,0.375,0.0,0.0,0.015267175572519083,0.0,0.015267175572519083,0.015267175572519083,0.0,0.0,1.6,5,46,0.0,0.007633587786259542
javascript,javascript_133,0,0,0,0,0,0,0.0,21.285714285714285,0.03870967741935484,0.05161290322580645,0.42857142857142855,0.2857142857142857,0.2857142857142857,0.0,0,0,0,1,7,0.3684210526315789,0.0,0.0,0.012903225806451613,0.0,0.025806451612903226,0.012903225806451613,0.0,0.0,1.1428571428571428,7,46,0.0,0.0064516129032258064
javascript,javascript_136,0,0,0,0,0,0,0.0,29.0,0.0,0.0449438202247191,1.0,0.0,0.0,0.0,0,0,0,0,3,0.23076923076923078,0.0,0.02247191011235955,0.033707865168539325,0.02247191011235955,0.02247191011235955,0.06741573033707865,0.02247191011235955,0.0,0.0,3,38,0.02247191011235955,0.011235955056179775
javascript,javascript_138,0,0,0,0,0,0,0.0,13.428571428571429,0.02,0.06,0.2857142857142857,0.14285714285714285,0.14285714285714285,0.0,0,0,1,0,4,0.3076923076923077,0.0,0.0,0.01,0.01,0.02,0.04,0.0,0.0,2.2857142857142856,7,21,0.0,0.01
javascript,javascript_140,0,0,0,0,0,0,0.0,25.666666666666668,0.0,0.05063291139240506,1.0,0.0,0.0,0.0,0,0,0,0,3,0.2727272727272727,0.0,0.02531645569620253,0.0379746835443038,0.02531645569620253,0.02531645569620253,0.0759493670886076,0.02531645569620253,0.0,0.0,3,38,0.05063291139240506,0.012658227848101266
javascript,javascript_142,0,0,0,0,0,0,0.0,26.0,0.028037383177570093,0.037383177570093455,0.75,0.5,0.25,0.0,0,0,0,0,3,0.2,0.0,0.0,0.037383177570093455,0.018691588785046728,0.018691588785046728,0.018691588785046728,0.0,0.0,0.0,4,36,0.037383177570093455,0.0
javascript,javascript_145,0,0,0,0,0,0,0.0,16.6,0.0,0.06896551724137931,0.6,0.0,0.0,0.0,0,0,0,1,3,0.3,0.0,0.0,0.011494252873563218,0.011494252873563218,0.022988505747126436,0.022988505747126436,0.0,0.0,1.6,5,33,0.022988505747126436,0.022988505747126436
javascript,javascript_147,0,0,0,0,0,0,0.0,13.428571428571429,0.02,0.06,0.2857142857142857,0.14285714285714285,0.14285714285714285,0.0,0,0,1,0,4,0.3076923076923077,0.0,0.0,0.01,0.01,0.02,0.04,0.0,0.0,2.2857142857142856,7,21,0.0,0.01
javascript,javascript_152,0,0,0,0,0,0,0.0,21.5,0.033707865168539325,0.0449438202247191,0.75,0.5,0.25,0.0,0,0,0,0,3,0.25,0.0,0.0,0.0449438202247191,0.02247191011235955,0.0,0.02247191011235955,0.0,0.0,0.0,4,36,0.06741573033707865,0.0
javascript,javascript_153,0,0,0,0,0,0,0.0,25.0,0.04854368932038835,0.038834951456310676,0.5,0.75,0.5,0.0,0,0,0,0,3,0.21428571428571427,0.0,0.0,0.02912621359223301,0.019417475728155338,0.0,0.019417475728155338,0.0,0.0,0.0,4,36,0.038834951456310676,0.0
javascript,javascript_154,0,0,0,0,0,0,0.0,21.666666666666668,0.044444444444444446,0.05925925925925926,0.3333333333333333,0.3333333333333333,0.3333333333333333,0.0,0,0,0,1,6,0.375,0.0,0.0,0.007407407407407408,0.0,0.014814814814814815,0.014814814814814815,0.0,0.0,1.3333333333333333,6,46,0.0,0.007407407407407408
javascript,javascript_157,0,0,0,0,0,0,0.0,16.285714285714285,0.03333333333333333,0.05,0.14285714285714285,0.2857142857142857,0.2857142857142857,0.0,0,0,1,0,2,0.125,0.0,0.0,0.0,0.008333333333333333,0.0,0.03333333333333333,0.0,0.0,2.2857142857142856,7,27,0.0,0.008333333333333333
javascript,javascript_161,0,0,0,0,0,0,0.0,14.285714285714286,0.03773584905660377,0.05660377358490566,0.14285714285714285,0.2857142857142857,0.2857142857142857,0.0,0,0,1,0,2,0.14285714285714285,0.0,0.0,0.0,0.009433962264150943,0.0,0.03773584905660377,0.0,0.0,2.2857142857142856,7,27,0.0,0.009433962264150943
javascript,javascript_163,0,0,0,0,0,0,0.0,24.0,0.030303030303030304,0.04040404040404041,0.75,0.5,0.25,0.0,0,0,0,0,3,0.21428571428571427,0.0,0.0,0.04040404040404041,0.020202020202020204,0.0,0.020202020202020204,0.0,0.0,0.0,4,36,0.04040404040404041,0.0
javascript,javascript_167,0,0,0,0,0,0,0.0,26.25,0.027777777777777776,0.05555555555555555,0.75,0.5,0.25,0.0,0,0,0,0,2,0.13333333333333333,0.0,0.0,0.027777777777777776,0.018518518518518517,0.018518518518518517,0.018518518518518517,0.0,0.0,0.0,4,36,0.037037037037037035,0.0
javascript,javascript_173,0,0,0,0,0,0,0.0,15.142857142857142,0.017857142857142856,0.05357142857142857,0.2857142857142857,0.14285714285714285,0.14285714285714285,0.0,0,0,1,0,3,0.2,0.0,0.0,0.008928571428571428,0.008928571428571428,0.017857142857142856,0.03571428571428571,0.0,0.0,2.2857142857142856,7,27,0.0,0.008928571428571428
javascript,javascript_175,0,0,0,0,0,0,0.0,21.428571428571427,0.038461538461538464,0.0641025641025641,0.42857142857142855,0.2857142857142857,0.2857142857142857,0.0,0,0,0,1,6,0.3157894736842105,0.0,0.0,0.00641025641025641,0.0,0.02564102564102564,0.01282051282051282,0.0,0.0,1.1428571428571428,7,46,0.0,0.00641025641025641
javascript,javascript_176,0,0,0,0,0,0,0.0,29.666666666666668,0.02197802197802198,0.04395604395604396,0.6666666666666666,0.3333333333333333,0.3333333333333333,0.0,0,0,0,0,2,0.15384615384615385,0.0,0.02197802197802198,0.02197802197802198,0.02197802197802198,0.02197802197802198,0.06593406593406594,0.02197802197802198,0.0,0.0,3,38,0.02197802197802198,0.01098901098901099
javascript,javascript_178,0,0,0,0,0,0,0.0,22.5,0.03225806451612903,0.043010752688172046,0.75,0.5,0.25,0.0,0,0,0,0,3,0.23076923076923078,0.0,0.0,0.043010752688172046,0.021505376344086023,0.021505376344086023,0.021505376344086023,0.0,0.0,0.0,4,36,0.043010752688172046,0.0
javascript,javascript_179,0,0,0,0,0,0,0.0,15.666666666666666,0.04040404040404041,0.06060606060606061,0.3333333333333333,0.3333333333333333,0.3333333333333333,0.0,0,0,0,1,2,0.16666666666666666,0.0,0.0,0.0,0.010101010101010102,0.020202020202020204,0.020202020202020204,0.0,0.0,1.3333333333333333,6,33,0.0,0.020202020202020204
javascript,javascript_180,0,0,0,0,0,0,0.0,27.666666666666668,0.011764705882352941,0.047058823529411764,1.0,0.3333333333333333,0.0,0.0,0,0,0,0,3,0.25,0.0,0.0,0.047058823529411764,0.023529411764705882,0.0,0.023529411764705882,0.0,0.0,0.0,3,36,0.047058823529411764,0.0
javascript,javascript_182,0,0,0,0,0,0,0.0,27.0,0.0,0.04819277108433735,1.0,0.0,0.0,0.0,0,0,0,0,3,0.25,0.0,0.024096385542168676,0.03614457831325301,0.024096385542168676,0.04819277108433735,0.07228915662650602,0.024096385542168676,0.0,0.0,3,38,0.024096385542168676,0.012048192771084338
javascript,javascript_185,0,0,0,0,0,0,0.0,28.333333333333332,0.02857142857142857,0.06857142857142857,0.5,0.16666666666666666,0.16666666666666666,0.0,0,0,0,1,7,0.3181818181818182,0.0,0.0,0.017142857142857144,0.011428571428571429,0.011428571428571429,0.011428571428571429,0.0,0.0,1.3333333333333333,6,53,0.005714285714285714,0.005714285714285714
javascript,javascript_187,0,0,0,0,0,0,0.0,12.857142857142858,0.020833333333333332,0.0625,0.2857142857142857,0.14285714285714285,0.14285714285714285,0.0,0,0,1,0,4,0.3333333333333333,0.0,0.0,0.010416666666666666,0.010416666666666666,0.0,0.041666666666666664,0.0,0.0,2.2857142857142856,7,21,0.020833333333333332,0.010416666666666666
javascript,javascript_198,0,0,0,0,0,0,0.0,14.285714285714286,0.018867924528301886,0.05660377358490566,0.2857142857142857,0.14285714285714285,0.14285714285714285,0.0,0,0,1,0,4,0.2857142857142857,0.0,0.0,0.009433962264150943,0.009433962264150943,0.0,0.03773584905660377,0.0,0.0,2.2857142857142856,7,25,0.0,0.009433962264150943
javascript,javascript_200,0,0,0,0,0,0,0.0,18.571428571428573,0.029411764705882353,0.058823529411764705,0.42857142857142855,0.2857142857142857,0.2857142857142857,0.0,0,0,0,1,3,0.17647058823529413,0.0,0.0,0.0,0.007352941176470588,0.029411764705882353,0.014705882352941176,0.0,0.0,1.1428571428571428,7,33,0.0,0.014705882352941176
javascript,javascript_201,0,0,0,0,0,0,0.0,21.666666666666668,0.02962962962962963,0.05925925925925926,0.5,0.16666666666666666,0.16666666666666666,0.0,0,0,0,1,6,0.375,0.0,0.0,0.014814814814814815,0.0,0.014814814814814815,0.014814814814814815,0.0,0.0,1.3333333333333333,6,46,0.014814814814814815,0.007407407407407408
javascript,javascript_204,0,0,0,0,0,0,0.0,23.666666666666668,0.04081632653061224,0.05442176870748299,0.3333333333333333,0.3333333333333333,0.3333333333333333,0.0,0,0,0,1,5,0.2777777777777778,0.0,0.0,0.006802721088435374,0.0,0.013605442176870748,0.013605442176870748,0.0,0.0,1.3333333333333333,6,46,0.0,0.006802721088435374
javascript,javascript_206,0,0,0,0,0,0,0.0,22.75,0.031914893617021274,0.06382978723404255,0.75,0.5,0.25,0.0,0,0,0,0,2,0.15384615384615385,0.0,0.0,0.031914893617021274,0.02127659574468085,0.02127659574468085,0.02127659574468085,0.0,0.0,0.0,4,36,0.0425531914893617,0.0
javascript,javascript_209,0,0,0,0,0,0,0.0,26.2,0.02962962962962963,0.02962962962962963,0.6,0.4,0.4,0.0,0,0,0,0,3,0.15789473684210525,0.0,0.014814814814814815,0.022222222222222223,0.014814814814814815,0.014814814814814815,0.044444444444444446,0.014814814814814815,0.0,0.0,5,38,0.02962962962962963,0.007407407407407408
javascript,javascript_210,0,0,0,0,0,0,0.0,18.333333333333332,0.017391304347826087,0.05217391304347826,0.5,0.16666666666666666,0.16666666666666666,0.0,0,0,0,1,3,0.21428571428571427,0.0,0.0,0.008695652173913044,0.008695652173913044,0.017391304347826087,0.017391304347826087,0.0,0.0,1.3333333333333333,6,33,0.017391304347826087,0.017391304347826087
javascript,javascript_213,0,0,0,0,0,0,0.0,15.875,0.029850746268656716,0.04477611940298507,0.25,0.25,0.25,0.0,0,0,1,0,4,0.2222222222222222,0.0,0.0,0.007462686567164179,0.007462686567164179,0.0,0.029850746268656716,0.0,0.0,2.0,8,27,0.0,0.007462686567164179
javascript,javascript_214,0,0,0,0,0,0,0.0,18.6,0.0,0.061855670103092786,0.6,0.0,0.0,0.0,0,0,0,1,3,0.25,0.0,0.0,0.010309278350515464,0.010309278350515464,0.020618556701030927,0.020618556701030927,0.0,0.0,1.6,5,33,0.0,0.020618556701030927
javascript,javascript_223,0,0,0,0,0,0,0.0,13.142857142857142,0.02040816326530612,0.061224489795918366,0.2857142857142857,0.14285714285714285,0.14285714285714285,0.0,0,0,1,0,3,0.23076923076923078,0.0,0.0,0.01020408163265306,0.01020408163265306,0.02040816326530612,0.04081632653061224,0.0,0.0,2.2857142857142856,7,21,0.0,0.01020408163265306
javascript,javascript_230,0,0,0,0,0,0,0.0,12.571428571428571,0.02127659574468085,0.06382978723404255,0.2857142857142857,0.14285714285714285,0.14285714285714285,0.0,0,0,1,0,3,0.25,0.0,0.0,0.010638297872340425,0.010638297872340425,0.0,0.0425531914893617,0.0,0.0,2.2857142857142856,7,21,0.02127659574468085,0.010638297872340425
javascript,javascript_241,0,0,0,0,0,0,0.0,16.333333333333332,0.038834951456310676,0.05825242718446602,0.3333333333333333,0.3333333333333333,0.3333333333333333,0.0,0,0,0,1,4,0.3333333333333333,0.0,0.0,0.0,0.009708737864077669,0.019417475728155338,0.019417475728155338,0.0,0.0,1.3333333333333333,6,33,0.0,0.019417475728155338
javascript,javascript_249,0,0,0,0,0,0,0.0,32.0,0.022900763358778626,0.061068702290076333,0.75,0.25,0.25,0.0,0,0,0,0,3,0.15789473684210525,0.0,0.015267175572519083,0.030534351145038167,0.030534351145038167,0.015267175572519083,0.04580152671755725,0.015267175572519083,0.0,0.0,4,53,0.022900763358778626,0.007633587786259542
javascript,javascript_259,0,0,0,0,0,0,0.0,21.5,0.033707865168539325,0.0449438202247191,0.75,0.5,0.25,0.0,0,0,0,0,3,0.25,0.0,0.0,0.0449438202247191,0.02247191011235955,0.0,0.02247191011235955,0.0,0.0,0.0,4,36,0.06741573033707865,0.0
javascript,javascript_266,0,0,0,0,0,0,0.0,16.75,0.028368794326241134,0.05673758865248227,0.25,0.25,0.25,0.0,0,0,1,0,2,0.10526315789473684,0.0,0.0,0.0,0.0070921985815602835,0.014184397163120567,0.028368794326241134,0.0,0.0,2.0,8,27,0.0,0.0070921985815602835
javascript,javascript_267,0,0,0,0,0,0,0.0,23.0,0.042105263157894736,0.042105263157894736,0.5,0.5,0.5,0.0,0,0,0,0,4,0.3076923076923077,0.0,0.021052631578947368,0.021052631578947368,0.021052631578947368,0.021052631578947368,0.06315789473684211,0.021052631578947368,0.0,0.0,4,38,0.021052631578947368,0.010526315789473684
javascript,javascript_268,0,0,0,0,0,0,0.0,24.0,0.026845637583892617,0.053691275167785234,0.5,0.16666666666666666,0.16666666666666666,0.0,0,0,0,1,6,0.3333333333333333,0.0,0.0,0.013422818791946308,0.0,0.013422818791946308,0.013422818791946308,0.0,0.0,1.3333333333333333,6,46,0.013422818791946308,0.006711409395973154
javascript,javascript_269,0,0,0,0,0,0,0.0,22.0,0.03296703296703297,0.04395604395604396,0.75,0.5,0.25,0.0,0,0,0,0,4,0.3333333333333333,0.0,0.0,0.04395604395604396,0.02197802197802198,0.0,0.02197802197802198,0.0,0.0,0.0,4,36,0.06593406593406594,0.0
javascript,javascript_273,0,0,0,0,0,0,0.0,18.333333333333332,0.034782608695652174,0.05217391304347826,0.3333333333333333,0.3333333333333333,0.3333333333333333,0.0,0,0,0,1,3,0.21428571428571427,0.0,0.0,0.0,0.008695652173913044,0.017391304347826087,0.017391304347826087,0.0,0.0,1.3333333333333333,6,33,0.0,0.017391304347826087
javascript,javascript_274,0,0,0,0,0,0,0.0,21.333333333333332,0.045112781954887216,0.06015037593984962,0.3333333333333333,0.3333333333333333,0.3333333333333333,0.0,0,0,0,1,5,0.3125,0.0,0.0,0.007518796992481203,0.0,0.015037593984962405,0.015037593984962405,0.0,0.0,1.3333333333333333,6,46,0.0,0.007518796992481203
javascript,javascript_275,0,0,0,0,0,0,0.0,29.0,0.03361344537815126,0.03361344537815126,0.5,0.5,0.5,0.0,0,0,0,0,2,0.11764705882352941,0.0,0.01680672268907563,0.01680672268907563,0.01680672268907563,0.01680672268907563,0.05042016806722689,0.01680672268907563,0.0,0.0,4,38,0.01680672268907563,0.008403361344537815
javascript,javascript_283,0,0,0,0,0,0,0.0,25.0,0.02912621359223301,0.038834951456310676,0.75,0.5,0.25,0.0,0,0,0,0,3,0.21428571428571427,0.0,0.0,0.038834951456310676,0.019417475728155338,0.0,0.019417475728155338,0.0,0.0,0.0,4,36,0.05825242718446602,0.0
javascript,javascript_284,0,0,0,0,0,0,0.0,12.857142857142858,0.041666666666666664,0.0625,0.14285714285714285,0.2857142857142857,0.2857142857142857,0.0,0,0,1,0,4,0.3333333333333333,0.0,0.0,0.0,0.010416666666666666,0.0,0.041666666666666664,0.0,0.0,2.2857142857142856,7,21,0.0,0.010416666666666666
javascript,javascript_285,0,0,0,0,0,0,0.0,28.0,0.028901734104046242,0.06936416184971098,0.5,0.16666666666666666,0.16666666666666666,0.0,0,0,0,1,6,0.2727272727272727,0.0,0.0,0.017341040462427744,0.011560693641618497,0.011560693641618497,0.011560693641618497,0.0,0.0,1.3333333333333333,6,53,0.005780346820809248,0.005780346820809248
javascript,javascript_301,0,0,0,0,0,0,0.0,14.571428571428571,0.037037037037037035,0.05555555555555555,0.14285714285714285,0.2857142857142857,0.2857142857142857,0.0,0,0,1,0,3,0.21428571428571427,0.0,0.0,0.0,0.009259259259259259,0.0,0.037037037037037035,0.0,0.0,2.2857142857142856,7,27,0.0,0.009259259259259259
javascript,javascript_304,0,0,0,0,0,0,0.0,15.857142857142858,0.03418803418803419,0.05128205128205128,0.42857142857142855,0.2857142857142857,0.2857142857142857,0.0,0,0,0,1,4,0.2857142857142857,0.0,0.0,0.008547008547008548,0.008547008547008548,0.017094017094017096,0.017094017094017096,0.0,0.0,1.1428571428571428,7,33,0.017094017094017096,0.017094017094017096
javascript,javascript_306,0,0,0,0,0,0,0.0,22.833333333333332,0.028169014084507043,0.07042253521126761,0.5,0.16666666666666666,0.16666666666666666,0.0,0,0,0,1,6,0.35294117647058826,0.0,0.0,0.007042253521126761,0.0,0.028169014084507043,0.014084507042253521,0.0,0.0,1.3333333333333333,6,46,0.0,0.007042253521126761
javascript,javascript_311,0,0,0,0,0,0,0.0,18.0,0.035398230088495575,0.05309734513274336,0.3333333333333333,0.3333333333333333,0.3333333333333333,0.0,0,0,0,1,2,0.14285714285714285,0.0,0.0,0.0,0.008849557522123894,0.017699115044247787,0.017699115044247787,0.0,0.0,1.3333333333333333,6,33,0.0,0.017699115044247787
javascript,javascript_319,0,0,0,0,0,0,0.0,17.166666666666668,0.018518518518518517,0.07407407407407407,0.5,0.16666666666666666,0.16666666666666666,0.0,0,0,0,1,3,0.23076923076923078,0.0,0.0,0.0,0.009259259259259259,0.037037037037037035,0.018518518518518517,0.0,0.0,1.3333333333333333,6,33,0.0,0.018518518518518517
javascript,javascript_323,0,0,0,0,0,0,0.0,23.5,0.020618556701030927,0.041237113402061855,0.75,0.25,0.25,0.0,0,0,0,0,3,0.21428571428571427,0.0,0.020618556701030927,0.030927835051546393,0.020618556701030927,0.041237113402061855,0.061855670103092786,0.020618556701030927,0.0,0.0,4,38,0.020618556701030927,0.010309278350515464
javascript,javascript_326,0,0,0,0,0,0,0.0,20.0,0.016,0.048,0.5,0.16666666666666666,0.16666666666666666,0.0,0,0,0,1,3,0.1875,0.0,0.0,0.008,0.008,0.016,0.016,0.0,0.0,1.3333333333333333,6,33,0.0,0.016
javascript,javascript_328,0,0,0,0,0,0,0.0,23.285714285714285,0.029585798816568046,0.05917159763313609,0.42857142857142855,0.2857142857142857,0.2857142857142857,0.0,0,0,0,1,4,0.18181818181818182,0.0,0.0,0.011834319526627219,0.01775147928994083,0.011834319526627219,0.011834319526627219,0.0,0.0,1.1428571428571428,7,53,0.005917159763313609,0.011834319526627219
javascript,javascript_329,0,0,0,0,0,0,0.0,20.333333333333332,0.031496062992125984,0.047244094488188976,0.3333333333333333,0.3333333333333333,0.3333333333333333,0.0,0,0,0,1,2,0.125,0.0,0.0,0.0,0.007874015748031496,0.015748031496062992,0.015748031496062992,0.0,0.0,1.3333333333333333,6,33,0.0,0.015748031496062992
javascript,javascript_338,0,0,0,0,0,0,0.0,24.5,0.04950495049504951,0.039603960396039604,0.5,0.75,0.5,0.0,0,0,0,0,2,0.14285714285714285,0.0,0.0,0.0297029702970297,0.019801980198019802,0.0,0.019801980198019802,0.0,0.0,0.0,4,36,0.039603960396039604,0.0
javascript,javascript_348,0,0,0,0,0,0,0.0,24.833333333333332,0.025974025974025976,0.06493506493506493,0.5,0.16666666666666666,0.16666666666666666,0.0,0,0,0,1,5,0.2631578947368421,0.0,0.0,0.006493506493506494,0.0,0.025974025974025976,0.012987012987012988,0.0,0.0,1.3333333333333333,6,46,0.0,0.006493506493506494
javascript,javascript_349,0,0,0,0,0,0,0.0,18.285714285714285,0.022388059701492536,0.07462686567164178,0.2857142857142857,0.14285714285714285,0.14285714285714285,0.0,0,0,1,0,4,0.2222222222222222,0.0,0.0,0.014925373134328358,0.022388059701492536,0.0,0.029850746268656716,0.0,0.0,2.2857142857142856,7,53,0.007462686567164179,0.007462686567164179
javascript,javascript_352,0,0,0,0,0,0,0.0,22.0,0.04395604395604396,0.04395604395604396,0.5,0.5,0.5,0.0,0,0,0,0,2,0.15384615384615385,0.0,0.02197802197802198,0.02197802197802198,0.02197802197802198,0.02197802197802198,0.06593406593406594,0.02197802197802198,0.0,0.0,4,38,0.02197802197802198,0.01098901098901099
javascript,javascript_354,0,0,0,0,0,0,0.0,24.0,0.020202020202020204,0.04040404040404041,0.75,0.25,0.25,0.0,0,0,0,0,4,0.2857142857142857,0.0,0.020202020202020204,0.030303030303030304,0.020202020202020204,0.04040404040404041,0.06060606060606061,0.020202020202020204,0.0,0.0,4,38,0.020202020202020204,0.010101010101010102
javascript,javascript_355,0,0,0,0,0,0,0.0,21.0,0.03669724770642202,0.03669724770642202,0.6,0.4,0.4,0.0,0,0,0,0,4,0.26666666666666666,0.0,0.01834862385321101,0.027522935779816515,0.01834862385321101,0.01834862385321101,0.05504587155963303,0.01834862385321101,0.0,0.0,5,38,0.03669724770642202,0.009174311926605505
javascript,javascript_357,0,0,0,0,0,0,0.0,19.0,0.020202020202020204,0.06060606060606061,0.4,0.2,0.2,0.0,0,0,0,1,2,0.16666666666666666,0.0,0.0,0.0,0.010101010101010102,0.020202020202020204,0.020202020202020204,0.0,0.0,1.6,5,33,0.0,0.020202020202020204
javascript,javascript_358,0,0,0,0,0,0,0.0,18.333333333333332,0.034782608695652174,0.05217391304347826,0.3333333333333333,0.3333333333333333,0.3333333333333333,0.0,0,0,0,1,3,0.21428571428571427,0.0,0.0,0.0,0.008695652173913044,0.017391304347826087,0.017391304347826087,0.0,0.0,1.3333333333333333,6,33,0.0,0.017391304347826087
javascript,javascript_361,0,0,0,0,0,0,0.0,17.375,0.0273972602739726,0.0410958904109589,0.25,0.25,0.25,0.0,0,0,1,0,3,0.15,0.0,0.0,0.00684931506849315,0.00684931506849315,0.0,0.0273972602739726,0.0,0.0,2.0,8,27,0.0,0.00684931506849315
javascript,javascript_367,0,0,0,0,0,0,0.0,14.571428571428571,0.018518518518518517,0.05555555555555555,0.2857142857142857,0.14285714285714285,0.14285714285714285,0.0,0,0,1,0,3,0.21428571428571427,0.0,0.0,0.009259259259259259,0.009259259259259259,0.0,0.037037037037037035,0.0,0.0,2.2857142857142856,7,27,0.018518518518518517,0.009259259259259259
javascript,javascript_372,0,0,0,0,0,0,0.0,13.333333333333334,0.0,0.09411764705882353,0.3333333333333333,0.0,0.0,0.0,0,0,1,0,2,0.18181818181818182,0.0,0.0,0.0,0.011764705882352941,0.023529411764705882,0.047058823529411764,0.0,0.0,2.6666666666666665,6,21,0.0,0.011764705882352941
javascript,javascript_376,0,0,0,0,0,0,0.0,18.0,0.017699115044247787,0.05309734513274336,0.5,0.16666666666666666,0.16666666666666666,0.0,0,0,0,1,4,0.2857142857142857,0.0,0.0,0.008849557522123894,0.008849557522123894,0.017699115044247787,0.017699115044247787,0.0,0.0,1.3333333333333333,6,33,0.0,0.017699115044247787
javascript,javascript_384,0,0,0,0,0,0,0.0,23.4,0.03305785123966942,0.03305785123966942,0.6,0.4,0.4,0.0,0,0,0,0,5,0.29411764705882354,0.0,0.01652892561983471,0.024793388429752067,0.01652892561983471,0.01652892561983471,0.049586776859504134,0.01652892561983471,0.0,0.0,5,38,0.01652892561983471,0.008264462809917356
javascript,javascript_390,0,0,0,0,0,0,0.0,21.285714285714285,0.03870967741935484,0.05161290322580645,0.42857142857142855,0.2857142857142857,0.2857142857142857,0.0,0,0,0,1,7,0.3684210526315789,0.0,0.0,0.012903225806451613,0.0,0.025806451612903226,0.012903225806451613,0.0,0.0,1.1428571428571428,7,46,0.0,0.0064516129032258064
javascript,javascript_394,0,0,0,0,0,0,0.0,23.666666666666668,0.027210884353741496,0.05442176870748299,0.5,0.16666666666666666,0.16666666666666666,0.0,0,0,0,1,7,0.3888888888888889,0.0,0.0,0.013605442176870748,0.0,0.013605442176870748,0.013605442176870748,0.0,0.0,1.3333333333333333,6,46,0.0,0.006802721088435374
javascript,javascript_396,0,0,0,0,0,0,0.0,24.5,0.0297029702970297,0.039603960396039604,0.75,0.5,0.25,0.0,0,0,0,0,4,0.2857142857142857,0.0,0.0,0.039603960396039604,0.019801980198019802,0.0,0.019801980198019802,0.0,0.0,0.0,4,36,0.039603960396039604,0.0
javascript,javascript_399,0,0,0,0,0,0,0.0,13.5,0.034782608695652174,0.06956521739130435,0.25,0.25,0.25,0.0,0,0,1,0,3,0.2,0.0,0.0,0.0,0.008695652173913044,0.017391304347826087,0.034782608695652174,0.0,0.0,2.0,8,21,0.0,0.008695652173913044
javascript,javascript_405,0,0,0,0,0,0,0.0,21.4,0.04504504504504504,0.036036036036036036,0.6,0.6,0.4,0.0,0,0,0,0,5,0.3333333333333333,0.0,0.0,0.036036036036036036,0.018018018018018018,0.018018018018018018,0.018018018018018018,0.0,0.0,0.0,5,36,0.036036036036036036,0.0
javascript,javascript_406,0,0,0,0,0,0,0.0,16.857142857142858,0.03225806451612903,0.06451612903225806,0.42857142857142855,0.2857142857142857,0.2857142857142857,0.0,0,0,0,1,4,0.26666666666666666,0.0,0.0,0.0,0.008064516129032258,0.03225806451612903,0.016129032258064516,0.0,0.0,1.1428571428571428,7,33,0.0,0.016129032258064516
javascript,javascript_407,0,0,0,0,0,0,0.0,21.4,0.036036036036036036,0.036036036036036036,0.6,0.4,0.4,0.0,0,0,0,0,5,0.3333333333333333,0.0,0.018018018018018018,0.02702702702702703,0.018018018018018018,0.018018018018018018,0.05405405405405406,0.018018018018018018,0.0,0.0,5,38,0.036036036036036036,0.009009009009009009
javascript,javascript_413,0,0,0,0,0,0,0.0,24.666666666666668,0.026143790849673203,0.05228758169934641,0.5,0.16666666666666666,0.16666666666666666,0.0,0,0,0,1,6,0.3157894736842105,0.0,0.0,0.013071895424836602,0.0,0.026143790849673203,0.013071895424836602,0.0,0.0,1.3333333333333333,6,46,0.0,0.006535947712418301
javascript,javascript_418,0,0,0,0,0,0,0.0,16.666666666666668,0.01904761904761905,0.05714285714285714,0.5,0.16666666666666666,0.16666666666666666,0.0,0,0,0,1,3,0.23076923076923078,0.0,0.0,0.009523809523809525,0.009523809523809525,0.0380952380952381,0.01904761904761905,0.0,0.0,1.3333333333333333,6,33,0.0,0.01904761904761905
javascript,javascript_420,0,0,0,0,0,0,0.0,25.5,0.0380952380952381,0.0380952380952381,0.5,0.5,0.5,0.0,0,0,0,0,2,0.13333333333333333,0.0,0.01904761904761905,0.01904761904761905,0.01904761904761905,0.01904761904761905,0.05714285714285714,0.01904761904761905,0.0,0.0,4,38,0.01904761904761905,0.009523809523809525
javascript,javascript_427,0,0,0,0,0,0,0.0,24.8,0.03125,0.046875,0.6,0.4,0.4,0.0,0,0,0,0,3,0.16666666666666666,0.0,0.015625,0.015625,0.015625,0.03125,0.046875,0.015625,0.0,0.0,5,38,0.015625,0.0078125
javascript,javascript_430,0,0,0,0,0,0,0.0,24.2,0.016,0.064,0.6,0.0,0.0,0.0,0,0,0,1,6,0.4,0.0,0.0,0.016,0.0,0.032,0.016,0.0,0.0,1.6,5,46,0.0,0.008
javascript,javascript_431,0,0,0,0,0,0,0.0,22.666666666666668,0.028368794326241134,0.05673758865248227,0.5,0.16666666666666666,0.16666666666666666,0.0,0,0,0,1,7,0.4117647058823529,0.0,0.0,0.014184397163120567,0.0,0.028368794326241134,0.014184397163120567,0.0,0.0,1.3333333333333333,6,46,0.0,0.0070921985815602835
javascript,javascript_432,0,0,0,0,0,0,0.0,18.428571428571427,0.02962962962962963,0.044444444444444446,0.42857142857142855,0.2857142857142857,0.2857142857142857,0.0,0,0,0,1,4,0.23529411764705882,0.0,0.0,0.007407407407407408,0.007407407407407408,0.02962962962962963,0.014814814814814815,0.0,0.0,1.1428571428571428,7,33,0.0,0.014814814814814815
javascript,javascript_439,0,0,0,0,0,0,0.0,24.2,0.008,0.08,0.6,0.0,0.0,0.0,0,0,0,1,3,0.1875,0.0,0.0,0.016,0.024,0.016,0.016,0.0,0.0,1.6,5,53,0.008,0.016
javascript,javascript_442,0,0,0,0,0,0,0.0,24.0,0.026845637583892617,0.053691275167785234,0.5,0.16666666666666666,0.16666666666666666,0.0,0,0,0,1,6,0.3333333333333333,0.0,0.0,0.013422818791946308,0.0,0.013422818791946308,0.013422818791946308,0.0,0.0,1.3333333333333333,6,46,0.013422818791946308,0.006711409395973154
javascript,javascript_455,0,0,0,0,0,0,0.0,23.8,0.04065040650406504,0.032520325203252036,0.6,0.6,0.4,0.0,0,0,0,0,4,0.23529411764705882,0.0,0.0,0.032520325203252036,0.016260162601626018,0.016260162601626018,0.016260162601626018,0.0,0.0,0.0,5,36,0.032520325203252036,0.0
javascript,javascript_460,0,0,0,0,0,0,0.0,21.0,0.05747126436781609,0.04597701149425287,0.5,0.75,0.5,0.0,0,0,0,0,2,0.16666666666666666,0.0,0.0,0.034482758620689655,0.022988505747126436,0.0,0.022988505747126436,0.0,0.0,0.0,4,36,0.04597701149425287,0.0
javascript,javascript_462,0,0,0,0,0,0,0.0,17.0,0.018691588785046728,0.056074766355140186,0.5,0.16666666666666666,0.16666666666666666,0.0,0,0,0,1,4,0.3076923076923077,0.0,0.0,0.009345794392523364,0.009345794392523364,0.037383177570093455,0.018691588785046728,0.0,0.0,1.3333333333333333,6,33,0.0,0.018691588785046728
javascript,javascript_464,0,0,0,0,0,0,0.0,18.285714285714285,0.029850746268656716,0.05970149253731343,0.42857142857142855,0.2857142857142857,0.2857142857142857,0.0,0,0,0,1,2,0.11764705882352941,0.0,0.0,0.0,0.007462686567164179,0.029850746268656716,0.014925373134328358,0.0,0.0,1.1428571428571428,7,33,0.0,0.014925373134328358
javascript,javascript_468,0,0,0,0,0,0,0.0,12.875,0.03636363636363636,0.05454545454545454,0.25,0.25,0.25,0.0,0,0,1,0,4,0.2857142857142857,0.0,0.0,0.00909090909090909,0.00909090909090909,0.0,0.03636363636363636,0.0,0.0,2.0,8,21,0.01818181818181818,0.00909090909090909
javascript,javascript_472,0,0,0,0,0,0,0.0,24.666666666666668,0.0196078431372549,0.06535947712418301,0.5,0.16666666666666666,0.16666666666666666,0.0,0,0,0,1,3,0.15,0.0,0.0,0.013071895424836602,0.0196078431372549,0.013071895424836602,0.013071895424836602,0.0,0.0,1.3333333333333333,6,53,0.006535947712418301,0.013071895424836602
javascript,javascript_473,0,0,0,0,0,0,0.0,28.333333333333332,0.02857142857142857,0.06857142857142857,0.5,0.16666666666666666,0.16666666666666666,0.0,0,0,0,1,7,0.3181818181818182,0.0,0.0,0.017142857142857144,0.011428571428571429,0.011428571428571429,0.011428571428571429,0.0,0.0,1.3333333333333333,6,53,0.005714285714285714,0.005714285714285714
javascript,javascript_478,0,0,0,0,0,0,0.0,24.5,0.04950495049504951,0.039603960396039604,0.5,0.75,0.5,0.0,0,0,0,0,2,0.14285714285714285,0.0,0.0,0.0297029702970297,0.019801980198019802,0.0,0.019801980198019802,0.0,0.0,0.0,4,36,0.039603960396039604,0.0
javascript,javascript_483,0,0,0,0,0,0,0.0,12.571428571428571,0.0425531914893617,0.06382978723404255,0.14285714285714285,0.2857142857142857,0.2857142857142857,0.0,0,0,1,0,3,0.25,0.0,0.0,0.0,0.010638297872340425,0.0,0.0425531914893617,0.0,0.0,2.2857142857142856,7,21,0.0,0.010638297872340425
javascript,javascript_499,0,0,0,0,0,0,0.0,28.2,0.034482758620689655,0.05517241379310345,0.6,0.4,0.4,0.0,0,0,0,0,3,0.14285714285714285,0.0,0.013793103448275862,0.027586206896551724,0.027586206896551724,0.013793103448275862,0.041379310344827586,0.013793103448275862,0.0,0.0,5,53,0.020689655172413793,0.006896551724137931
javascript,javascript_503,0,0,0,0,0,0,0.0,26.0,0.0125,0.075,1.0,0.3333333333333333,0.0,0.0,0,0,0,0,2,0.18181818181818182,0.0,0.0,0.0375,0.025,0.025,0.025,0.0,0.0,0.0,3,36,0.05,0.0
javascript,javascript_508,0,0,0,0,0,0,0.0,22.5,0.021505376344086023,0.043010752688172046,0.75,0.25,0.25,0.0,0,0,0,0,3,0.23076923076923078,0.0,0.021505376344086023,0.03225806451612903,0.021505376344086023,0.021505376344086023,0.06451612903225806,0.021505376344086023,0.0,0.0,4,38,0.043010752688172046,0.010752688172043012
javascript,javascript_513,0,0,0,0,0,0,0.0,15.285714285714286,0.017699115044247787,0.07079646017699115,0.2857142857142857,0.14285714285714285,0.14285714285714285,0.0,0,0,1,0,2,0.13333333333333333,0.0,0.0,0.0,0.008849557522123894,0.017699115044247787,0.035398230088495575,0.0,0.0,2.2857142857142856,7,27,0.0,0.008849557522123894
javascript,javascript_514,0,0,0,0,0,0,0.0,22.0,0.03296703296703297,0.04395604395604396,0.75,0.5,0.25,0.0,0,0,0,0,4,0.3333333333333333,0.0,0.0,0.04395604395604396,0.02197802197802198,0.0,0.02197802197802198,0.0,0.0,0.0,4,36,0.06593406593406594,0.0
javascript,javascript_516,0,0,0,0,0,0,0.0,16.0,0.039603960396039604,0.0594059405940594,0.3333333333333333,0.3333333333333333,0.3333333333333333,0.0,0,0,0,1,3,0.25,0.0,0.0,0.0,0.009900990099009901,0.019801980198019802,0.019801980198019802,0.0,0.0,1.3333333333333333,6,33,0.0,0.019801980198019802
javascript,javascript_521,0,0,0,0,0,0,0.0,23.0,0.03361344537815126,0.03361344537815126,0.6,0.4,0.4,0.0,0,0,0,0,4,0.23529411764705882,0.0,0.01680672268907563,0.025210084033613446,0.01680672268907563,0.01680672268907563,0.05042016806722689,0.01680672268907563,0.0,0.0,5,38,0.01680672268907563,0.008403361344537815
javascript,javascript_525,0,0,0,0,0,0,0.0,23.8,0.04065040650406504,0.032520325203252036,0.6,0.6,0.4,0.0,0,0,0,0,4,0.23529411764705882,0.0,0.0,0.032520325203252036,0.016260162601626018,0.016260162601626018,0.016260162601626018,0.0,0.0,0.0,5,36,0.032520325203252036,0.0
javascript,javascript_536,0,0,0,0,0,0,0.0,18.0,0.017699115044247787,0.05309734513274336,0.5,0.16666666666666666,0.16666666666666666,0.0,0,0,0,1,4,0.2857142857142857,0.0,0.0,0.008849557522123894,0.008849557522123894,0.017699115044247787,0.017699115044247787,0.0,0.0,1.3333333333333333,6,33,0.0,0.017699115044247787
javascript,javascript_537,0,0,0,0,0,0,0.0,21.6,0.03571428571428571,0.05357142857142857,0.6,0.4,0.4,0.0,0,0,0,0,2,0.125,0.0,0.017857142857142856,0.017857142857142856,0.017857142857142856,0.03571428571428571,0.05357142857142857,0.017857142857142856,0.0,0.0,5,38,0.017857142857142856,0.008928571428571428
javascript,javascript_555,0,0,0,0,0,0,0.0,24.4,0.015873015873015872,0.07936507936507936,0.6,0.0,0.0,0.0,0,0,0,1,5,0.3333333333333333,0.0,0.0,0.007936507936507936,0.0,0.031746031746031744,0.015873015873015872,0.0,0.0,1.6,5,46,0.0,0.007936507936507936
javascript,javascript_558,0,0,0,0,0,0,0.0,25.5,0.01904761904761905,0.0380952380952381,0.75,0.25,0.25,0.0,0,0,0,0,4,0.26666666666666666,0.0,0.01904761904761905,0.02857142857142857,0.01904761904761905,0.01904761904761905,0.05714285714285714,0.01904761904761905,0.0,0.0,4,38,0.01904761904761905,0.009523809523809525
javascript,javascript_570,0,0,0,0,0,0,0.0,30.6,0.03821656050955414,0.050955414012738856,0.6,0.6,0.4,0.0,0,0,0,0,4,0.18181818181818182,0.0,0.0,0.03184713375796178,0.025477707006369428,0.0,0.012738853503184714,0.0,0.0,0.0,5,53,0.03184713375796178,0.0
javascript,javascript_573,0,0,0,0,0,0,0.0,23.0,0.021052631578947368,0.042105263157894736,0.75,0.25,0.25,0.0,0,0,0,0,4,0.3076923076923077,0.0,0.021052631578947368,0.031578947368421054,0.021052631578947368,0.021052631578947368,0.06315789473684211,0.021052631578947368,0.0,0.0,4,38,0.042105263157894736,0.010526315789473684
javascript,javascript_578,0,0,0,0,0,0,0.0,25.0,0.019417475728155338,0.038834951456310676,0.75,0.25,0.25,0.0,0,0,0,0,3,0.2,0.0,0.019417475728155338,0.02912621359223301,0.019417475728155338,0.019417475728155338,0.05825242718446602,0.019417475728155338,0.0,0.0,4,38,0.019417475728155338,0.009708737864077669
javascript,javascript_579,0,0,0,0,0,0,0.0,22.5,0.03225806451612903,0.043010752688172046,0.75,0.5,0.25,0.0,0,0,0,0,3,0.23076923076923078,0.0,0.0,0.043010752688172046,0.021505376344086023,0.021505376344086023,0.021505376344086023,0.0,0.0,0.0,4,36,0.043010752688172046,0.0
javascript,javascript_587,0,0,0,0,0,0,0.0,17.4,0.0,0.06593406593406594,0.6,0.0,0.0,0.0,0,0,0,1,3,0.2727272727272727,0.0,0.0,0.01098901098901099,0.01098901098901099,0.04395604395604396,0.02197802197802198,0.0,0.0,1.6,5,33,0.0,0.02197802197802198
javascript,javascript_591,0,0,0,0,0,0,0.0,24.6,0.031496062992125984,0.031496062992125984,0.6,0.4,0.4,0.0,0,0,0,0,4,0.2222222222222222,0.0,0.015748031496062992,0.023622047244094488,0.015748031496062992,0.031496062992125984,0.047244094488188976,0.015748031496062992,0.0,0.0,5,38,0.015748031496062992,0.007874015748031496
javascript,javascript_596,0,0,0,0,0,0,0.0,26.25,0.027777777777777776,0.05555555555555555,0.75,0.5,0.25,0.0,0,0,0,0,2,0.13333333333333333,0.0,0.0,0.027777777777777776,0.018518518518518517,0.018518518518518517,0.018518518518518517,0.0,0.0,0.0,4,36,0.037037037037037035,0.0
javascript,javascript_626,0,0,0,0,0,0,0.0,23.0,0.029940119760479042,0.059880239520958084,0.42857142857142855,0.2857142857142857,0.2857142857142857,0.0,0,0,0,1,3,0.13636363636363635,0.0,0.0,0.011976047904191617,0.017964071856287425,0.011976047904191617,0.011976047904191617,0.0,0.0,1.1428571428571428,7,53,0.005988023952095809,0.011976047904191617
javascript,javascript_628,0,0,0,0,0,0,0.0,22.333333333333332,0.02158273381294964,0.07194244604316546,0.5,0.16666666666666666,0.16666666666666666,0.0,0,0,0,1,3,0.16666666666666666,0.0,0.0,0.014388489208633094,0.02158273381294964,0.014388489208633094,0.014388489208633094,0.0,0.0,1.3333333333333333,6,53,0.007194244604316547,0.014388489208633094
javascript,javascript_632,0,0,0,0,0,0,0.0,33.0,0.03550295857988166,0.047337278106508875,0.6,0.6,0.4,0.0,0,0,0,0,3,0.125,0.0,0.0,0.029585798816568046,0.023668639053254437,0.0,0.011834319526627219,0.0,0.0,0.0,5,53,0.029585798816568046,0.0
javascript,javascript_633,0,0,0,0,0,0,0.0,17.0,0.018691588785046728,0.056074766355140186,0.5,0.16666666666666666,0.16666666666666666,0.0,0,0,0,1,4,0.3076923076923077,0.0,0.0,0.009345794392523364,0.009345794392523364,0.037383177570093455,0.018691588785046728,0.0,0.0,1.3333333333333333,6,33,0.0,0.018691588785046728
javascript,javascript_636,0,0,0,0,0,0,0.0,16.0,0.019801980198019802,0.0594059405940594,0.5,0.16666666666666666,0.16666666666666666,0.0,0,0,0,1,3,0.25,0.0,0.0,0.009900990099009901,0.009900990099009901,0.019801980198019802,0.019801980198019802,0.0,0.0,1.3333333333333333,6,33,0.019801980198019802,0.019801980198019802
javascript,javascript_639,0,0,0,0,0,0,0.0,24.0,0.040268456375838924,0.053691275167785234,0.3333333333333333,0.3333333333333333,0.3333333333333333,0.0,0,0,0,1,6,0.3333333333333333,0.0,0.0,0.006711409395973154,0.0,0.013422818791946308,0.013422818791946308,0.0,0.0,1.3333333333333333,6,46,0.0,0.006711409395973154
javascript,javascript_640,0,0,0,0,0,0,0.0,16.0,0.019801980198019802,0.0594059405940594,0.5,0.16666666666666666,0.16666666666666666,0.0,0,0,0,1,3,0.25,0.0,0.0,0.009900990099009901,0.009900990099009901,0.019801980198019802,0.019801980198019802,0.0,0.0,1.3333333333333333,6,33,0.019801980198019802,0.019801980198019802
javascript,javascript_644,0,0,0,0,0,0,0.0,23.0,0.03361344537815126,0.03361344537815126,0.6,0.4,0.4,0.0,0,0,0,0,4,0.23529411764705882,0.0,0.01680672268907563,0.025210084033613446,0.01680672268907563,0.01680672268907563,0.05042016806722689,0.01680672268907563,0.0,0.0,5,38,0.01680672268907563,0.008403361344537815
javascript,javascript_651,0,0,0,0,0,0,0.0,17.571428571428573,0.031007751937984496,0.046511627906976744,0.42857142857142855,0.2857142857142857,0.2857142857142857,0.0,0,0,0,1,5,0.3125,0.0,0.0,0.007751937984496124,0.007751937984496124,0.015503875968992248,0.015503875968992248,0.0,0.0,1.1428571428571428,7,33,0.0,0.015503875968992248
javascript,javascript_662,0,0,0,0,0,0,0.0,13.571428571428571,0.019801980198019802,0.07920792079207921,0.2857142857142857,0.14285714285714285,0.14285714285714285,0.0,0,0,1,0,3,0.23076923076923078,0.0,0.0,0.0,0.009900990099009901,0.019801980198019802,0.039603960396039604,0.0,0.0,2.2857142857142856,7,21,0.0,0.009900990099009901
javascript,javascript_671,0,0,0,0,0,0,0.0,24.666666666666668,0.0196078431372549,0.06535947712418301,0.5,0.16666666666666666,0.16666666666666666,0.0,0,0,0,1,3,0.15,0.0,0.0,0.013071895424836602,0.0196078431372549,0.013071895424836602,0.013071895424836602,0.0,0.0,1.3333333333333333,6,53,0.006535947712418301,0.013071895424836602
javascript,javascript_676,0,0,0,0,0,0,0.0,23.666666666666668,0.04081632653061224,0.05442176870748299,0.3333333333333333,0.3333333333333333,0.3333333333333333,0.0,0,0,0,1,5,0.2777777777777778,0.0,0.0,0.006802721088435374,0.0,0.013605442176870748,0.013605442176870748,0.0,0.0,1.3333333333333333,6,46,0.0,0.006802721088435374
javascript,javascript_684,0,0,0,0,0,0,0.0,28.6,0.034013605442176874,0.05442176870748299,0.6,0.4,0.4,0.0,0,0,0,0,4,0.19047619047619047,0.0,0.013605442176870748,0.027210884353741496,0.027210884353741496,0.013605442176870748,0.04081632653061224,0.013605442176870748,0.0,0.0,5,53,0.02040816326530612,0.006802721088435374
javascript,javascript_685,0,0,0,0,0,0,0.0,26.428571428571427,0.03664921465968586,0.06282722513089005,0.42857142857142855,0.2857142857142857,0.2857142857142857,0.0,0,0,0,1,8,0.3333333333333333,0.0,0.0,0.015706806282722512,0.010471204188481676,0.010471204188481676,0.010471204188481676,0.0,0.0,1.1428571428571428,7,53,0.005235602094240838,0.005235602094240838
javascript,javascript_695,0,0,0,0,0,0,0.0,15.625,0.030303030303030304,0.045454545454545456,0.25,0.25,0.25,0.0,0,0,1,0,3,0.16666666666666666,0.0,0.0,0.007575757575757576,0.007575757575757576,0.0,0.030303030303030304,0.0,0.0,2.0,8,27,0.0,0.007575757575757576
javascript,javascript_722,0,0,0,0,0,0,0.0,22.0,0.03508771929824561,0.05263157894736842,0.6,0.4,0.4,0.0,0,0,0,0,3,0.1875,0.0,0.017543859649122806,0.017543859649122806,0.017543859649122806,0.03508771929824561,0.05263157894736842,0.017543859649122806,0.0,0.0,5,38,0.017543859649122806,0.008771929824561403
javascript,javascript_725,0,0,0,0,0,0,0.0,12.571428571428571,0.02127659574468085,0.06382978723404255,0.2857142857142857,0.14285714285714285,0.14285714285714285,0.0,0,0,1,0,3,0.25,0.0,0.0,0.010638297872340425,0.010638297872340425,0.0,0.0425531914893617,0.0,0.0,2.2857142857142856,7,21,0.02127659574468085,0.010638297872340425
javascript,javascript_732,0,0,0,0,0,0,0.0,17.857142857142858,0.030534351145038167,0.04580152671755725,0.42857142857142855,0.2857142857142857,0.2857142857142857,0.0,0,0,0,1,4,0.25,0.0,0.0,0.007633587786259542,0.007633587786259542,0.015267175572519083,0.015267175572519083,0.0,0.0,1.1428571428571428,7,33,0.015267175572519083,0.015267175572519083
javascript,javascript_743,0,0,0,0,0,0,0.0,25.0,0.03875968992248062,0.031007751937984496,0.6,0.6,0.4,0.0,0,0,0,0,4,0.2222222222222222,0.0,0.0,0.031007751937984496,0.015503875968992248,0.0,0.015503875968992248,0.0,0.0,0.0,5,36,0.031007751937984496,0.0
javascript,javascript_745,0,0,0,0,0,0,0.0,19.0,0.02877697841726619,0.04316546762589928,0.42857142857142855,0.2857142857142857,0.2857142857142857,0.0,0,0,0,1,3,0.16666666666666666,0.0,0.0,0.007194244604316547,0.007194244604316547,0.014388489208633094,0.014388489208633094,0.0,0.0,1.1428571428571428,7,33,0.0,0.014388489208633094
javascript,javascript_752,0,0,0,0,0,0,0.0,20.8,0.046296296296296294,0.05555555555555555,0.6,0.6,0.4,0.0,0,0,0,0,2,0.13333333333333333,0.0,0.0,0.027777777777777776,0.018518518518518517,0.018518518518518517,0.018518518518518517,0.0,0.0,0.0,5,36,0.037037037037037035,0.0
javascript,javascript_755,0,0,0,0,0,0,0.0,21.0,0.032679738562091505,0.06535947712418301,0.42857142857142855,0.2857142857142857,0.2857142857142857,0.0,0,0,0,1,3,0.15,0.0,0.0,0.013071895424836602,0.0196078431372549,0.013071895424836602,0.013071895424836602,0.0,0.0,1.1428571428571428,7,53,0.006535947712418301,0.013071895424836602
javascript,javascript_766,0,0,0,0,0,0,0.0,22.0,0.043795620437956206,0.058394160583941604,0.3333333333333333,0.3333333333333333,0.3333333333333333,0.0,0,0,0,1,7,0.4375,0.0,0.0,0.0072992700729927005,0.0,0.014598540145985401,0.014598540145985401,0.0,0.0,1.3333333333333333,6,46,0.0,0.0072992700729927005
javascript,javascript_767,0,0,0,0,0,0,0.0,21.714285714285715,0.0379746835443038,0.06329113924050633,0.42857142857142855,0.2857142857142857,0.2857142857142857,0.0,0,0,0,1,7,0.3684210526315789,0.0,0.0,0.006329113924050633,0.0,0.02531645569620253,0.012658227848101266,0.0,0.0,1.1428571428571428,7,46,0.0,0.006329113924050633
javascript,javascript_772,0,0,0,0,0,0,0.0,15.125,0.03125,0.046875,0.25,0.25,0.25,0.0,0,0,1,0,4,0.23529411764705882,0.0,0.0,0.0078125,0.0078125,0.015625,0.03125,0.0,0.0,2.0,8,27,0.0,0.0078125
javascript,javascript_776,0,0,0,0,0,0,0.0,22.4,0.034482758620689655,0.05172413793103448,0.6,0.4,0.4,0.0,0,0,0,0,4,0.25,0.0,0.017241379310344827,0.017241379310344827,0.017241379310344827,0.034482758620689655,0.05172413793103448,0.017241379310344827,0.0,0.0,5,38,0.017241379310344827,0.008620689655172414
javascript,javascript_778,0,0,0,0,0,0,0.0,13.571428571428571,0.019801980198019802,0.07920792079207921,0.2857142857142857,0.14285714285714285,0.14285714285714285,0.0,0,0,1,0,3,0.23076923076923078,0.0,0.0,0.0,0.009900990099009901,0.019801980198019802,0.039603960396039604,0.0,0.0,2.2857142857142856,7,21,0.0,0.009900990099009901
javascript,javascript_780,0,0,0,0,0,0,0.0,16.0,0.039603960396039604,0.0594059405940594,0.3333333333333333,0.3333333333333333,0.3333333333333333,0.0,0,0,0,1,3,0.25,0.0,0.0,0.0,0.009900990099009901,0.019801980198019802,0.019801980198019802,0.0,0.0,1.3333333333333333,6,33,0.0,0.019801980198019802
javascript,javascript_785,0,0,0,0,0,0,0.0,28.0,0.043478260869565216,0.034782608695652174,0.5,0.75,0.5,0.0,0,0,0,0,2,0.125,0.0,0.0,0.02608695652173913,0.017391304347826087,0.0,0.017391304347826087,0.0,0.0,0.0,4,36,0.034782608695652174,0.0
javascript,javascript_788,0,0,0,0,0,0,0.0,14.285714285714286,0.03773584905660377,0.05660377358490566,0.14285714285714285,0.2857142857142857,0.2857142857142857,0.0,0,0,1,0,2,0.14285714285714285,0.0,0.0,0.0,0.009433962264150943,0.0,0.03773584905660377,0.0,0.0,2.2857142857142856,7,27,0.0,0.009433962264150943
javascript,javascript_807,0,0,0,0,0,0,0.0,20.714285714285715,0.039735099337748346,0.052980132450331126,0.42857142857142855,0.2857142857142857,0.2857142857142857,0.0,0,0,0,1,7,0.3888888888888889,0.0,0.0,0.013245033112582781,0.0,0.013245033112582781,0.013245033112582781,0.0,0.0,1.1428571428571428,7,46,0.013245033112582781,0.006622516556291391
javascript,javascript_816,0,0,0,0,0,0,0.0,24.0,0.040268456375838924,0.053691275167785234,0.3333333333333333,0.3333333333333333,0.3333333333333333,0.0,0,0,0,1,6,0.3333333333333333,0.0,0.0,0.006711409395973154,0.0,0.013422818791946308,0.013422818791946308,0.0,0.0,1.3333333333333333,6,46,0.0,0.006711409395973154
javascript,javascript_821,0,0,0,0,0,0,0.0,22.666666666666668,0.02127659574468085,0.07092198581560284,0.5,0.16666666666666666,0.16666666666666666,0.0,0,0,0,1,4,0.2222222222222222,0.0,0.0,0.014184397163120567,0.02127659574468085,0.014184397163120567,0.014184397163120567,0.0,0.0,1.3333333333333333,6,53,0.0070921985815602835,0.014184397163120567
javascript,javascript_827,0,0,0,0,0,0,0.0,27.0,0.018018018018018018,0.036036036036036036,0.75,0.25,0.25,0.0,0,0,0,0,3,0.1875,0.0,0.018018018018018018,0.02702702702702703,0.018018018018018018,0.036036036036036036,0.05405405405405406,0.018018018018018018,0.0,0.0,4,38,0.018018018018018018,0.009009009009009009
javascript,javascript_828,0,0,0,0,0,0,0.0,16.833333333333332,0.018867924528301886,0.07547169811320754,0.5,0.16666666666666666,0.16666666666666666,0.0,0,0,0,1,2,0.15384615384615385,0.0,0.0,0.0,0.009433962264150943,0.03773584905660377,0.018867924528301886,0.0,0.0,1.3333333333333333,6,33,0.0,0.018867924528301886
javascript,javascript_832,0,0,0,0,0,0,0.0,22.0,0.03508771929824561,0.05263157894736842,0.6,0.4,0.4,0.0,0,0,0,0,3,0.1875,0.0,0.017543859649122806,0.017543859649122806,0.017543859649122806,0.03508771929824561,0.05263157894736842,0.017543859649122806,0.0,0.0,5,38,0.017543859649122806,0.008771929824561403
javascript,javascript_835,0,0,0,0,0,0,0.0,22.428571428571427,0.03680981595092025,0.049079754601226995,0.42857142857142855,0.2857142857142857,0.2857142857142857,0.0,0,0,0,1,6,0.3,0.0,0.0,0.012269938650306749,0.0,0.012269938650306749,0.012269938650306749,0.0,0.0,1.1428571428571428,7,46,0.012269938650306749,0.006134969325153374
javascript,javascript_837,0,0,0,0,0,0,0.0,16.285714285714285,0.03333333333333333,0.06666666666666667,0.42857142857142855,0.2857142857142857,0.2857142857142857,0.0,0,0,0,1,2,0.13333333333333333,0.0,0.0,0.0,0.008333333333333333,0.03333333333333333,0.016666666666666666,0.0,0.0,1.1428571428571428,7,33,0.0,0.016666666666666666
javascript,javascript_839,0,0,0,0,0,0,0.0,22.428571428571427,0.03680981595092025,0.049079754601226995,0.42857142857142855,0.2857142857142857,0.2857142857142857,0.0,0,0,0,1,6,0.3,0.0,0.0,0.012269938650306749,0.0,0.012269938650306749,0.012269938650306749,0.0,0.0,1.1428571428571428,7,46,0.012269938650306749,0.006134969325153374
javascript,javascript_841,0,0,0,0,0,0,0.0,13.625,0.034482758620689655,0.05172413793103448,0.25,0.25,0.25,0.0,0,0,1,0,5,0.3333333333333333,0.0,0.0,0.008620689655172414,0.008620689655172414,0.017241379310344827,0.034482758620689655,0.0,0.0,2.0,8,21,0.0,0.008620689655172414
javascript,javascript_844,0,0,0,0,0,0,0.0,25.0,0.019417475728155338,0.038834951456310676,0.75,0.25,0.25,0.0,0,0,0,0,3,0.2,0.0,0.019417475728155338,0.02912621359223301,0.019417475728155338,0.019417475728155338,0.05825242718446602,0.019417475728155338,0.0,0.0,4,38,0.019417475728155338,0.009708737864077669
javascript,javascript_847,0,0,0,0,0,0,0.0,23.0,0.031578947368421054,0.042105263157894736,0.75,0.5,0.25,0.0,0,0,0,0,4,0.3076923076923077,0.0,0.0,0.042105263157894736,0.021052631578947368,0.021052631578947368,0.021052631578947368,0.0,0.0,0.0,4,36,0.042105263157894736,0.0
javascript,javascript_860,0,0,0,0,0,0,0.0,20.0,0.02054794520547945,0.0684931506849315,0.2857142857142857,0.14285714285714285,0.14285714285714285,0.0,0,0,1,0,3,0.15,0.0,0.0,0.0136986301369863,0.02054794520547945,0.0,0.0273972602739726,0.0,0.0,2.2857142857142856,7,53,0.00684931506849315,0.00684931506849315
javascript,javascript_876,0,0,0,0,0,0,0.0,20.285714285714285,0.02702702702702703,0.05405405405405406,0.42857142857142855,0.2857142857142857,0.2857142857142857,0.0,0,0,0,1,2,0.10526315789473684,0.0,0.0,0.0,0.006756756756756757,0.02702702702702703,0.013513513513513514,0.0,0.0,1.1428571428571428,7,33,0.0,0.013513513513513514
javascript,javascript_888,0,0,0,0,0,0,0.0,23.25,0.03125,0.0625,0.75,0.5,0.25,0.0,0,0,0,0,3,0.23076923076923078,0.0,0.0,0.03125,0.020833333333333332,0.020833333333333332,0.020833333333333332,0.0,0.0,0.0,4,36,0.041666666666666664,0.0
javascript,javascript_890,0,0,0,0,0,0,0.0,19.125,0.03125,0.0625,0.25,0.25,0.25,0.0,0,0,1,0,3,0.13636363636363635,0.0,0.0,0.0125,0.01875,0.0,0.025,0.0,0.0,2.0,8,53,0.00625,0.00625
javascript,javascript_891,0,0,0,0,0,0,0.0,23.142857142857142,0.03571428571428571,0.05952380952380952,0.42857142857142855,0.2857142857142857,0.2857142857142857,0.0,0,0,0,1,5,0.23809523809523808,0.0,0.0,0.005952380952380952,0.0,0.023809523809523808,0.011904761904761904,0.0,0.0,1.1428571428571428,7,46,0.0,0.005952380952380952
javascript,javascript_911,0,0,0,0,0,0,0.0,16.125,0.029411764705882353,0.04411764705882353,0.25,0.25,0.25,0.0,0,0,1,0,3,0.16666666666666666,0.0,0.0,0.007352941176470588,0.007352941176470588,0.0,0.029411764705882353,0.0,0.0,2.0,8,27,0.014705882352941176,0.007352941176470588
javascript,javascript_916,0,0,0,0,0,0,0.0,23.428571428571427,0.03529411764705882,0.058823529411764705,0.42857142857142855,0.2857142857142857,0.2857142857142857,0.0,0,0,0,1,6,0.2857142857142857,0.0,0.0,0.0058823529411764705,0.0,0.023529411764705882,0.011764705882352941,0.0,0.0,1.1428571428571428,7,46,0.0,0.0058823529411764705
javascript,javascript_918,0,0,0,0,0,0,0.0,22.333333333333332,0.02158273381294964,0.07194244604316546,0.5,0.16666666666666666,0.16666666666666666,0.0,0,0,0,1,3,0.16666666666666666,0.0,0.0,0.014388489208633094,0.02158273381294964,0.014388489208633094,0.014388489208633094,0.0,0.0,1.3333333333333333,6,53,0.007194244604316547,0.014388489208633094
javascript,javascript_932,0,0,0,0,0,0,0.0,22.333333333333332,0.02877697841726619,0.05755395683453238,0.5,0.16666666666666666,0.16666666666666666,0.0,0,0,0,1,6,0.35294117647058826,0.0,0.0,0.014388489208633094,0.0,0.02877697841726619,0.014388489208633094,0.0,0.0,1.3333333333333333,6,46,0.0,0.007194244604316547
javascript,javascript_936,0,0,0,0,0,0,0.0,34.5,0.028368794326241134,0.05673758865248227,0.75,0.5,0.25,0.0,0,0,0,0,3,0.15,0.0,0.0,0.03546099290780142,0.028368794326241134,0.0,0.014184397163120567,0.0,0.0,0.0,4,53,0.03546099290780142,0.0
javascript,javascript_947,0,0,0,0,0,0,0.0,22.5,0.021505376344086023,0.043010752688172046,0.75,0.25,0.25,0.0,0,0,0,0,3,0.23076923076923078,0.0,0.021505376344086023,0.03225806451612903,0.021505376344086023,0.021505376344086023,0.06451612903225806,0.021505376344086023,0.0,0.0,4,38,0.043010752688172046,0.010752688172043012
javascript,javascript_957,0,0,0,0,0,0,0.0,16.833333333333332,0.018867924528301886,0.07547169811320754,0.5,0.16666666666666666,0.16666666666666666,0.0,0,0,0,1,2,0.15384615384615385,0.0,0.0,0.0,0.009433962264150943,0.03773584905660377,0.018867924528301886,0.0,0.0,1.3333333333333333,6,33,0.0,0.018867924528301886
javascript,javascript_971,0,0,0,0,0,0,0.0,23.428571428571427,0.03529411764705882,0.058823529411764705,0.42857142857142855,0.2857142857142857,0.2857142857142857,0.0,0,0,0,1,6,0.2857142857142857,0.0,0.0,0.0058823529411764705,0.0,0.023529411764705882,0.011764705882352941,0.0,0.0,1.1428571428571428,7,46,0.0,0.0058823529411764705
typescript,typescript_0,0,0,0,0,0,0,0.0,22.0,0.0,0.044444444444444446,0.0,0.5,0.5,0.0,0,0,0,0,0,0.0,0.022222222222222223,0.0,0.0,0.0,0.044444444444444446,0.0,0.0,0.0,0.0,2,25,0.0,0.0
typescript,typescript_1,0,0,0,0,0,0,0.0,19.0,0.0,0.03389830508474576,0.0,0.6666666666666666,0.6666666666666666,0.0,0,0,0,0,0,0.0,0.03389830508474576,0.0,0.0,0.0,0.03389830508474576,0.0,0.0,0.0,0.0,3,25,0.0,0.0
typescript,typescript_2,0,0,0,0,0,0,0.0,17.5,0.0,0.0273972602739726,0.0,0.75,0.75,0.0,0,0,0,0,0,0.0,0.0410958904109589,0.0,0.0,0.0,0.0273972602739726,0.0,0.0,0.0,0.0,4,25,0.0,0.0
typescript,typescript_3,0,0,0,0,0,0,0.0,19.666666666666668,0.0,0.03278688524590164,0.3333333333333333,0.3333333333333333,0.3333333333333333,0.0,0,0,0,0,1,0.14285714285714285,0.01639344262295082,0.0,0.01639344262295082,0.0,0.03278688524590164,0.0,0.0,0.0,0.0,3,25,0.03278688524590164,0.0
typescript,typescript_4,0,0,0,0,0,0,0.0,19.25,0.0,0.05,0.25,0.5,0.5,0.0,0,0,0,0,0,0.0,0.025,0.0,0.0,0.0,0.05,0.0,0.0,0.0,0.0,4,25,0.0,0.0
typescript,typescript_11,0,0,0,0,0,0,0.0,20.5,0.0,0.023529411764705882,0.25,0.5,0.5,0.0,0,0,0,0,1,0.09090909090909091,0.023529411764705882,0.0,0.011764705882352941,0.0,0.023529411764705882,0.0,0.0,0.0,0.0,4,25,0.0,0.0
typescript,typescript_12,0,0,0,0,0,0,0.0,19.25,0.0,0.05,0.25,0.5,0.5,0.0,0,0,0,0,0,0.0,0.025,0.0,0.0,0.0,0.05,0.0,0.0,0.0,0.0,4,25,0.0,0.0
typescript,typescript_13,0,0,0,0,0,0,0.0,19.0,0.0,0.02531645569620253,0.25,0.5,0.5,0.0,0,0,0,0,1,0.1,0.02531645569620253,0.0,0.012658227848101266,0.0,0.05063291139240506,0.0,0.0,0.0,0.0,4,25,0.0,0.0
typescript,typescript_24,0,0,0,0,0,0,0.0,23.0,0.0,0.028169014084507043,0.3333333333333333,0.3333333333333333,0.3333333333333333,0.0,0,0,0,0,1,0.1111111111111111,0.014084507042253521,0.0,0.014084507042253521,0.0,0.028169014084507043,0.0,0.0,0.0,0.0,3,25,0.0,0.0
typescript,typescript_26,0,0,0,0,0,0,0.0,18.0,0.0,0.02666666666666667,0.25,0.5,0.5,0.0,0,0,0,0,1,0.1111111111111111,0.02666666666666667,0.0,0.013333333333333334,0.0,0.02666666666666667,0.0,0.0,0.0,0.0,4,25,0.02666666666666667,0.0
typescript,typescript_28,0,0,0,0,0,0,0.0,21.0,0.0,0.03076923076923077,0.3333333333333333,0.3333333333333333,0.3333333333333333,0.0,0,0,0,0,1,0.125,0.015384615384615385,0.0,0.015384615384615385,0.0,0.06153846153846154,0.0,0.0,0.0,0.0,3,25,0.0,0.0
typescript,typescript_29,0,0,0,0,0,0,0.0,17.8,0.0,0.021505376344086023,0.2,0.6,0.6,0.0,0,0,0,0,1,0.08333333333333333,0.03225806451612903,0.0,0.010752688172043012,0.0,0.043010752688172046,0.0,0.0,0.0,0.0,5,25,0.0,0.0
typescript,typescript_42,0,0,0,0,0,0,0.0,27.5,0.008849557522123894,0.05309734513274336,0.25,0.5,0.5,0.0,0,0,0,0,1,0.06666666666666667,0.017699115044247787,0.0,0.017699115044247787,0.017699115044247787,0.017699115044247787,0.0,0.0,0.0,0.0,4,53,0.008849557522123894,0.0
typescript,typescript_44,0,0,0,0,0,0,0.0,21.333333333333332,0.0,0.06060606060606061,0.3333333333333333,0.3333333333333333,0.3333333333333333,0.0,0,0,0,0,0,0.0,0.015151515151515152,0.0,0.0,0.0,0.06060606060606061,0.0,0.0,0.0,0.0,3,25,0.0,0.0
typescript,typescript_53,0,0,0,0,0,0,0.0,18.0,0.0,0.0425531914893617,0.2,0.6,0.6,0.0,0,0,0,0,0,0.0,0.031914893617021274,0.0,0.0,0.0,0.0425531914893617,0.0,0.0,0.0,0.0,5,25,0.0,0.0
typescript,typescript_67,0,0,0,0,0,0,0.0,18.0,0.0,0.02666666666666667,0.25,0.5,0.5,0.0,0,0,0,0,1,0.1111111111111111,0.02666666666666667,0.0,0.013333333333333334,0.0,0.02666666666666667,0.0,0.0,0.0,0.0,4,25,0.02666666666666667,0.0
typescript,typescript_68,0,0,0,0,0,0,0.0,27.5,0.008849557522123894,0.05309734513274336,0.25,0.5,0.5,0.0,0,0,0,0,1,0.06666666666666667,0.017699115044247787,0.0,0.017699115044247787,0.017699115044247787,0.017699115044247787,0.0,0.0,0.0,0.0,4,53,0.008849557522123894,0.0
typescript,typescript_76,0,0,0,0,0,0,0.0,19.0,0.0,0.02531645569620253,0.25,0.5,0.5,0.0,0,0,0,0,1,0.1,0.02531645569620253,0.0,0.012658227848101266,0.0,0.05063291139240506,0.0,0.0,0.0,0.0,4,25,0.0,0.0
typescript,typescript_83,0,0,0,0,0,0,0.0,17.0,0.0,0.02247191011235955,0.2,0.6,0.6,0.0,0,0,0,0,1,0.09090909090909091,0.033707865168539325,0.0,0.011235955056179775,0.0,0.02247191011235955,0.0,0.0,0.0,0.0,5,25,0.02247191011235955,0.0
typescript,typescript_92,0,0,0,0,0,0,0.0,19.0,0.0,0.020202020202020204,0.2,0.6,0.6,0.0,0,0,0,0,1,0.07692307692307693,0.030303030303030304,0.0,0.010101010101010102,0.0,0.020202020202020204,0.0,0.0,0.0,0.0,5,25,0.0,0.0
typescript,typescript_104,0,0,0,0,0,0,0.0,20.5,0.0,0.023529411764705882,0.25,0.5,0.5,0.0,0,0,0,0,1,0.09090909090909091,0.023529411764705882,0.0,0.011764705882352941,0.0,0.023529411764705882,0.0,0.0,0.0,0.0,4,25,0.0,0.0
typescript,typescript_215,0,0,0,0,0,0,0.0,24.6,0.007874015748031496,0.047244094488188976,0.2,0.6,0.6,0.0,0,0,0,0,1,0.058823529411764705,0.023622047244094488,0.0,0.015748031496062992,0.015748031496062992,0.015748031496062992,0.0,0.0,0.0,0.0,5,53,0.007874015748031496,0.0
typescript,typescript_220,0,0,0,0,0,0,0.0,32.333333333333336,0.010101010101010102,0.06060606060606061,0.3333333333333333,0.3333333333333333,0.3333333333333333,0.0,0,0,0,0,1,0.07692307692307693,0.010101010101010102,0.0,0.020202020202020204,0.020202020202020204,0.020202020202020204,0.0,0.0,0.0,0.0,3,53,0.010101010101010102,0.0
csharp,csharp_0,0,0,0,0,0,0,0.0,18.0,0.0,0.05405405405405406,0.0,0.5,0.5,0.0,0,0,0,0,0,0.0,0.02702702702702703,0.0,0.0,0.0,0.05405405405405406,0.0,0.0,0.0,0.0,2,21,0.0,0.0
csharp,csharp_1,0,0,0,0,0,0,0.0,16.333333333333332,0.0,0.0392156862745098,0.0,0.6666666666666666,0.6666666666666666,0.0,0,0,0,0,0,0.0,0.0392156862745098,0.0,0.0,0.0,0.0392156862745098,0.0,0.0,0.0,0.0,3,21,0.0,0.0
csharp,csharp_3,0,0,0,0,0,0,0.0,15.5,0.0,0.03076923076923077,0.0,0.75,0.75,0.0,0,0,0,0,0,0.0,0.046153846153846156,0.0,0.0,0.0,0.03076923076923077,0.0,0.0,0.0,0.0,4,21,0.0,0.0
csharp,csharp_20,0,0,0,0,0,0,0.0,16.333333333333332,0.0,0.038461538461538464,0.0,0.5,0.5,0.0,0,0,0,0,0,0.0,0.038461538461538464,0.0,0.0,0.0,0.038461538461538464,0.0,0.0,0.0,0.0,4,21,0.0,0.0
csharp,csharp_81,0,0,0,0,0,0,0.0,15.5,0.0,0.030303030303030304,0.0,0.6,0.6,0.0,0,0,0,0,0,0.0,0.045454545454545456,0.0,0.0,0.0,0.030303030303030304,0.0,0.0,0.0,0.0,5,21,0.0,0.0
cpp,cpp_0,0,0,0,0,0,0,0.0,15.0,0.0,0.06451612903225806,0.0,0.5,0.5,0.0,0,0,0,0,0,0.0,0.03225806451612903,0.0,0.0,0.0,0.06451612903225806,0.0,0.0,0.0,0.0,2,18,0.0,0.0
cpp,cpp_1,0,0,0,0,0,0,0.0,14.333333333333334,0.0,0.044444444444444446,0.0,0.6666666666666666,0.6666666666666666,0.0,0,0,0,0,0,0.0,0.044444444444444446,0.0,0.0,0.0,0.044444444444444446,0.0,0.0,0.0,0.0,3,18,0.0,0.0
cpp,cpp_2,0,0,0,0,0,0,0.0,14.0,0.0,0.03333333333333333,0.0,0.6,0.6,0.0,0,0,0,0,0,0.0,0.05,0.0,0.0,0.0,0.03333333333333333,0.0,0.0,0.0,0.0,5,18,0.0,0.0
cpp,cpp_19,0,0,0,0,0,0,0.0,14.0,0.0,0.03389830508474576,0.0,0.75,0.75,0.0,0,0,0,0,0,0.0,0.05084745762711865,0.0,0.0,0.0,0.03389830508474576,0.0,0.0,0.0,0.0,4,18,0.0,0.0
cpp,cpp_103,0,0,0,0,0,0,0.0,14.333333333333334,0.0,0.043478260869565216,0.0,0.5,0.5,0.0,0,0,0,0,0,0.0,0.043478260869565216,0.0,0.0,0.0,0.043478260869565216,0.0,0.0,0.0,0.0,4,18,0.0,0.0
c,c_0,0,0,0,0,0,0,0.0,13.0,0.0,0.04878048780487805,0.0,0.6666666666666666,0.6666666666666666,0.0,0,0,0,0,0,0.0,0.04878048780487805,0.0,0.0,0.0,0.04878048780487805,0.0,0.0,0.0,0.0,3,16,0.0,0.0
c,c_1,0,0,0,0,0,0,0.0,13.0,0.0,0.03571428571428571,0.0,0.6,0.6,0.0,0,0,0,0,0,0.0,0.05357142857142857,0.0,0.0,0.0,0.03571428571428571,0.0,0.0,0.0,0.0,5,16,0.0,0.0
c,c_2,0,0,0,0,0,0,0.0,13.0,0.0,0.047619047619047616,0.0,0.5,0.5,0.0,0,0,0,0,0,0.0,0.047619047619047616,0.0,0.0,0.0,0.047619047619047616,0.0,0.0,0.0,0.0,4,16,0.0,0.0
c,c_3,0,0,0,0,0,0,0.0,13.0,0.0,0.07407407407407407,0.0,0.5,0.5,0.0,0,0,0,0,0,0.0,0.037037037037037035,0.0,0.0,0.0,0.07407407407407407,0.0,0.0,0.0,0.0,2,16,0.0,0.0
c,c_18,0,0,0,0,0,0,0.0,13.0,0.0,0.03636363636363636,0.0,0.75,0.75,0.0,0,0,0,0,0,0.0,0.05454545454545454,0.0,0.0,0.0,0.03636363636363636,0.0,0.0,0.0,0.0,4,16,0.0,0.0
ruby,ruby_0,0,0,0,0,0,0,0.0,16.0,0.0,0.06060606060606061,0.0,0.5,0.5,0.0,0,0,0,0,0,0.0,0.030303030303030304,0.0,0.0,0.0,0.06060606060606061,0.0,0.0,0.0,0.0,2,19,0.0,0.0
ruby,ruby_1,0,0,0,0,0,0,0.0,15.0,0.0,0.0425531914893617,0.0,0.6666666666666666,0.6666666666666666,0.0,0,0,0,0,0,0.0,0.0425531914893617,0.0,0.0,0.0,0.0425531914893617,0.0,0.0,0.0,0.0,3,19,0.0,0.0
ruby,ruby_4,0,0,0,0,0,0,0.0,14.5,0.0,0.03225806451612903,0.0,0.6,0.6,0.0,0,0,0,0,0,0.0,0.04838709677419355,0.0,0.0,0.0,0.03225806451612903,0.0,0.0,0.0,0.0,5,19,0.0,0.0
ruby,ruby_8,0,0,0,0,0,0,0.0,14.5,0.0,0.03278688524590164,0.0,0.75,0.75,0.0,0,0,0,0,0,0.0,0.04918032786885246,0.0,0.0,0.0,0.03278688524590164,0.0,0.0,0.0,0.0,4,19,0.0,0.0
ruby,ruby_21,0,0,0,0,0,0,0.0,15.0,0.0,0.041666666666666664,0.0,0.5,0.5,0.0,0,0,0,0,0,0.0,0.041666666666666664,0.0,0.0,0.0,0.041666666666666664,0.0,0.0,0.0,0.0,4,19,0.0,0.0
php,php_0,0,0,0,0,0,0,0.0,14.0,0.0,0.03333333333333333,0.0,0.6,0.6,0.0,0,0,0,0,0,0.0,0.05,0.0,0.0,0.0,0.03333333333333333,0.0,0.0,0.0,0.0,5,18,0.0,0.0
php,php_1,0,0,0,0,0,0,0.0,14.333333333333334,0.0,0.043478260869565216,0.0,0.5,0.5,0.0,0,0,0,0,0,0.0,0.043478260869565216,0.0,0.0,0.0,0.043478260869565216,0.0,0.0,0.0,0.0,4,18,0.0,0.0
php,php_2,0,0,0,0,0,0,0.0,14.333333333333334,0.0,0.044444444444444446,0.0,0.6666666666666666,0.6666666666666666,0.0,0,0,0,0,0,0.0,0.044444444444444446,0.0,0.0,0.0,0.044444444444444446,0.0,0.0,0.0,0.0,3,18,0.0,0.0
php,php_7,0,0,0,0,0,0,0.0,15.0,0.0,0.06451612903225806,0.0,0.5,0.5,0.0,0,0,0,0,0,0.0,0.03225806451612903,0.0,0.0,0.0,0.06451612903225806,0.0,0.0,0.0,0.0,2,18,0.0,0.0
php,php_18,0,0,0,0,0,0,0.0,14.0,0.0,0.03389830508474576,0.0,0.75,0.75,0.0,0,0,0,0,0,0.0,0.05084745762711865,0.0,0.0,0.0,0.03389830508474576,0.0,0.0,0.0,0.0,4,18,0.0,0.0
go,go_0,0,0,0,0,0,0,0.0,13.666666666666666,0.0,0.046511627906976744,0.0,0.6666666666666666,0.6666666666666666,0.0,0,0,0,0,0,0.0,0.046511627906976744,0.0,0.0,0.0,0.046511627906976744,0.0,0.0,0.0,0.0,3,17,0.0,0.0
go,go_1,0,0,0,0,0,0,0.0,14.0,0.0,0.06896551724137931,0.0,0.5,0.5,0.0,0,0,0,0,0,0.0,0.034482758620689655,0.0,0.0,0.0,0.06896551724137931,0.0,0.0,0.0,0.0,2,17,0.0,0.0
go,go_2,0,0,0,0,0,0,0.0,13.5,0.0,0.03508771929824561,0.0,0.75,0.75,0.0,0,0,0,0,0,0.0,0.05263157894736842,0.0,0.0,0.0,0.03508771929824561,0.0,0.0,0.0,0.0,4,17,0.0,0.0
go,go_4,0,0,0,0,0,0,0.0,13.5,0.0,0.034482758620689655,0.0,0.6,0.6,0.0,0,0,0,0,0,0.0,0.05172413793103448,0.0,0.0,0.0,0.034482758620689655,0.0,0.0,0.0,0.0,5,17,0.0,0.0
go,go_32,0,0,0,0,0,0,0.0,13.666666666666666,0.0,0.045454545454545456,0.0,0.5,0.5,0.0,0,0,0,0,0,0.0,0.045454545454545456,0.0,0.0,0.0,0.045454545454545456,0.0,0.0,0.0,0.0,4,17,0.0,0.0
rust,rust_0,0,0,0,0,0,0,0.0,16.0,0.0,0.06060606060606061,0.0,0.5,0.5,0.0,0,0,0,0,0,0.0,0.030303030303030304,0.0,0.0,0.0,0.06060606060606061,0.0,0.0,0.0,0.0,2,19,0.0,0.0
rust,rust_1,0,0,0,0,0,0,0.0,15.0,0.0,0.0425531914893617,0.0,0.6666666666666666,0.6666666666666666,0.0,0,0,0,0,0,0.0,0.0425531914893617,0.0,0.0,0.0,0.0425531914893617,0.0,0.0,0.0,0.0,3,19,0.0,0.0
rust,rust_7,0,0,0,0,0,0,0.0,15.0,0.0,0.041666666666666664,0.0,0.5,0.5,0.0,0,0,0,0,0,0.0,0.041666666666666664,0.0,0.0,0.0,0.041666666666666664,0.0,0.0,0.0,0.0,4,19,0.0,0.0
rust,rust_9,0,0,0,0,0,0,0.0,14.5,0.0,0.03278688524590164,0.0,0.75,0.75,0.0,0,0,0,0,0,0.0,0.04918032786885246,0.0,0.0,0.0,0.03278688524590164,0.0,0.0,0.0,0.0,4,19,0.0,0.0
rust,rust_15,0,0,0,0,0,0,0.0,14.5,0.0,0.03225806451612903,0.0,0.6,0.6,0.0,0,0,0,0,0,0.0,0.04838709677419355,0.0,0.0,0.0,0.03225806451612903,0.0,0.0,0.0,0.0,5,19,0.0,0.0
kotlin,kotlin_0,0,0,0,0,0,0,0.0,18.0,0.0,0.05405405405405406,0.0,0.5,0.5,0.0,0,0,0,0,0,0.0,0.02702702702702703,0.0,0.0,0.0,0.05405405405405406,0.0,0.0,0.0,0.0,2,21,0.0,0.0
kotlin,kotlin_1,0,0,0,0,0,0,0.0,16.333333333333332,0.0,0.0392156862745098,0.0,0.6666666666666666,0.6666666666666666,0.0,0,0,0,0,0,0.0,0.0392156862745098,0.0,0.0,0.0,0.0392156862745098,0.0,0.0,0.0,0.0,3,21,0.0,0.0
kotlin,kotlin_10,0,0,0,0,0,0,0.0,15.5,0.0,0.03076923076923077,0.0,0.75,0.75,0.0,0,0,0,0,0,0.0,0.046153846153846156,0.0,0.0,0.0,0.03076923076923077,0.0,0.0,0.0,0.0,4,21,0.0,0.0
kotlin,kotlin_11,0,0,0,0,0,0,0.0,16.333333333333332,0.0,0.038461538461538464,0.0,0.5,0.5,0.0,0,0,0,0,0,0.0,0.038461538461538464,0.0,0.0,0.0,0.038461538461538464,0.0,0.0,0.0,0.0,4,21,0.0,0.0
kotlin,kotlin_31,0,0,0,0,0,0,0.0,15.5,0.0,0.030303030303030304,0.0,0.6,0.6,0.0,0,0,0,0,0,0.0,0.045454545454545456,0.0,0.0,0.0,0.030303030303030304,0.0,0.0,0.0,0.0,5,21,0.0,0.0
swift,swift_0,0,0,0,0,0,0,0.0,15.666666666666666,0.0,0.04081632653061224,0.0,0.6666666666666666,0.6666666666666666,0.0,0,0,0,0,0,0.0,0.04081632653061224,0.0,0.0,0.0,0.04081632653061224,0.0,0.0,0.0,0.0,3,20,0.0,0.0
swift,swift_1,0,0,0,0,0,0,0.0,17.0,0.0,0.05714285714285714,0.0,0.5,0.5,0.0,0,0,0,0,0,0.0,0.02857142857142857,0.0,0.0,0.0,0.05714285714285714,0.0,0.0,0.0,0.0,2,20,0.0,0.0
swift,swift_12,0,0,0,0,0,0,0.0,15.0,0.0,0.031746031746031744,0.0,0.75,0.75,0.0,0,0,0,0,0,0.0,0.047619047619047616,0.0,0.0,0.0,0.031746031746031744,0.0,0.0,0.0,0.0,4,20,0.0,0.0
swift,swift_16,0,0,0,0,0,0,0.0,15.666666666666666,0.0,0.04,0.0,0.5,0.5,0.0,0,0,0,0,0,0.0,0.04,0.0,0.0,0.0,0.04,0.0,0.0,0.0,0.0,4,20,0.0,0.0
swift,swift_18,0,0,0,0,0,0,0.0,15.0,0.0,0.03125,0.0,0.6,0.6,0.0,0,0,0,0,0,0.0,0.046875,0.0,0.0,0.0,0.03125,0.0,0.0,0.0,0.0,5,20,0.0,0.0
scala,scala_0,0,0,0,0,0,0,0.0,15.0,0.0,0.03125,0.0,0.6,0.6,0.0,0,0,0,0,0,0.0,0.046875,0.0,0.0,0.0,0.03125,0.0,0.0,0.0,0.0,5,20,0.0,0.0
scala,scala_1,0,0,0,0,0,0,0.0,15.666666666666666,0.0,0.04081632653061224,0.0,0.6666666666666666,0.6666666666666666,0.0,0,0,0,0,0,0.0,0.04081632653061224,0.0,0.0,0.0,0.04081632653061224,0.0,0.0,0.0,0.0,3,20,0.0,0.0
scala,scala_2,0,0,0,0,0,0,0.0,15.666666666666666,0.0,0.04,0.0,0.5,0.5,0.0,0,0,0,0,0,0.0,0.04,0.0,0.0,0.0,0.04,0.0,0.0,0.0,0.0,4,20,0.0,0.0
scala,scala_3,0,0,0,0,0,0,0.0,15.0,0.0,0.031746031746031744,0.0,0.75,0.75,0.0,0,0,0,0,0,0.0,0.047619047619047616,0.0,0.0,0.0,0.031746031746031744,0.0,0.0,0.0,0.0,4,20,0.0,0.0
scala,scala_4,0,0,0,0,0,0,0.0,17.0,0.0,0.05714285714285714,0.0,0.5,0.5,0.0,0,0,0,0,0,0.0,0.02857142857142857,0.0,0.0,0.0,0.05714285714285714,0.0,0.0,0.0,0.0,2,20,0.0,0.0
haskell,haskell_0,0,0,0,0,0,0,0.0,17.0,0.0,0.037037037037037035,0.0,0.5,0.5,0.0,0,0,0,0,0,0.0,0.037037037037037035,0.0,0.0,0.0,0.037037037037037035,0.0,0.0,0.0,0.0,4,22,0.0,0.0
haskell,haskell_1,0,0,0,0,0,0,0.0,17.0,0.0,0.03773584905660377,0.0,0.6666666666666666,0.6666666666666666,0.0,0,0,0,0,0,0.0,0.03773584905660377,0.0,0.0,0.0,0.03773584905660377,0.0,0.0,0.0,0.0,3,22,0.0,0.0
haskell,haskell_3,0,0,0,0,0,0,0.0,19.0,0.0,0.05128205128205128,0.0,0.5,0.5,0.0,0,0,0,0,0,0.0,0.02564102564102564,0.0,0.0,0.0,0.05128205128205128,0.0,0.0,0.0,0.0,2,22,0.0,0.0
haskell,haskell_20,0,0,0,0,0,0,0.0,16.0,0.0,0.029850746268656716,0.0,0.75,0.75,0.0,0,0,0,0,0,0.0,0.04477611940298507,0.0,0.0,0.0,0.029850746268656716,0.0,0.0,0.0,0.0,4,22,0.0,0.0
haskell,haskell_28,0,0,0,0,0,0,0.0,16.0,0.0,0.029411764705882353,0.0,0.6,0.6,0.0,0,0,0,0,0,0.0,0.04411764705882353,0.0,0.0,0.0,0.029411764705882353,0.0,0.0,0.0,0.0,5,22,0.0,0.0
r,r_0,0,0,0,0,0,0,0.0,13.0,0.0,0.03636363636363636,0.0,0.75,0.75,0.0,0,0,0,0,0,0.0,0.05454545454545454,0.0,0.0,0.0,0.03636363636363636,0.0,0.0,0.0,0.0,4,16,0.0,0.0
r,r_1,0,0,0,0,0,0,0.0,13.0,0.0,0.04878048780487805,0.0,0.6666666666666666,0.6666666666666666,0.0,0,0,0,0,0,0.0,0.04878048780487805,0.0,0.0,0.0,0.04878048780487805,0.0,0.0,0.0,0.0,3,16,0.0,0.0
r,r_3,0,0,0,0,0,0,0.0,13.0,0.0,0.03571428571428571,0.0,0.6,0.6,0.0,0,0,0,0,0,0.0,0.05357142857142857,0.0,0.0,0.0,0.03571428571428571,0.0,0.0,0.0,0.0,5,16,0.0,0.0
r,r_5,0,0,0,0,0,0,0.0,13.0,0.0,0.07407407407407407,0.0,0.5,0.5,0.0,0,0,0,0,0,0.0,0.037037037037037035,0.0,0.0,0.0,0.07407407407407407,0.0,0.0,0.0,0.0,2,16,0.0,0.0
r,r_41,0,0,0,0,0,0,0.0,13.0,0.0,0.047619047619047616,0.0,0.5,0.5,0.0,0,0,0,0,0,0.0,0.047619047619047616,0.0,0.0,0.0,0.047619047619047616,0.0,0.0,0.0,0.0,4,16,0.0,0.0
perl,perl_0,0,0,0,0,0,0,0.0,15.0,0.0,0.0425531914893617,0.0,0.6666666666666666,0.6666666666666666,0.0,0,0,0,0,0,0.0,0.0425531914893617,0.0,0.0,0.0,0.0425531914893617,0.0,0.0,0.0,0.0,3,19,0.0,0.0
perl,perl_4,0,0,0,0,0,0,0.0,14.5,0.0,0.03278688524590164,0.0,0.75,0.75,0.0,0,0,0,0,0,0.0,0.04918032786885246,0.0,0.0,0.0,0.03278688524590164,0.0,0.0,0.0,0.0,4,19,0.0,0.0
perl,perl_5,0,0,0,0,0,0,0.0,16.0,0.0,0.06060606060606061,0.0,0.5,0.5,0.0,0,0,0,0,0,0.0,0.030303030303030304,0.0,0.0,0.0,0.06060606060606061,0.0,0.0,0.0,0.0,2,19,0.0,0.0
perl,perl_12,0,0,0,0,0,0,0.0,14.5,0.0,0.03225806451612903,0.0,0.6,0.6,0.0,0,0,0,0,0,0.0,0.04838709677419355,0.0,0.0,0.0,0.03225806451612903,0.0,0.0,0.0,0.0,5,19,0.0,0.0
perl,perl_25,0,0,0,0,0,0,0.0,15.0,0.0,0.041666666666666664,0.0,0.5,0.5,0.0,0,0,0,0,0,0.0,0.041666666666666664,0.0,0.0,0.0,0.041666666666666664,0.0,0.0,0.0,0.0,4,19,0.0,0.0
lua,lua_0,0,0,0,0,0,0,0.0,14.333333333333334,0.0,0.044444444444444446,0.0,0.6666666666666666,0.6666666666666666,0.0,0,0,0,0,0,0.0,0.044444444444444446,0.0,0.0,0.0,0.044444444444444446,0.0,0.0,0.0,0.0,3,18,0.0,0.0
lua,lua_1,0,0,0,0,0,0,0.0,14.0,0.0,0.03389830508474576,0.0,0.75,0.75,0.0,0,0,0,0,0,0.0,0.05084745762711865,0.0,0.0,0.0,0.03389830508474576,0.0,0.0,0.0,0.0,4,18,0.0,0.0
lua,lua_10,0,0,0,0,0,0,0.0,15.0,0.0,0.06451612903225806,0.0,0.5,0.5,0.0,0,0,0,0,0,0.0,0.03225806451612903,0.0,0.0,0.0,0.06451612903225806,0.0,0.0,0.0,0.0,2,18,0.0,0.0
lua,lua_17,0,0,0,0,0,0,0.0,14.0,0.0,0.03333333333333333,0.0,0.6,0.6,0.0,0,0,0,0,0,0.0,0.05,0.0,0.0,0.0,0.03333333333333333,0.0,0.0,0.0,0.0,5,18,0.0,0.0
lua,lua_64,0,0,0,0,0,0,0.0,14.333333333333334,0.0,0.043478260869565216,0.0,0.5,0.5,0.0,0,0,0,0,0,0.0,0.043478260869565216,0.0,0.0,0.0,0.043478260869565216,0.0,0.0,0.0,0.0,4,18,0.0,0.0
shell,shell_0,0,0,0,0,0,0,0.0,15.666666666666666,0.0,0.04081632653061224,0.0,0.6666666666666666,0.6666666666666666,0.0,0,0,0,0,0,0.0,0.04081632653061224,0.0,0.0,0.0,0.04081632653061224,0.0,0.0,0.0,0.0,3,20,0.0,0.0
shell,shell_3,0,0,0,0,0,0,0.0,17.0,0.0,0.05714285714285714,0.0,0.5,0.5,0.0,0,0,0,0,0,0.0,0.02857142857142857,0.0,0.0,0.0,0.05714285714285714,0.0,0.0,0.0,0.0,2,20,0.0,0.0
shell,shell_4,0,0,0,0,0,0,0.0,15.0,0.0,0.03125,0.0,0.6,0.6,0.0,0,0,0,0,0,0.0,0.046875,0.0,0.0,0.0,0.03125,0.0,0.0,0.0,0.0,5,20,0.0,0.0
shell,shell_10,0,0,0,0,0,0,0.0,15.0,0.0,0.031746031746031744,0.0,0.75,0.75,0.0,0,0,0,0,0,0.0,0.047619047619047616,0.0,0.0,0.0,0.031746031746031744,0.0,0.0,0.0,0.0,4,20,0.0,0.0
shell,shell_50,0,0,0,0,0,0,0.0,15.666666666666666,0.0,0.04,0.0,0.5,0.5,0.0,0,0,0,0,0,0.0,0.04,0.0,0.0,0.0,0.04,0.0,0.0,0.0,0.0,4,20,0.0,0.0
sql,sql_0,0,0,0,0,0,0,0.0,25.0,0.0196078431372549,0.0,0.5,1.0,0.5,0.0,0,0,0,0,2,0.2857142857142857,0.0,0.0,0.0,0.0,0.0,0.0,0.0,0.0,0.0,2,35,0.0392156862745098,0.29411764705882354
sql,sql_2,0,0,0,0,0,0,0.0,32.333333333333336,0.0,0.04,0.25,0.5,0.5,0.0,0,0,0,0,2,0.14285714285714285,0.0,0.0,0.0,0.02,0.04,0.0,0.0,0.0,0.0,4,68,0.0,0.17
sql,sql_3,0,0,0,0,0,0,0.0,23.666666666666668,0.0136986301369863,0.0,0.3333333333333333,1.0,0.6666666666666666,0.0,0,0,0,0,2,0.18181818181818182,0.0,0.0,0.0,0.0,0.0,0.0,0.0,0.0,0.0,3,35,0.0273972602739726,0.2054794520547945
sql,sql_4,0,0,0,0,0,0,0.0,43.0,0.0,0.04597701149425287,0.5,0.5,0.5,0.0,0,0,0,0,1,0.07692307692307693,0.0,0.0,0.0,0.022988505747126436,0.04597701149425287,0.0,0.0,0.0,0.0,2,68,0.0,0.19540229885057472
sql,sql_5,0,0,0,0,0,0,0.0,22.333333333333332,0.014285714285714285,0.0,0.25,0.75,0.5,0.0,0,0,0,0,3,0.3,0.0,0.0,0.0,0.0,0.0,0.0,0.0,0.0,0.0,4,35,0.02857142857142857,0.21428571428571427
sql,sql_7,0,0,0,0,0,0,0.0,47.0,0.0,0.0,1.0,0.0,0.0,0.0,0,0,0,0,1,0.16666666666666666,0.0,0.0,0.0425531914893617,0.0,0.0,0.0,0.0,0.0,0.0,1,47,0.10638297872340426,0.2978723404255319
sql,sql_8,0,0,0,0,0,0,0.0,26.333333333333332,0.0,0.0,0.25,0.5,0.5,0.0,0,0,0,0,2,0.18181818181818182,0.0,0.0,0.024390243902439025,0.0,0.0,0.0,0.0,0.0,0.0,4,47,0.06097560975609756,0.17073170731707318
sql,sql_9,0,0,0,0,0,0,0.0,26.5,0.01818181818181818,0.0,0.3333333333333333,0.6666666666666666,0.3333333333333333,0.0,0,0,0,0,2,0.25,0.0,0.0,0.0,0.0,0.0,0.0,0.0,0.0,0.0,3,35,0.03636363636363636,0.2727272727272727
sql,sql_10,0,0,0,0,0,0,0.0,41.0,0.0,0.04819277108433735,0.5,0.5,0.5,0.0,0,0,0,0,2,0.16666666666666666,0.0,0.0,0.0,0.024096385542168676,0.04819277108433735,0.0,0.0,0.0,0.0,2,68,0.0,0.20481927710843373
sql,sql_11,0,0,0,0,0,0,0.0,26.333333333333332,0.0,0.0,0.25,0.5,0.5,0.0,0,0,0,0,2,0.18181818181818182,0.0,0.0,0.024390243902439025,0.0,0.0,0.0,0.0,0.0,0.0,4,47,0.06097560975609756,0.17073170731707318
sql,sql_12,0,0,0,0,0,0,0.0,30.5,0.0,0.0,0.5,0.5,0.5,0.0,0,0,0,0,2,0.25,0.0,0.0,0.03225806451612903,0.0,0.0,0.0,0.0,0.0,0.0,2,47,0.08064516129032258,0.22580645161290322
sql,sql_13,0,0,0,0,0,0,0.0,35.0,0.02857142857142857,0.0,1.0,1.0,0.0,0.0,0,0,0,0,2,0.4,0.0,0.0,0.0,0.0,0.0,0.0,0.0,0.0,0.0,1,35,0.05714285714285714,0.42857142857142855
sql,sql_19,0,0,0,0,0,0,0.0,22.666666666666668,0.014285714285714285,0.0,0.3333333333333333,1.0,0.6666666666666666,0.0,0,0,0,0,2,0.2,0.0,0.0,0.0,0.0,0.0,0.0,0.0,0.0,0.0,3,35,0.02857142857142857,0.21428571428571427
sql,sql_20,0,0,0,0,0,0,0.0,24.5,0.02,0.0,0.5,1.0,0.5,0.0,0,0,0,0,3,0.42857142857142855,0.0,0.0,0.0,0.0,0.0,0.0,0.0,0.0,0.0,2,35,0.04,0.3
sql,sql_22,0,0,0,0,0,0,0.0,22.666666666666668,0.014285714285714285,0.0,0.3333333333333333,1.0,0.6666666666666666,0.0,0,0,0,0,2,0.2,0.0,0.0,0.0,0.0,0.0,0.0,0.0,0.0,0.0,3,35,0.02857142857142857,0.21428571428571427
sql,sql_23,0,0,0,0,0,0,0.0,31.0,0.0,0.0,0.5,0.5,0.5,0.0,0,0,0,0,1,0.125,0.0,0.0,0.031746031746031744,0.0,0.0,0.0,0.0,0.0,0.0,2,47,0.07936507936507936,0.2222222222222222
sql,sql_27,0,0,0,0,0,0,0.0,41.5,0.0,0.047619047619047616,0.5,0.5,0.5,0.0,0,0,0,0,1,0.08333333333333333,0.0,0.0,0.0,0.023809523809523808,0.047619047619047616,0.0,0.0,0.0,0.0,2,68,0.0,0.20238095238095238
sql,sql_28,0,0,0,0,0,0,0.0,32.5,0.0,0.0,0.5,0.5,0.5,0.0,0,0,0,0,1,0.1111111111111111,0.0,0.0,0.030303030303030304,0.0,0.0,0.0,0.0,0.0,0.0,2,47,0.07575757575757576,0.21212121212121213
sql,sql_29,0,0,0,0,0,0,0.0,33.666666666666664,0.0,0.038834951456310676,0.3333333333333333,0.6666666666666666,0.6666666666666666,0.0,0,0,0,0,1,0.06666666666666667,0.0,0.0,0.0,0.019417475728155338,0.038834951456310676,0.0,0.0,0.0,0.0,3,68,0.0,0.1650485436893204
sql,sql_30,0,0,0,0,0,0,0.0,30.5,0.0,0.0,0.3333333333333333,0.3333333333333333,0.3333333333333333,0.0,0,0,0,0,2,0.25,0.0,0.0,0.031746031746031744,0.0,0.0,0.0,0.0,0.0,0.0,3,47,0.07936507936507936,0.2222222222222222
sql,sql_35,0,0,0,0,0,0,0.0,68.0,0.0,0.058823529411764705,1.0,0.0,0.0,0.0,0,0,0,0,1,0.1,0.0,0.0,0.0,0.029411764705882353,0.058823529411764705,0.0,0.0,0.0,0.0,1,68,0.0,0.25
sql,sql_44,0,0,0,0,0,0,0.0,34.666666666666664,0.0,0.03773584905660377,0.3333333333333333,0.6666666666666666,0.6666666666666666,0.0,0,0,0,0,1,0.0625,0.0,0.0,0.0,0.018867924528301886,0.03773584905660377,0.0,0.0,0.0,0.0,3,68,0.0,0.16037735849056603
sql,sql_54,0,0,0,0,0,0,0.0,41.5,0.0,0.047058823529411764,0.3333333333333333,0.3333333333333333,0.3333333333333333,0.0,0,0,0,0,1,0.08333333333333333,0.0,0.0,0.0,0.023529411764705882,0.047058823529411764,0.0,0.0,0.0,0.0,3,68,0.0,0.2
sql,sql_56,0,0,0,0,0,0,0.0,32.5,0.0,0.0,0.3333333333333333,0.3333333333333333,0.3333333333333333,0.0,0,0,0,0,1,0.1111111111111111,0.0,0.0,0.029850746268656716,0.0,0.0,0.0,0.0,0.0,0.0,3,47,0.07462686567164178,0.208955223880597
sql,sql_57,0,0,0,0,0,0,0.0,26.666666666666668,0.0,0.0,0.25,0.5,0.5,0.0,0,0,0,0,1,0.09090909090909091,0.0,0.0,0.024096385542168676,0.0,0.0,0.0,0.0,0.0,0.0,4,47,0.060240963855421686,0.1686746987951807
sql,sql_59,0,0,0,0,0,0,0.0,33.333333333333336,0.0,0.0392156862745098,0.3333333333333333,0.6666666666666666,0.6666666666666666,0.0,0,0,0,0,2,0.13333333333333333,0.0,0.0,0.0,0.0196078431372549,0.0392156862745098,0.0,0.0,0.0,0.0,3,68,0.0,0.16666666666666666
sql,sql_61,0,0,0,0,0,0,0.0,26.5,0.018518518518518517,0.0,0.5,1.0,0.5,0.0,0,0,0,0,2,0.25,0.0,0.0,0.0,0.0,0.0,0.0,0.0,0.0,0.0,2,35,0.037037037037037035,0.2777777777777778
sql,sql_70,0,0,0,0,0,0,0.0,31.0,0.0,0.0,0.3333333333333333,0.3333333333333333,0.3333333333333333,0.0,0,0,0,0,1,0.125,0.0,0.0,0.03125,0.0,0.0,0.0,0.0,0.0,0.0,3,47,0.078125,0.21875
sql,sql_78,0,0,0,0,0,0,0.0,32.0,0.0,0.04081632653061224,0.3333333333333333,0.6666666666666666,0.6666666666666666,0.0,0,0,0,0,3,0.21428571428571427,0.0,0.0,0.0,0.02040816326530612,0.04081632653061224,0.0,0.0,0.0,0.0,3,68,0.0,0.17346938775510204
sql,sql_81,0,0,0,0,0,0,0.0,27.666666666666668,0.0,0.0,0.3333333333333333,0.6666666666666666,0.6666666666666666,0.0,0,0,0,0,1,0.08333333333333333,0.0,0.0,0.023529411764705882,0.0,0.0,0.0,0.0,0.0,0.0,3,47,0.058823529411764705,0.16470588235294117
sql,sql_82,0,0,0,0,0,0,0.0,26.333333333333332,0.0,0.0,0.3333333333333333,0.6666666666666666,0.6666666666666666,0.0,0,0,0,0,2,0.18181818181818182,0.0,0.0,0.024691358024691357,0.0,0.0,0.0,0.0,0.0,0.0,3,47,0.06172839506172839,0.1728395061728395
sql,sql_84,0,0,0,0,0,0,0.0,41.0,0.0,0.047619047619047616,0.3333333333333333,0.3333333333333333,0.3333333333333333,0.0,0,0,0,0,2,0.16666666666666666,0.0,0.0,0.0,0.023809523809523808,0.047619047619047616,0.0,0.0,0.0,0.0,3,68,0.0,0.20238095238095238
sql,sql_98,0,0,0,0,0,0,0.0,21.333333333333332,0.015151515151515152,0.0,0.3333333333333333,1.0,0.6666666666666666,0.0,0,0,0,0,3,0.3333333333333333,0.0,0.0,0.0,0.0,0.0,0.0,0.0,0.0,0.0,3,35,0.030303030303030304,0.22727272727272727
sql,sql_100,0,0,0,0,0,0,0.0,23.666666666666668,0.013513513513513514,0.0,0.25,0.75,0.5,0.0,0,0,0,0,2,0.18181818181818182,0.0,0.0,0.0,0.0,0.0,0.0,0.0,0.0,0.0,4,35,0.02702702702702703,0.20270270270270271
sql,sql_103,0,0,0,0,0,0,0.0,21.666666666666668,0.014925373134328358,0.0,0.3333333333333333,1.0,0.6666666666666666,0.0,0,0,0,0,2,0.2222222222222222,0.0,0.0,0.0,0.0,0.0,0.0,0.0,0.0,0.0,3,35,0.029850746268656716,0.22388059701492538
sql,sql_110,0,0,0,0,0,0,0.0,33.666666666666664,0.0,0.038461538461538464,0.25,0.5,0.5,0.0,0,0,0,0,1,0.06666666666666667,0.0,0.0,0.0,0.019230769230769232,0.038461538461538464,0.0,0.0,0.0,0.0,4,68,0.0,0.16346153846153846
sql,sql_112,0,0,0,0,0,0,0.0,21.333333333333332,0.015151515151515152,0.0,0.3333333333333333,1.0,0.6666666666666666,0.0,0,0,0,0,3,0.3333333333333333,0.0,0.0,0.0,0.0,0.0,0.0,0.0,0.0,0.0,3,35,0.030303030303030304,0.22727272727272727
sql,sql_142,0,0,0,0,0,0,0.0,25.666666666666668,0.0,0.0,0.25,0.5,0.5,0.0,0,0,0,0,1,0.1,0.0,0.0,0.025,0.0,0.0,0.0,0.0,0.0,0.0,4,47,0.0625,0.175
sql,sql_152,0,0,0,0,0,0,0.0,32.333333333333336,0.0,0.04040404040404041,0.3333333333333333,0.6666666666666666,0.6666666666666666,0.0,0,0,0,0,2,0.14285714285714285,0.0,0.0,0.0,0.020202020202020204,0.04040404040404041,0.0,0.0,0.0,0.0,3,68,0.0,0.1717171717171717
sql,sql_153,0,0,0,0,0,0,0.0,27.666666666666668,0.0,0.0,0.25,0.5,0.5,0.0,0,0,0,0,1,0.08333333333333333,0.0,0.0,0.023255813953488372,0.0,0.0,0.0,0.0,0.0,0.0,4,47,0.05813953488372093,0.16279069767441862
sql,sql_154,0,0,0,0,0,0,0.0,25.333333333333332,0.0,0.0,0.3333333333333333,0.6666666666666666,0.6666666666666666,0.0,0,0,0,0,2,0.2,0.0,0.0,0.02564102564102564,0.0,0.0,0.0,0.0,0.0,0.0,3,47,0.0641025641025641,0.1794871794871795
sql,sql_159,0,0,0,0,0,0,0.0,25.333333333333332,0.0,0.0,0.3333333333333333,0.6666666666666666,0.6666666666666666,0.0,0,0,0,0,2,0.2,0.0,0.0,0.02564102564102564,0.0,0.0,0.0,0.0,0.0,0.0,3,47,0.0641025641025641,0.1794871794871795
sql,sql_193,0,0,0,0,0,0,0.0,25.333333333333332,0.0,0.0,0.25,0.5,0.5,0.0,0,0,0,0,2,0.2,0.0,0.0,0.02531645569620253,0.0,0.0,0.0,0.0,0.0,0.0,4,47,0.06329113924050633,0.17721518987341772
sql,sql_203,0,0,0,0,0,0,0.0,24.5,0.0196078431372549,0.0,0.3333333333333333,0.6666666666666666,0.3333333333333333,0.0,0,0,0,0,3,0.42857142857142855,0.0,0.0,0.0,0.0,0.0,0.0,0.0,0.0,0.0,3,35,0.0392156862745098,0.29411764705882354
sql,sql_217,0,0,0,0,0,0,0.0,26.666666666666668,0.0,0.0,0.3333333333333333,0.6666666666666666,0.6666666666666666,0.0,0,0,0,0,1,0.09090909090909091,0.0,0.0,0.024390243902439025,0.0,0.0,0.0,0.0,0.0,0.0,3,47,0.06097560975609756,0.17073170731707318
sql,sql_220,0,0,0,0,0,0,0.0,25.0,0.0,0.0,0.25,0.5,0.5,0.0,0,0,0,0,3,0.3,0.0,0.0,0.02564102564102564,0.0,0.0,0.0,0.0,0.0,0.0,4,47,0.0641025641025641,0.1794871794871795
sql,sql_227,0,0,0,0,0,0,0.0,22.666666666666668,0.014084507042253521,0.0,0.25,0.75,0.5,0.0,0,0,0,0,2,0.2,0.0,0.0,0.0,0.0,0.0,0.0,0.0,0.0,0.0,4,35,0.028169014084507043,0.2112676056338028
sql,sql_236,0,0,0,0,0,0,0.0,21.333333333333332,0.014925373134328358,0.0,0.25,0.75,0.5,0.0,0,0,0,0,3,0.3333333333333333,0.0,0.0,0.0,0.0,0.0,0.0,0.0,0.0,0.0,4,35,0.029850746268656716,0.22388059701492538
sql,sql_264,0,0,0,0,0,0,0.0,21.0,0.015151515151515152,0.0,0.25,0.75,0.5,0.0,0,0,0,0,4,0.4444444444444444,0.0,0.0,0.0,0.0,0.0,0.0,0.0,0.0,0.0,4,35,0.030303030303030304,0.22727272727272727
sql,sql_296,0,0,0,0,0,0,0.0,22.333333333333332,0.014492753623188406,0.0,0.3333333333333333,1.0,0.6666666666666666,0.0,0,0,0,0,3,0.3,0.0,0.0,0.0,0.0,0.0,0.0,0.0,0.0,0.0,3,35,0.028985507246376812,0.21739130434782608
sql,sql_328,0,0,0,0,0,0,0.0,33.333333333333336,0.0,0.038834951456310676,0.25,0.5,0.5,0.0,0,0,0,0,2,0.13333333333333333,0.0,0.0,0.0,0.019417475728155338,0.038834951456310676,0.0,0.0,0.0,0.0,4,68,0.0,0.1650485436893204
sql,sql_334,0,0,0,0,0,0,0.0,34.666666666666664,0.0,0.037383177570093455,0.25,0.5,0.5,0.0,0,0,0,0,1,0.0625,0.0,0.0,0.0,0.018691588785046728,0.037383177570093455,0.0,0.0,0.0,0.0,4,68,0.0,0.1588785046728972
sql,sql_341,0,0,0,0,0,0,0.0,25.0,0.019230769230769232,0.0,0.3333333333333333,0.6666666666666666,0.3333333333333333,0.0,0,0,0,0,2,0.2857142857142857,0.0,0.0,0.0,0.0,0.0,0.0,0.0,0.0,0.0,3,35,0.038461538461538464,0.28846153846153844
sql,sql_343,0,0,0,0,0,0,0.0,22.333333333333332,0.014285714285714285,0.0,0.25,0.75,0.5,0.0,0,0,0,0,3,0.3,0.0,0.0,0.0,0.0,0.0,0.0,0.0,0.0,0.0,4,35,0.02857142857142857,0.21428571428571427
sql,sql_359,0,0,0,0,0,0,0.0,32.666666666666664,0.0,0.039603960396039604,0.25,0.5,0.5,0.0,0,0,0,0,1,0.07142857142857142,0.0,0.0,0.0,0.019801980198019802,0.039603960396039604,0.0,0.0,0.0,0.0,4,68,0.0,0.16831683168316833
sql,sql_401,0,0,0,0,0,0,0.0,26.333333333333332,0.0,0.0,0.3333333333333333,0.6666666666666666,0.6666666666666666,0.0,0,0,0,0,2,0.18181818181818182,0.0,0.0,0.024691358024691357,0.0,0.0,0.0,0.0,0.0,0.0,3,47,0.06172839506172839,0.1728395061728395
sql,sql_403,0,0,0,0,0,0,0.0,33.333333333333336,0.0,0.038834951456310676,0.25,0.5,0.5,0.0,0,0,0,0,2,0.13333333333333333,0.0,0.0,0.0,0.019417475728155338,0.038834951456310676,0.0,0.0,0.0,0.0,4,68,0.0,0.1650485436893204
sql,sql_407,0,0,0,0,0,0,0.0,25.333333333333332,0.0,0.0,0.25,0.5,0.5,0.0,0,0,0,0,2,0.2,0.0,0.0,0.02531645569620253,0.0,0.0,0.0,0.0,0.0,0.0,4,47,0.06329113924050633,0.17721518987341772
sql,sql_409,0,0,0,0,0,0,0.0,33.666666666666664,0.0,0.038834951456310676,0.3333333333333333,0.6666666666666666,0.6666666666666666,0.0,0,0,0,0,1,0.06666666666666667,0.0,0.0,0.0,0.019417475728155338,0.038834951456310676,0.0,0.0,0.0,0.0,3,68,0.0,0.1650485436893204
sql,sql_422,0,0,0,0,0,0,0.0,32.666666666666664,0.0,0.04,0.3333333333333333,0.6666666666666666,0.6666666666666666,0.0,0,0,0,0,1,0.07142857142857142,0.0,0.0,0.0,0.02,0.04,0.0,0.0,0.0,0.0,3,68,0.0,0.17
sql,sql_442,0,0,0,0,0,0,0.0,25.0,0.0,0.0,0.3333333333333333,0.6666666666666666,0.6666666666666666,0.0,0,0,0,0,3,0.3,0.0,0.0,0.025974025974025976,0.0,0.0,0.0,0.0,0.0,0.0,3,47,0.06493506493506493,0.18181818181818182
sql,sql_463,0,0,0,0,0,0,0.0,33.333333333333336,0.0,0.0392156862745098,0.3333333333333333,0.6666666666666666,0.6666666666666666,0.0,0,0,0,0,2,0.13333333333333333,0.0,0.0,0.0,0.0196078431372549,0.0392156862745098,0.0,0.0,0.0,0.0,3,68,0.0,0.16666666666666666
sql,sql_468,0,0,0,0,0,0,0.0,33.666666666666664,0.0,0.038461538461538464,0.25,0.5,0.5,0.0,0,0,0,0,1,0.06666666666666667,0.0,0.0,0.0,0.019230769230769232,0.038461538461538464,0.0,0.0,0.0,0.0,4,68,0.0,0.16346153846153846
sql,sql_473,0,0,0,0,0,0,0.0,21.666666666666668,0.014705882352941176,0.0,0.25,0.75,0.5,0.0,0,0,0,0,2,0.2222222222222222,0.0,0.0,0.0,0.0,0.0,0.0,0.0,0.0,0.0,4,35,0.029411764705882353,0.22058823529411764
sql,sql_571,0,0,0,0,0,0,0.0,22.333333333333332,0.014492753623188406,0.0,0.3333333333333333,1.0,0.6666666666666666,0.0,0,0,0,0,3,0.3,0.0,0.0,0.0,0.0,0.0,0.0,0.0,0.0,0.0,3,35,0.028985507246376812,0.21739130434782608
sql,sql_603,0,0,0,0,0,0,0.0,32.333333333333336,0.0,0.04040404040404041,0.3333333333333333,0.6666666666666666,0.6666666666666666,0.0,0,0,0,0,2,0.14285714285714285,0.0,0.0,0.0,0.020202020202020204,0.04040404040404041,0.0,0.0,0.0,0.0,3,68,0.0,0.1717171717171717
sql,sql_666,0,0,0,0,0,0,0.0,21.333333333333332,0.014925373134328358,0.0,0.25,0.75,0.5,0.0,0,0,0,0,3,0.3333333333333333,0.0,0.0,0.0,0.0,0.0,0.0,0.0,0.0,0.0,4,35,0.029850746268656716,0.22388059701492538
sql,sql_678,0,0,0,0,0,0,0.0,32.0,0.0,0.04040404040404041,0.25,0.5,0.5,0.0,0,0,0,0,3,0.21428571428571427,0.0,0.0,0.0,0.020202020202020204,0.04040404040404041,0.0,0.0,0.0,0.0,4,68,0.0,0.1717171717171717
sql,sql_698,0,0,0,0,0,0,0.0,26.666666666666668,0.0,0.0,0.25,0.5,0.5,0.0,0,0,0,0,1,0.09090909090909091,0.0,0.0,0.024096385542168676,0.0,0.0,0.0,0.0,0.0,0.0,4,47,0.060240963855421686,0.1686746987951807
sql,sql_763,0,0,0,0,0,0,0.0,43.0,0.0,0.045454545454545456,0.3333333333333333,0.3333333333333333,0.3333333333333333,0.0,0,0,0,0,1,0.07692307692307693,0.0,0.0,0.0,0.022727272727272728,0.045454545454545456,0.0,0.0,0.0,0.0,3,68,0.0,0.19318181818181818
sql,sql_765,0,0,0,0,0,0,0.0,25.666666666666668,0.0,0.0,0.3333333333333333,0.6666666666666666,0.6666666666666666,0.0,0,0,0,0,1,0.1,0.0,0.0,0.02531645569620253,0.0,0.0,0.0,0.0,0.0,0.0,3,47,0.06329113924050633,0.17721518987341772
sql,sql_769,0,0,0,0,0,0,0.0,26.666666666666668,0.0,0.0,0.3333333333333333,0.6666666666666666,0.6666666666666666,0.0,0,0,0,0,1,0.09090909090909091,0.0,0.0,0.024390243902439025,0.0,0.0,0.0,0.0,0.0,0.0,3,47,0.06097560975609756,0.17073170731707318
sql,sql_775,0,0,0,0,0,0,0.0,22.666666666666668,0.014084507042253521,0.0,0.25,0.75,0.5,0.0,0,0,0,0,2,0.2,0.0,0.0,0.0,0.0,0.0,0.0,0.0,0.0,0.0,4,35,0.028169014084507043,0.2112676056338028
sql,sql_790,0,0,0,0,0,0,0.0,32.333333333333336,0.0,0.04,0.25,0.5,0.5,0.0,0,0,0,0,2,0.14285714285714285,0.0,0.0,0.0,0.02,0.04,0.0,0.0,0.0,0.0,4,68,0.0,0.17
sql,sql_837,0,0,0,0,0,0,0.0,21.0,0.015384615384615385,0.0,0.3333333333333333,1.0,0.6666666666666666,0.0,0,0,0,0,4,0.4444444444444444,0.0,0.0,0.0,0.0,0.0,0.0,0.0,0.0,0.0,3,35,0.03076923076923077,0.23076923076923078
html,html_0,1,0,0,0,0,0,1.4444444444444444,13.88888888888889,0.23308270676691728,0.0,0.0,0.4444444444444444,0.0,0.0,0,0,0,0,0,0.0,0.0,0.0,0.0,0.0,0.0,0.0,0.0,1.4444444444444444,0.0,9,32,0.015037593984962405,0.06766917293233082
html,html_1,0,1,0,0,0,0,1.25,14.0,0.2033898305084746,0.0,0.0,0.0,0.0,0.0,0,0,0,0,0,0.0,0.0,0.0,0.01694915254237288,0.0,0.03389830508474576,0.0,0.0,1.25,1.0,4,22,0.03389830508474576,0.01694915254237288
html,html_2,1,0,0,0,0,0,1.5714285714285714,12.714285714285714,0.28421052631578947,0.0,0.0,0.0,0.0,0.0,0,0,0,0,0,0.0,0.0,0.0,0.0,0.0,0.0,0.0,0.0,1.5714285714285714,0.0,7,32,0.021052631578947368,0.09473684210526316
html,html_3,0,0,0,0,0,0,1.2,18.8,0.14285714285714285,0.0,0.0,0.8,0.0,0.0,0,0,0,0,1,0.08333333333333333,0.0,0.0,0.01020408163265306,0.0,0.02040816326530612,0.0,0.0,1.2,0.8,5,23,0.0,0.01020408163265306
html,html_5,0,0,0,0,0,0,1.25,16.75,0.17142857142857143,0.0,0.0,0.5,0.0,0.0,0,0,0,0,1,0.1111111111111111,0.0,0.0,0.014285714285714285,0.0,0.02857142857142857,0.0,0.0,1.25,1.0,4,23,0.0,0.014285714285714285
html,html_6,0,1,0,0,0,0,1.2,15.4,0.1728395061728395,0.0,0.0,0.4,0.0,0.0,0,0,0,0,0,0.0,0.0,0.0,0.012345679012345678,0.0,0.024691358024691357,0.0,0.0,1.2,0.8,5,22,0.024691358024691357,0.012345679012345678
html,html_11,0,0,0,0,0,0,1.0,18.8,0.1414141414141414,0.0,0.0,0.6666666666666666,0.0,0.0,0,0,0,0,1,0.08333333333333333,0.0,0.0,0.010101010101010102,0.0,0.020202020202020204,0.0,0.0,1.0,0.8,6,23,0.0,0.010101010101010102
html,html_12,1,0,0,0,0,0,1.5,13.75,0.24786324786324787,0.0,0.0,0.25,0.0,0.0,0,0,0,0,0,0.0,0.0,0.0,0.0,0.0,0.0,0.0,0.0,1.5,0.0,8,32,0.017094017094017096,0.07692307692307693
html,html_13,0,0,0,0,0,0,1.25,18.25,0.15789473684210525,0.0,0.0,0.5,0.0,0.0,0,0,0,0,1,0.1,0.0,0.0,0.013157894736842105,0.0,0.02631578947368421,0.0,0.0,1.25,1.0,4,23,0.0,0.013157894736842105
html,html_14,0,0,0,0,0,0,1.0,16.75,0.16901408450704225,0.0,0.0,0.4,0.0,0.0,0,0,0,0,1,0.1111111111111111,0.0,0.0,0.014084507042253521,0.0,0.028169014084507043,0.0,0.0,1.0,1.0,5,23,0.0,0.014084507042253521
html,html_15,0,0,0,0,0,0,1.25,16.75,0.17142857142857143,0.0,0.0,0.5,0.0,0.0,0,0,0,0,1,0.1111111111111111,0.0,0.0,0.014285714285714285,0.0,0.02857142857142857,0.0,0.0,1.25,1.0,4,23,0.0,0.014285714285714285
html,html_16,1,0,0,0,0,0,1.4444444444444444,13.88888888888889,0.23308270676691728,0.0,0.0,0.4444444444444444,0.0,0.0,0,0,0,0,0,0.0,0.0,0.0,0.0,0.0,0.0,0.0,0.0,1.4444444444444444,0.0,9,32,0.015037593984962405,0.06766917293233082
html,html_23,1,0,0,0,0,0,1.5,13.0,0.26126126126126126,0.0,0.0,0.25,0.0,0.0,0,0,0,0,0,0.0,0.0,0.0,0.0,0.0,0.0,0.0,0.0,1.5,0.0,8,32,0.018018018018018018,0.08108108108108109
html,html_25,0,1,0,0,0,0,1.2,14.2,0.18666666666666668,0.0,0.0,0.4,0.0,0.0,0,0,0,0,0,0.0,0.0,0.0,0.013333333333333334,0.0,0.02666666666666667,0.0,0.0,1.2,0.8,5,22,0.02666666666666667,0.013333333333333334
html,html_26,0,1,0,0,0,0,1.0,16.333333333333332,0.15384615384615385,0.0,0.0,0.5714285714285714,0.0,0.0,0,0,0,0,0,0.0,0.0,0.0,0.009615384615384616,0.0,0.019230769230769232,0.0,0.0,1.0,0.6666666666666666,7,22,0.019230769230769232,0.009615384615384616
html,html_28,0,1,0,0,0,0,1.2,14.2,0.18666666666666668,0.0,0.0,0.4,0.0,0.0,0,0,0,0,0,0.0,0.0,0.0,0.013333333333333334,0.0,0.02666666666666667,0.0,0.0,1.2,0.8,5,22,0.02666666666666667,0.013333333333333334
html,html_29,0,0,0,0,0,0,1.3333333333333333,17.333333333333332,0.18518518518518517,0.0,0.0,0.0,0.0,0.0,0,0,0,0,1,0.125,0.0,0.0,0.018518518518518517,0.0,0.037037037037037035,0.0,0.0,1.3333333333333333,1.3333333333333333,3,23,0.0,0.018518518518518517
html,html_31,1,0,0,0,0,0,1.4444444444444444,13.222222222222221,0.2440944881889764,0.0,0.0,0.4444444444444444,0.0,0.0,0,0,0,0,0,0.0,0.0,0.0,0.0,0.0,0.0,0.0,0.0,1.4444444444444444,0.0,9,32,0.015748031496062992,0.07086614173228346
html,html_32,0,1,0,0,0,0,1.0,14.333333333333334,0.17391304347826086,0.0,0.0,0.5714285714285714,0.0,0.0,0,0,0,0,0,0.0,0.0,0.0,0.010869565217391304,0.0,0.021739130434782608,0.0,0.0,1.0,0.6666666666666666,7,22,0.021739130434782608,0.010869565217391304
html,html_35,1,0,0,0,0,0,1.5,13.0,0.26126126126126126,0.0,0.0,0.25,0.0,0.0,0,0,0,0,0,0.0,0.0,0.0,0.0,0.0,0.0,0.0,0.0,1.5,0.0,8,32,0.018018018018018018,0.08108108108108109
html,html_42,1,0,0,0,0,0,1.4444444444444444,13.222222222222221,0.2440944881889764,0.0,0.0,0.4444444444444444,0.0,0.0,0,0,0,0,0,0.0,0.0,0.0,0.0,0.0,0.0,0.0,0.0,1.4444444444444444,0.0,9,32,0.015748031496062992,0.07086614173228346
html,html_46,1,0,0,0,0,0,1.4444444444444444,14.555555555555555,0.22302158273381295,0.0,0.0,0.4444444444444444,0.0,0.0,0,0,0,0,0,0.0,0.0,0.0,0.0,0.0,0.0,0.0,0.0,1.4444444444444444,0.0,9,32,0.014388489208633094,0.06474820143884892
html,html_50,0,0,0,0,0,0,1.2,17.6,0.15217391304347827,0.0,0.0,0.8,0.0,0.0,0,0,0,0,1,0.09090909090909091,0.0,0.0,0.010869565217391304,0.0,0.021739130434782608,0.0,0.0,1.2,0.8,5,23,0.0,0.010869565217391304
html,html_51,0,1,0,0,0,0,1.0,14.2,0.18421052631578946,0.0,0.0,0.3333333333333333,0.0,0.0,0,0,0,0,0,0.0,0.0,0.0,0.013157894736842105,0.0,0.02631578947368421,0.0,0.0,1.0,0.8,6,22,0.02631578947368421,0.013157894736842105
html,html_55,1,0,0,0,0,0,1.3333333333333333,13.75,0.2457627118644068,0.0,0.0,0.2222222222222222,0.0,0.0,0,0,0,0,0,0.0,0.0,0.0,0.0,0.0,0.0,0.0,0.0,1.3333333333333333,0.0,9,32,0.01694915254237288,0.07627118644067797
html,html_77,0,1,0,0,0,0,1.1666666666666667,15.333333333333334,0.16494845360824742,0.0,0.0,0.6666666666666666,0.0,0.0,0,0,0,0,0,0.0,0.0,0.0,0.010309278350515464,0.0,0.020618556701030927,0.0,0.0,1.1666666666666667,0.6666666666666666,6,22,0.020618556701030927,0.010309278350515464
html,html_79,0,0,0,0,0,0,1.2,16.4,0.16279069767441862,0.0,0.0,0.8,0.0,0.0,0,0,0,0,1,0.1,0.0,0.0,0.011627906976744186,0.0,0.023255813953488372,0.0,0.0,1.2,0.8,5,23,0.0,0.011627906976744186
html,html_89,0,0,0,0,0,0,1.0,16.75,0.16901408450704225,0.0,0.0,0.4,0.0,0.0,0,0,0,0,1,0.1111111111111111,0.0,0.0,0.014084507042253521,0.0,0.028169014084507043,0.0,0.0,1.0,1.0,5,23,0.0,0.014084507042253521
html,html_92,0,0,0,0,0,0,1.0,16.4,0.16091954022988506,0.0,0.0,0.6666666666666666,0.0,0.0,0,0,0,0,1,0.1,0.0,0.0,0.011494252873563218,0.0,0.022988505747126436,0.0,0.0,1.0,0.8,6,23,0.0,0.011494252873563218
html,html_105,0,0,0,0,0,0,1.0,17.6,0.15053763440860216,0.0,0.0,0.6666666666666666,0.0,0.0,0,0,0,0,1,0.09090909090909091,0.0,0.0,0.010752688172043012,0.0,0.021505376344086023,0.0,0.0,1.0,0.8,6,23,0.0,0.010752688172043012
html,html_109,0,0,0,0,0,0,1.2,16.4,0.16279069767441862,0.0,0.0,0.8,0.0,0.0,0,0,0,0,1,0.1,0.0,0.0,0.011627906976744186,0.0,0.023255813953488372,0.0,0.0,1.2,0.8,5,23,0.0,0.011627906976744186
html,html_115,1,0,0,0,0,0,1.3,13.222222222222221,0.2421875,0.0,0.0,0.4,0.0,0.0,0,0,0,0,0,0.0,0.0,0.0,0.0,0.0,0.0,0.0,0.0,1.3,0.0,10,32,0.015625,0.0703125
html,html_141,1,0,0,0,0,0,1.3333333333333333,13.0,0.25892857142857145,0.0,0.0,0.2222222222222222,0.0,0.0,0,0,0,0,0,0.0,0.0,0.0,0.0,0.0,0.0,0.0,0.0,1.3333333333333333,0.0,9,32,0.017857142857142856,0.08035714285714286
html,html_147,1,0,0,0,0,0,1.3,13.222222222222221,0.2421875,0.0,0.0,0.4,0.0,0.0,0,0,0,0,0,0.0,0.0,0.0,0.0,0.0,0.0,0.0,0.0,1.3,0.0,10,32,0.015625,0.0703125
html,html_159,0,1,0,0,0,0,1.1666666666666667,14.333333333333334,0.17582417582417584,0.0,0.0,0.6666666666666666,0.0,0.0,0,0,0,0,0,0.0,0.0,0.0,0.01098901098901099,0.0,0.02197802197802198,0.0,0.0,1.1666666666666667,0.6666666666666666,6,22,0.02197802197802198,0.01098901098901099
html,html_163,0,0,0,0,0,0,1.0,18.25,0.15584415584415584,0.0,0.0,0.4,0.0,0.0,0,0,0,0,1,0.1,0.0,0.0,0.012987012987012988,0.0,0.025974025974025976,0.0,0.0,1.0,1.0,5,23,0.0,0.012987012987012988
html,html_166,0,1,0,0,0,0,1.0,14.333333333333334,0.17391304347826086,0.0,0.0,0.5714285714285714,0.0,0.0,0,0,0,0,0,0.0,0.0,0.0,0.010869565217391304,0.0,0.021739130434782608,0.0,0.0,1.0,0.6666666666666666,7,22,0.021739130434782608,0.010869565217391304
html,html_168,0,1,0,0,0,0,1.1666666666666667,16.333333333333332,0.1553398058252427,0.0,0.0,0.6666666666666666,0.0,0.0,0,0,0,0,0,0.0,0.0,0.0,0.009708737864077669,0.0,0.019417475728155338,0.0,0.0,1.1666666666666667,0.6666666666666666,6,22,0.019417475728155338,0.009708737864077669
html,html_179,1,0,0,0,0,0,1.3,13.88888888888889,0.23134328358208955,0.0,0.0,0.4,0.0,0.0,0,0,0,0,0,0.0,0.0,0.0,0.0,0.0,0.0,0.0,0.0,1.3,0.0,10,32,0.014925373134328358,0.06716417910447761
html,html_184,0,0,0,0,0,0,1.2,17.6,0.15217391304347827,0.0,0.0,0.8,0.0,0.0,0,0,0,0,1,0.09090909090909091,0.0,0.0,0.010869565217391304,0.0,0.021739130434782608,0.0,0.0,1.2,0.8,5,23,0.0,0.010869565217391304
html,html_192,0,0,0,0,0,0,1.0,16.4,0.16091954022988506,0.0,0.0,0.6666666666666666,0.0,0.0,0,0,0,0,1,0.1,0.0,0.0,0.011494252873563218,0.0,0.022988505747126436,0.0,0.0,1.0,0.8,6,23,0.0,0.011494252873563218
html,html_195,0,1,0,0,0,0,1.0,14.2,0.18421052631578946,0.0,0.0,0.3333333333333333,0.0,0.0,0,0,0,0,0,0.0,0.0,0.0,0.013157894736842105,0.0,0.02631578947368421,0.0,0.0,1.0,0.8,6,22,0.02631578947368421,0.013157894736842105
html,html_202,0,0,0,0,0,0,1.0,17.6,0.15053763440860216,0.0,0.0,0.6666666666666666,0.0,0.0,0,0,0,0,1,0.09090909090909091,0.0,0.0,0.010752688172043012,0.0,0.021505376344086023,0.0,0.0,1.0,0.8,6,23,0.0,0.010752688172043012
html,html_204,0,1,0,0,0,0,1.0,15.4,0.17073170731707318,0.0,0.0,0.3333333333333333,0.0,0.0,0,0,0,0,0,0.0,0.0,0.0,0.012195121951219513,0.0,0.024390243902439025,0.0,0.0,1.0,0.8,6,22,0.024390243902439025,0.012195121951219513
html,html_207,0,1,0,0,0,0,1.0,14.333333333333334,0.17391304347826086,0.0,0.0,0.5714285714285714,0.0,0.0,0,0,0,0,0,0.0,0.0,0.0,0.010869565217391304,0.0,0.021739130434782608,0.0,0.0,1.0,0.6666666666666666,7,22,0.021739130434782608,0.010869565217391304
html,html_210,1,0,0,0,0,0,1.4444444444444444,13.222222222222221,0.2440944881889764,0.0,0.0,0.4444444444444444,0.0,0.0,0,0,0,0,0,0.0,0.0,0.0,0.0,0.0,0.0,0.0,0.0,1.4444444444444444,0.0,9,32,0.015748031496062992,0.07086614173228346
html,html_213,1,0,0,0,0,0,1.4444444444444444,13.222222222222221,0.2440944881889764,0.0,0.0,0.4444444444444444,0.0,0.0,0,0,0,0,0,0.0,0.0,0.0,0.0,0.0,0.0,0.0,0.0,1.4444444444444444,0.0,9,32,0.015748031496062992,0.07086614173228346
html,html_225,0,1,0,0,0,0,1.0,15.333333333333334,0.16326530612244897,0.0,0.0,0.5714285714285714,0.0,0.0,0,0,0,0,0,0.0,0.0,0.0,0.01020408163265306,0.0,0.02040816326530612,0.0,0.0,1.0,0.6666666666666666,7,22,0.02040816326530612,0.01020408163265306
html,html_229,0,0,0,0,0,0,1.2,17.6,0.15217391304347827,0.0,0.0,0.8,0.0,0.0,0,0,0,0,1,0.09090909090909091,0.0,0.0,0.010869565217391304,0.0,0.021739130434782608,0.0,0.0,1.2,0.8,5,23,0.0,0.010869565217391304
html,html_231,0,0,0,0,0,0,1.2,16.4,0.16279069767441862,0.0,0.0,0.8,0.0,0.0,0,0,0,0,1,0.1,0.0,0.0,0.011627906976744186,0.0,0.023255813953488372,0.0,0.0,1.2,0.8,5,23,0.0,0.011627906976744186
html,html_241,0,1,0,0,0,0,1.0,15.333333333333334,0.16326530612244897,0.0,0.0,0.5714285714285714,0.0,0.0,0,0,0,0,0,0.0,0.0,0.0,0.01020408163265306,0.0,0.02040816326530612,0.0,0.0,1.0,0.6666666666666666,7,22,0.02040816326530612,0.01020408163265306
html,html_257,0,1,0,0,0,0,1.1666666666666667,15.333333333333334,0.16494845360824742,0.0,0.0,0.6666666666666666,0.0,0.0,0,0,0,0,0,0.0,0.0,0.0,0.010309278350515464,0.0,0.020618556701030927,0.0,0.0,1.1666666666666667,0.6666666666666666,6,22,0.020618556701030927,0.010309278350515464
html,html_262,0,1,0,0,0,0,1.1666666666666667,14.333333333333334,0.17582417582417584,0.0,0.0,0.6666666666666666,0.0,0.0,0,0,0,0,0,0.0,0.0,0.0,0.01098901098901099,0.0,0.02197802197802198,0.0,0.0,1.1666666666666667,0.6666666666666666,6,22,0.02197802197802198,0.01098901098901099
html,html_266,1,0,0,0,0,0,1.3,13.88888888888889,0.23134328358208955,0.0,0.0,0.4,0.0,0.0,0,0,0,0,0,0.0,0.0,0.0,0.0,0.0,0.0,0.0,0.0,1.3,0.0,10,32,0.014925373134328358,0.06716417910447761
html,html_306,1,0,0,0,0,0,1.4444444444444444,13.88888888888889,0.23308270676691728,0.0,0.0,0.4444444444444444,0.0,0.0,0,0,0,0,0,0.0,0.0,0.0,0.0,0.0,0.0,0.0,0.0,1.4444444444444444,0.0,9,32,0.015037593984962405,0.06766917293233082
html,html_328,0,0,0,0,0,0,1.0,17.6,0.15053763440860216,0.0,0.0,0.6666666666666666,0.0,0.0,0,0,0,0,1,0.09090909090909091,0.0,0.0,0.010752688172043012,0.0,0.021505376344086023,0.0,0.0,1.0,0.8,6,23,0.0,0.010752688172043012
html,html_406,0,1,0,0,0,0,1.0,15.333333333333334,0.16326530612244897,0.0,0.0,0.5714285714285714,0.0,0.0,0,0,0,0,0,0.0,0.0,0.0,0.01020408163265306,0.0,0.02040816326530612,0.0,0.0,1.0,0.6666666666666666,7,22,0.02040816326530612,0.01020408163265306
html,html_425,0,1,0,0,0,0,1.0,14.333333333333334,0.17391304347826086,0.0,0.0,0.5714285714285714,0.0,0.0,0,0,0,0,0,0.0,0.0,0.0,0.010869565217391304,0.0,0.021739130434782608,0.0,0.0,1.0,0.6666666666666666,7,22,0.021739130434782608,0.010869565217391304
html,html_427,0,1,0,0,0,0,1.1666666666666667,14.333333333333334,0.17582417582417584,0.0,0.0,0.6666666666666666,0.0,0.0,0,0,0,0,0,0.0,0.0,0.0,0.01098901098901099,0.0,0.02197802197802198,0.0,0.0,1.1666666666666667,0.6666666666666666,6,22,0.02197802197802198,0.01098901098901099
html,html_448,1,0,0,0,0,0,1.4444444444444444,13.88888888888889,0.23308270676691728,0.0,0.0,0.4444444444444444,0.0,0.0,0,0,0,0,0,0.0,0.0,0.0,0.0,0.0,0.0,0.0,0.0,1.4444444444444444,0.0,9,32,0.015037593984962405,0.06766917293233082
html,html_462,0,0,0,0,0,0,1.2,16.4,0.16279069767441862,0.0,0.0,0.8,0.0,0.0,0,0,0,0,1,0.1,0.0,0.0,0.011627906976744186,0.0,0.023255813953488372,0.0,0.0,1.2,0.8,5,23,0.0,0.011627906976744186
html,html_474,0,0,0,0,0,0,1.0,16.4,0.16091954022988506,0.0,0.0,0.6666666666666666,0.0,0.0,0,0,0,0,1,0.1,0.0,0.0,0.011494252873563218,0.0,0.022988505747126436,0.0,0.0,1.0,0.8,6,23,0.0,0.011494252873563218
html,html_476,0,1,0,0,0,0,1.1666666666666667,15.333333333333334,0.16494845360824742,0.0,0.0,0.6666666666666666,0.0,0.0,0,0,0,0,0,0.0,0.0,0.0,0.010309278350515464,0.0,0.020618556701030927,0.0,0.0,1.1666666666666667,0.6666666666666666,6,22,0.020618556701030927,0.010309278350515464
html,html_565,0,0,0,0,0,0,1.0,16.4,0.16091954022988506,0.0,0.0,0.6666666666666666,0.0,0.0,0,0,0,0,1,0.1,0.0,0.0,0.011494252873563218,0.0,0.022988505747126436,0.0,0.0,1.0,0.8,6,23,0.0,0.011494252873563218
html,html_623,1,0,0,0,0,0,1.3,13.222222222222221,0.2421875,0.0,0.0,0.4,0.0,0.0,0,0,0,0,0,0.0,0.0,0.0,0.0,0.0,0.0,0.0,0.0,1.3,0.0,10,32,0.015625,0.0703125
html,html_672,0,0,0,0,0,0,1.2,17.6,0.15217391304347827,0.0,0.0,0.8,0.0,0.0,0,0,0,0,1,0.09090909090909091,0.0,0.0,0.010869565217391304,0.0,0.021739130434782608,0.0,0.0,1.2,0.8,5,23,0.0,0.010869565217391304
html,html_680,1,0,0,0,0,0,1.3333333333333333,13.0,0.25892857142857145,0.0,0.0,0.2222222222222222,0.0,0.0,0,0,0,0,0,0.0,0.0,0.0,0.0,0.0,0.0,0.0,0.0,1.3333333333333333,0.0,9,32,0.017857142857142856,0.08035714285714286
html,html_684,1,0,0,0,0,0,1.3,13.222222222222221,0.2421875,0.0,0.0,0.4,0.0,0.0,0,0,0,0,0,0.0,0.0,0.0,0.0,0.0,0.0,0.0,0.0,1.3,0.0,10,32,0.015625,0.0703125
html,html_710,0,1,0,0,0,0,1.0,15.333333333333334,0.16326530612244897,0.0,0.0,0.5714285714285714,0.0,0.0,0,0,0,0,0,0.0,0.0,0.0,0.01020408163265306,0.0,0.02040816326530612,0.0,0.0,1.0,0.6666666666666666,7,22,0.02040816326530612,0.01020408163265306
html,html_722,1,0,0,0,0,0,1.3,13.88888888888889,0.23134328358208955,0.0,0.0,0.4,0.0,0.0,0,0,0,0,0,0.0,0.0,0.0,0.0,0.0,0.0,0.0,0.0,1.3,0.0,10,32,0.014925373134328358,0.06716417910447761
html,html_759,0,1,0,0,0,0,1.1666666666666667,15.333333333333334,0.16494845360824742,0.0,0.0,0.6666666666666666,0.0,0.0,0,0,0,0,0,0.0,0.0,0.0,0.010309278350515464,0.0,0.020618556701030927,0.0,0.0,1.1666666666666667,0.6666666666666666,6,22,0.020618556701030927,0.010309278350515464
html,html_814,1,0,0,0,0,0,1.3,14.555555555555555,0.22142857142857142,0.0,0.0,0.4,0.0,0.0,0,0,0,0,0,0.0,0.0,0.0,0.0,0.0,0.0,0.0,0.0,1.3,0.0,10,32,0.014285714285714285,0.06428571428571428
css,css_0,0,0,0,0,0,0,0.0,13.444444444444445,0.031007751937984496,0.031007751937984496,0.3333333333333333,0.4444444444444444,0.0,0.2222222222222222,0,0,0,0,0,0.0,0.0,0.023255813953488372,0.0,0.0,0.0,0.05426356589147287,0.023255813953488372,0.0,1.3333333333333333,9,28,0.0,0.0
css,css_1,0,0,0,0,0,0,0.0,13.88888888888889,0.03007518796992481,0.03007518796992481,0.3333333333333333,0.4444444444444444,0.0,0.2222222222222222,0,0,0,0,0,0.0,0.0,0.022556390977443608,0.0,0.0,0.0,0.05263157894736842,0.022556390977443608,0.0,1.3333333333333333,9,28,0.0,0.0
css,css_2,0,0,0,0,0,0,0.0,13.666666666666666,0.015267175572519083,0.030534351145038167,0.4444444444444444,0.2222222222222222,0.0,0.1111111111111111,0,0,0,0,0,0.0,0.0,0.03816793893129771,0.0,0.0,0.0,0.06870229007633588,0.030534351145038167,0.0,1.7777777777777777,9,31,0.015267175572519083,0.007633587786259542
css,css_3,0,0,0,0,0,0,0.0,11.857142857142858,0.0,0.0449438202247191,0.42857142857142855,0.0,0.0,0.0,0,0,0,0,0,0.0,0.0,0.033707865168539325,0.0,0.0,0.0,0.07865168539325842,0.033707865168539325,0.0,1.7142857142857142,7,28,0.0,0.0
css,css_4,0,0,0,0,0,0,0.0,13.25,0.017699115044247787,0.035398230088495575,0.375,0.25,0.0,0.125,0,0,0,0,0,0.0,0.0,0.02654867256637168,0.0,0.0,0.0,0.061946902654867256,0.02654867256637168,0.0,1.5,8,28,0.0,0.0
css,css_8,0,0,0,0,0,0,0.0,14.2,0.02631578947368421,0.02631578947368421,0.36363636363636365,0.36363636363636365,0.0,0.18181818181818182,0,0,0,0,0,0.0,0.0,0.03289473684210526,0.0,0.0,0.0,0.05921052631578947,0.02631578947368421,0.0,1.6,11,31,0.013157894736842105,0.006578947368421052
css,css_9,0,0,0,0,0,0,0.0,12.75,0.01834862385321101,0.03669724770642202,0.375,0.25,0.0,0.125,0,0,0,0,0,0.0,0.0,0.027522935779816515,0.0,0.0,0.0,0.06422018348623854,0.027522935779816515,0.0,1.5,8,28,0.0,0.0
css,css_12,0,0,0,0,0,0,0.0,12.5,0.0,0.037383177570093455,0.5,0.0,0.0,0.0,0,0,0,0,0,0.0,0.0,0.04672897196261682,0.0,0.0,0.0,0.08411214953271028,0.037383177570093455,0.0,2.0,8,31,0.018691588785046728,0.009345794392523364
css,css_14,0,0,0,0,0,0,0.0,14.2,0.02631578947368421,0.02631578947368421,0.36363636363636365,0.36363636363636365,0.0,0.18181818181818182,0,0,0,0,0,0.0,0.0,0.03289473684210526,0.0,0.0,0.0,0.05921052631578947,0.02631578947368421,0.0,1.6,11,31,0.013157894736842105,0.006578947368421052
css,css_16,0,0,0,0,0,0,0.0,13.222222222222221,0.015748031496062992,0.031496062992125984,0.4444444444444444,0.2222222222222222,0.0,0.1111111111111111,0,0,0,0,0,0.0,0.0,0.03937007874015748,0.0,0.0,0.0,0.07086614173228346,0.031496062992125984,0.0,1.7777777777777777,9,31,0.015748031496062992,0.007874015748031496
css,css_17,0,0,0,0,0,0,0.0,13.222222222222221,0.015625,0.03125,0.4,0.2,0.0,0.1,0,0,0,0,0,0.0,0.0,0.0390625,0.0,0.0,0.0,0.0703125,0.03125,0.0,1.7777777777777777,10,31,0.015625,0.0078125
css,css_22,0,0,0,0,0,0,0.0,13.8,0.027210884353741496,0.027210884353741496,0.4,0.4,0.0,0.2,0,0,0,0,0,0.0,0.0,0.034013605442176874,0.0,0.0,0.0,0.061224489795918366,0.027210884353741496,0.0,1.6,10,31,0.013605442176870748,0.006802721088435374
css,css_24,0,0,0,0,0,0,0.0,14.2,0.026490066225165563,0.026490066225165563,0.4,0.4,0.0,0.2,0,0,0,0,0,0.0,0.0,0.033112582781456956,0.0,0.0,0.0,0.059602649006622516,0.026490066225165563,0.0,1.6,10,31,0.013245033112582781,0.006622516556291391
css,css_25,0,0,0,0,0,0,0.0,14.333333333333334,0.028985507246376812,0.028985507246376812,0.3,0.4,0.0,0.2,0,0,0,0,0,0.0,0.0,0.021739130434782608,0.0,0.0,0.0,0.050724637681159424,0.021739130434782608,0.0,1.3333333333333333,10,28,0.0,0.0
css,css_33,0,0,0,0,0,0,0.0,12.75,0.01818181818181818,0.03636363636363636,0.3333333333333333,0.2222222222222222,0.0,0.1111111111111111,0,0,0,0,0,0.0,0.0,0.02727272727272727,0.0,0.0,0.0,0.06363636363636363,0.02727272727272727,0.0,1.5,9,28,0.0,0.0
css,css_40,0,0,0,0,0,0,0.0,13.8,0.02702702702702703,0.02702702702702703,0.36363636363636365,0.36363636363636365,0.0,0.18181818181818182,0,0,0,0,0,0.0,0.0,0.033783783783783786,0.0,0.0,0.0,0.060810810810810814,0.02702702702702703,0.0,1.6,11,31,0.013513513513513514,0.006756756756756757
css,css_41,0,0,0,0,0,0,0.0,13.88888888888889,0.029850746268656716,0.029850746268656716,0.3,0.4,0.0,0.2,0,0,0,0,0,0.0,0.0,0.022388059701492536,0.0,0.0,0.0,0.05223880597014925,0.022388059701492536,0.0,1.3333333333333333,10,28,0.0,0.0
css,css_47,0,0,0,0,0,0,0.0,13.88888888888889,0.03007518796992481,0.03007518796992481,0.3333333333333333,0.4444444444444444,0.0,0.2222222222222222,0,0,0,0,0,0.0,0.0,0.022556390977443608,0.0,0.0,0.0,0.05263157894736842,0.022556390977443608,0.0,1.3333333333333333,9,28,0.0,0.0
css,css_55,0,0,0,0,0,0,0.0,14.6,0.025806451612903226,0.025806451612903226,0.4,0.4,0.0,0.2,0,0,0,0,0,0.0,0.0,0.03225806451612903,0.0,0.0,0.0,0.05806451612903226,0.025806451612903226,0.0,1.6,10,31,0.012903225806451613,0.0064516129032258064
css,css_62,0,0,0,0,0,0,0.0,13.88888888888889,0.029850746268656716,0.029850746268656716,0.3,0.4,0.0,0.2,0,0,0,0,0,0.0,0.0,0.022388059701492536,0.0,0.0,0.0,0.05223880597014925,0.022388059701492536,0.0,1.3333333333333333,10,28,0.0,0.0
css,css_70,0,0,0,0,0,0,0.0,13.25,0.017543859649122806,0.03508771929824561,0.3333333333333333,0.2222222222222222,0.0,0.1111111111111111,0,0,0,0,0,0.0,0.0,0.02631578947368421,0.0,0.0,0.0,0.06140350877192982,0.02631578947368421,0.0,1.5,9,28,0.0,0.0
css,css_93,0,0,0,0,0,0,0.0,13.444444444444445,0.03076923076923077,0.03076923076923077,0.3,0.4,0.0,0.2,0,0,0,0,0,0.0,0.0,0.023076923076923078,0.0,0.0,0.0,0.05384615384615385,0.023076923076923078,0.0,1.3333333333333333,10,28,0.0,0.0
css,css_111,0,0,0,0,0,0,0.0,14.2,0.026490066225165563,0.026490066225165563,0.4,0.4,0.0,0.2,0,0,0,0,0,0.0,0.0,0.033112582781456956,0.0,0.0,0.0,0.059602649006622516,0.026490066225165563,0.0,1.6,10,31,0.013245033112582781,0.006622516556291391
css,css_118,0,0,0,0,0,0,0.0,14.6,0.02564102564102564,0.02564102564102564,0.36363636363636365,0.36363636363636365,0.0,0.18181818181818182,0,0,0,0,0,0.0,0.0,0.03205128205128205,0.0,0.0,0.0,0.057692307692307696,0.02564102564102564,0.0,1.6,11,31,0.01282051282051282,0.00641025641025641
css,css_156,0,0,0,0,0,0,0.0,14.333333333333334,0.029197080291970802,0.029197080291970802,0.3333333333333333,0.4444444444444444,0.0,0.2222222222222222,0,0,0,0,0,0.0,0.0,0.021897810218978103,0.0,0.0,0.0,0.051094890510948905,0.021897810218978103,0.0,1.3333333333333333,9,28,0.0,0.0
css,css_209,0,0,0,0,0,0,0.0,13.666666666666666,0.015151515151515152,0.030303030303030304,0.4,0.2,0.0,0.1,0,0,0,0,0,0.0,0.0,0.03787878787878788,0.0,0.0,0.0,0.06818181818181818,0.030303030303030304,0.0,1.7777777777777777,10,31,0.015151515151515152,0.007575757575757576
xml,xml_0,0,0,0,0,0,0,0.0,14.333333333333334,0.0,0.044444444444444446,0.0,0.6666666666666666,0.6666666666666666,0.0,0,0,0,0,0,0.0,0.044444444444444446,0.0,0.0,0.0,0.044444444444444446,0.0,0.0,0.0,0.0,3,18,0.0,0.0
xml,xml_2,0,0,0,0,0,0,0.0,14.0,0.0,0.03333333333333333,0.0,0.6,0.6,0.0,0,0,0,0,0,0.0,0.05,0.0,0.0,0.0,0.03333333333333333,0.0,0.0,0.0,0.0,5,18,0.0,0.0
xml,xml_5,0,0,0,0,0,0,0.0,14.0,0.0,0.03389830508474576,0.0,0.75,0.75,0.0,0,0,0,0,0,0.0,0.05084745762711865,0.0,0.0,0.0,0.03389830508474576,0.0,0.0,0.0,0.0,4,18,0.0,0.0
xml,xml_6,0,0,0,0,0,0,0.0,15.0,0.0,0.06451612903225806,0.0,0.5,0.5,0.0,0,0,0,0,0,0.0,0.03225806451612903,0.0,0.0,0.0,0.06451612903225806,0.0,0.0,0.0,0.0,2,18,0.0,0.0
xml,xml_11,0,0,0,0,0,0,0.0,14.333333333333334,0.0,0.043478260869565216,0.0,0.5,0.5,0.0,0,0,0,0,0,0.0,0.043478260869565216,0.0,0.0,0.0,0.043478260869565216,0.0,0.0,0.0,0.0,4,18,0.0,0.0
markdown,markdown_0,0,0,0,0,0,0,0.0,16.5,0.0,0.0,0.0,2.0,0.6,0.0,0,0,0,0,0,0.0,0.05714285714285714,0.0,0.0,0.0,0.0,0.0,0.0,0.0,0.0,5,35,0.0,0.04285714285714286
markdown,markdown_1,0,0,0,0,0,0,0.0,9.428571428571429,0.0,0.0,0.0,0.125,0.125,0.0,0,0,0,0,0,0.0,0.0136986301369863,0.0,0.0,0.0,0.0,0.0,0.0273972602739726,0.0,0.2857142857142857,8,15,0.0273972602739726,0.0410958904109589
markdown,markdown_2,0,0,0,0,0,0,0.0,8.833333333333334,0.0,0.0,0.0,0.0,0.0,0.0,0,0,0,0,0,0.0,0.0,0.0,0.0,0.0,0.0,0.0,0.03389830508474576,0.0,0.3333333333333333,7,15,0.03389830508474576,0.05084745762711865
markdown,markdown_3,0,0,0,0,0,0,0.0,15.8,0.0,0.0,0.0,2.2,0.8,0.0,0,0,0,0,0,0.0,0.060240963855421686,0.0,0.0,0.0,0.0,0.0,0.0,0.0,0.0,5,35,0.0,0.03614457831325301
markdown,markdown_7,0,0,0,0,0,0,0.0,17.666666666666668,0.0,0.0,0.0,3.0,0.6666666666666666,0.0,0,0,0,0,0,0.0,0.05454545454545454,0.0,0.0,0.0,0.0,0.0,0.0,0.0,0.0,3,35,0.0,0.05454545454545454
markdown,markdown_10,0,0,0,0,0,0,0.0,16.5,0.0,0.0,0.0,2.5,0.75,0.0,0,0,0,0,0,0.0,0.057971014492753624,0.0,0.0,0.0,0.0,0.0,0.0,0.0,0.0,4,35,0.0,0.043478260869565216
markdown,markdown_11,0,0,0,0,0,0,0.0,9.428571428571429,0.0,0.0,0.0,0.1111111111111111,0.1111111111111111,0.0,0,0,0,0,0,0.0,0.013513513513513514,0.0,0.0,0.0,0.0,0.0,0.02702702702702703,0.0,0.2857142857142857,9,15,0.02702702702702703,0.04054054054054054
markdown,markdown_18,0,0,0,0,0,0,0.0,9.875,0.0,0.0,0.0,0.2222222222222222,0.2222222222222222,0.0,0,0,0,0,0,0.0,0.022988505747126436,0.0,0.0,0.0,0.0,0.0,0.022988505747126436,0.0,0.25,9,15,0.022988505747126436,0.034482758620689655
markdown,markdown_19,0,0,0,0,0,0,0.0,15.8,0.0,0.0,0.0,1.8333333333333333,0.6666666666666666,0.0,0,0,0,0,0,0.0,0.05952380952380952,0.0,0.0,0.0,0.0,0.0,0.0,0.0,0.0,6,35,0.0,0.03571428571428571
markdown,markdown_55,0,0,0,0,0,0,0.0,9.875,0.0,0.0,0.0,0.2,0.2,0.0,0,0,0,0,0,0.0,0.022727272727272728,0.0,0.0,0.0,0.0,0.0,0.022727272727272728,0.0,0.25,10,15,0.022727272727272728,0.03409090909090909
tex,tex_0,0,0,0,0,0,0,0.0,14.0,0.0,0.03333333333333333,0.0,0.6,0.6,0.0,0,0,0,0,0,0.0,0.05,0.0,0.0,0.0,0.03333333333333333,0.0,0.0,0.0,0.0,5,18,0.0,0.0
tex,tex_1,0,0,0,0,0,0,0.0,14.333333333333334,0.0,0.044444444444444446,0.0,0.6666666666666666,0.6666666666666666,0.0,0,0,0,0,0,0.0,0.044444444444444446,0.0,0.0,0.0,0.044444444444444446,0.0,0.0,0.0,0.0,3,18,0.0,0.0
tex,tex_4,0,0,0,0,0,0,0.0,14.0,0.0,0.03389830508474576,0.0,0.75,0.75,0.0,0,0,0,0,0,0.0,0.05084745762711865,0.0,0.0,0.0,0.03389830508474576,0.0,0.0,0.0,0.0,4,18,0.0,0.0
tex,tex_11,0,0,0,0,0,0,0.0,15.0,0.0,0.06451612903225806,0.0,0.5,0.5,0.0,0,0,0,0,0,0.0,0.03225806451612903,0.0,0.0,0.0,0.06451612903225806,0.0,0.0,0.0,0.0,2,18,0.0,0.0
tex,tex_54,0,0,0,0,0,0,0.0,14.333333333333334,0.0,0.043478260869565216,0.0,0.5,0.5,0.0,0,0,0,0,0,0.0,0.043478260869565216,0.0,0.0,0.0,0.043478260869565216,0.0,0.0,0.0,0.0,4,18,0.0,0.0
dockerfile,dockerfile_0,0,0,0,0,0,0,0.0,18.8,0.01020408163265306,0.02040816326530612,0.0,0.0,0.0,0.0,0,0,0,0,1,0.06666666666666667,0.0,0.01020408163265306,0.0,0.01020408163265306,0.04081632653061224,0.030612244897959183,0.0,0.0,0.0,5,35,0.02040816326530612,0.21428571428571427
dockerfile,dockerfile_1,0,0,0,0,0,0,0.0,26.0,0.0,0.0,0.0,0.3333333333333333,0.3333333333333333,0.0,0,0,0,0,2,0.15384615384615385,0.0125,0.0125,0.0,0.0,0.0,0.0125,0.0,0.0,0.0,3,48,0.0625,0.0875
dockerfile,dockerfile_2,0,0,0,0,0,0,0.0,17.833333333333332,0.008928571428571428,0.017857142857142856,0.0,0.16666666666666666,0.16666666666666666,0.0,0,0,0,0,1,0.058823529411764705,0.008928571428571428,0.008928571428571428,0.0,0.008928571428571428,0.03571428571428571,0.026785714285714284,0.0,0.0,0.0,6,35,0.017857142857142856,0.1875
dockerfile,dockerfile_3,0,0,0,0,0,0,0.0,32.5,0.0,0.0,0.0,0.0,0.0,0.0,0,0,0,0,2,0.18181818181818182,0.0,0.015151515151515152,0.0,0.0,0.0,0.015151515151515152,0.0,0.0,0.0,2,48,0.07575757575757576,0.10606060606060606
dockerfile,dockerfile_8,0,0,0,0,0,0,0.0,17.142857142857142,0.007874015748031496,0.015748031496062992,0.0,0.25,0.25,0.0,0,0,0,0,1,0.05263157894736842,0.015748031496062992,0.007874015748031496,0.0,0.007874015748031496,0.031496062992125984,0.023622047244094488,0.0,0.0,0.0,8,35,0.015748031496062992,0.16535433070866143
dockerfile,dockerfile_14,0,0,0,0,0,0,0.0,22.75,0.0,0.0,0.0,0.5,0.5,0.0,0,0,0,0,2,0.13333333333333333,0.02127659574468085,0.010638297872340425,0.0,0.0,0.0,0.010638297872340425,0.0,0.0,0.0,4,48,0.05319148936170213,0.07446808510638298
dockerfile,dockerfile_21,0,0,0,0,0,0,0.0,17.833333333333332,0.008849557522123894,0.017699115044247787,0.0,0.14285714285714285,0.14285714285714285,0.0,0,0,0,0,1,0.058823529411764705,0.008849557522123894,0.008849557522123894,0.0,0.008849557522123894,0.035398230088495575,0.02654867256637168,0.0,0.0,0.0,7,35,0.017699115044247787,0.18584070796460178
dockerfile,dockerfile_24,0,0,0,0,0,0,0.0,17.142857142857142,0.007936507936507936,0.015873015873015872,0.0,0.2857142857142857,0.2857142857142857,0.0,0,0,0,0,1,0.05263157894736842,0.015873015873015872,0.007936507936507936,0.0,0.007936507936507936,0.031746031746031744,0.023809523809523808,0.0,0.0,0.0,7,35,0.015873015873015872,0.16666666666666666
dockerfile,dockerfile_31,0,0,0,0,0,0,0.0,22.75,0.0,0.0,0.0,0.4,0.4,0.0,0,0,0,0,2,0.13333333333333333,0.021052631578947368,0.010526315789473684,0.0,0.0,0.0,0.010526315789473684,0.0,0.0,0.0,5,48,0.05263157894736842,0.07368421052631578
dockerfile,dockerfile_36,0,0,0,0,0,0,0.0,26.0,0.0,0.0,0.0,0.25,0.25,0.0,0,0,0,0,2,0.15384615384615385,0.012345679012345678,0.012345679012345678,0.0,0.0,0.0,0.012345679012345678,0.0,0.0,0.0,4,48,0.06172839506172839,0.08641975308641975
makefile,makefile_0,0,0,0,0,0,0,0.0,12.833333333333334,0.0,0.0,0.0,0.16666666666666666,0.16666666666666666,0.0,0,0,0,0,0,0.0,0.012195121951219513,0.036585365853658534,0.0,0.0,0.0,0.036585365853658534,0.012195121951219513,0.0,0.3333333333333333,6,22,0.0,0.06097560975609756
makefile,makefile_4,0,0,0,0,0,0,0.0,12.857142857142858,0.0,0.0,0.0,0.2857142857142857,0.2857142857142857,0.0,0,0,0,0,0,0.0,0.020833333333333332,0.03125,0.0,0.0,0.0,0.03125,0.010416666666666666,0.0,0.2857142857142857,7,22,0.0,0.052083333333333336
makefile,makefile_8,0,0,0,0,0,0,0.0,12.8,0.0,0.0,0.0,0.0,0.0,0.0,0,0,0,0,0,0.0,0.0,0.04411764705882353,0.0,0.0,0.0,0.04411764705882353,0.014705882352941176,0.0,0.4,5,22,0.0,0.07352941176470588
makefile,makefile_12,0,0,0,0,0,0,0.0,12.833333333333334,0.0,0.0,0.0,0.14285714285714285,0.14285714285714285,0.0,0,0,0,0,0,0.0,0.012048192771084338,0.03614457831325301,0.0,0.0,0.0,0.03614457831325301,0.012048192771084338,0.0,0.3333333333333333,7,22,0.0,0.060240963855421686
makefile,makefile_16,0,0,0,0,0,0,0.0,12.857142857142858,0.0,0.0,0.0,0.25,0.25,0.0,0,0,0,0,0,0.0,0.020618556701030927,0.030927835051546393,0.0,0.0,0.0,0.030927835051546393,0.010309278350515464,0.0,0.2857142857142857,8,22,0.0,0.05154639175257732
julia,julia_0,0,0,0,0,0,0,0.0,15.0,0.0,0.031746031746031744,0.0,0.75,0.75,0.0,0,0,0,0,0,0.0,0.047619047619047616,0.0,0.0,0.0,0.031746031746031744,0.0,0.0,0.0,0.0,4,20,0.0,0.0
julia,julia_2,0,0,0,0,0,0,0.0,15.666666666666666,0.0,0.04081632653061224,0.0,0.6666666666666666,0.6666666666666666,0.0,0,0,0,0,0,0.0,0.04081632653061224,0.0,0.0,0.0,0.04081632653061224,0.0,0.0,0.0,0.0,3,20,0.0,0.0
julia,julia_8,0,0,0,0,0,0,0.0,17.0,0.0,0.05714285714285714,0.0,0.5,0.5,0.0,0,0,0,0,0,0.0,0.02857142857142857,0.0,0.0,0.0,0.05714285714285714,0.0,0.0,0.0,0.0,2,20,0.0,0.0
julia,julia_17,0,0,0,0,0,0,0.0,15.666666666666666,0.0,0.04,0.0,0.5,0.5,0.0,0,0,0,0,0,0.0,0.04,0.0,0.0,0.0,0.04,0.0,0.0,0.0,0.0,4,20,0.0,0.0
julia,julia_62,0,0,0,0,0,0,0.0,15.0,0.0,0.03125,0.0,0.6,0.6,0.0,0,0,0,0,0,0.0,0.046875,0.0,0.0,0.0,0.03125,0.0,0.0,0.0,0.0,5,20,0.0,0.0
bash,bash_0,0,0,0,0,0,0,0.0,14.5,0.021739130434782608,0.0,0.16666666666666666,0.6666666666666666,0.5,0.0,1,0,0,0,0,0.0,0.03260869565217391,0.0,0.0,0.0,0.021739130434782608,0.0,0.0,0.0,0.3333333333333333,6,25,0.0,0.010869565217391304
bash,bash_1,0,0,0,0,0,0,0.0,15.25,0.03125,0.0,0.25,0.5,0.25,0.0,1,0,0,0,0,0.0,0.015625,0.0,0.0,0.0,0.03125,0.0,0.0,0.0,0.5,4,25,0.0,0.015625
bash,bash_2,0,0,0,0,0,0,0.0,16.5,0.057971014492753624,0.028985507246376812,0.25,0.25,0.25,0.0,0,0,0,0,1,0.07692307692307693,0.014492753623188406,0.0,0.0,0.0,0.028985507246376812,0.028985507246376812,0.0,0.0,0.5,4,31,0.0,0.0
bash,bash_3,0,0,0,0,0,0,0.0,16.5,0.057971014492753624,0.028985507246376812,0.25,0.25,0.25,0.0,0,0,0,0,1,0.07692307692307693,0.014492753623188406,0.0,0.0,0.0,0.028985507246376812,0.028985507246376812,0.0,0.0,0.5,4,31,0.0,0.0
bash,bash_4,0,0,0,0,0,0,0.0,16.0,0.047619047619047616,0.023809523809523808,0.2,0.4,0.4,0.0,0,0,0,0,1,0.06666666666666667,0.023809523809523808,0.0,0.0,0.0,0.023809523809523808,0.023809523809523808,0.0,0.0,0.4,5,31,0.0,0.0
bash,bash_5,0,0,0,0,0,0,0.0,17.333333333333332,0.07407407407407407,0.037037037037037035,0.3333333333333333,0.0,0.0,0.0,0,0,0,0,1,0.09090909090909091,0.0,0.0,0.0,0.0,0.037037037037037035,0.037037037037037035,0.0,0.0,0.6666666666666666,3,31,0.0,0.0
bash,bash_7,0,0,0,0,0,0,0.0,16.0,0.05970149253731343,0.029850746268656716,0.25,0.25,0.25,0.0,0,0,0,0,1,0.07142857142857142,0.014925373134328358,0.0,0.0,0.0,0.029850746268656716,0.029850746268656716,0.0,0.0,0.5,4,31,0.0,0.0
bash,bash_8,0,0,0,0,0,0,0.0,15.6,0.04878048780487805,0.024390243902439025,0.2,0.4,0.4,0.0,0,0,0,0,1,0.0625,0.024390243902439025,0.0,0.0,0.0,0.024390243902439025,0.024390243902439025,0.0,0.0,0.4,5,31,0.0,0.0
bash,bash_9,0,0,0,0,0,0,0.0,14.6,0.025974025974025976,0.0,0.2,0.6,0.4,0.0,1,0,0,0,0,0.0,0.025974025974025976,0.0,0.0,0.0,0.025974025974025976,0.0,0.0,0.0,0.4,5,25,0.0,0.012987012987012988
bash,bash_11,0,0,0,0,0,0,0.0,15.6,0.04878048780487805,0.024390243902439025,0.2,0.4,0.4,0.0,0,0,0,0,1,0.0625,0.024390243902439025,0.0,0.0,0.0,0.024390243902439025,0.024390243902439025,0.0,0.0,0.4,5,31,0.0,0.0
bash,bash_13,0,0,0,0,0,0,0.0,16.5,0.05714285714285714,0.02857142857142857,0.2,0.2,0.2,0.0,0,0,0,0,1,0.07692307692307693,0.014285714285714285,0.0,0.0,0.0,0.02857142857142857,0.02857142857142857,0.0,0.0,0.5,5,31,0.0,0.0
bash,bash_14,0,0,0,0,0,0,0.0,14.6,0.02564102564102564,0.0,0.16666666666666666,0.5,0.3333333333333333,0.0,1,0,0,0,0,0.0,0.02564102564102564,0.0,0.0,0.0,0.02564102564102564,0.0,0.0,0.0,0.4,6,25,0.0,0.01282051282051282
bash,bash_18,0,0,0,0,0,0,0.0,15.0,0.025,0.0,0.16666666666666666,0.5,0.3333333333333333,0.0,1,0,0,0,0,0.0,0.025,0.0,0.0,0.0,0.025,0.0,0.0,0.0,0.4,6,25,0.0,0.0125
bash,bash_23,0,0,0,0,0,0,0.0,15.0,0.02531645569620253,0.0,0.2,0.6,0.4,0.0,1,0,0,0,0,0.0,0.02531645569620253,0.0,0.0,0.0,0.02531645569620253,0.0,0.0,0.0,0.4,5,25,0.0,0.012658227848101266
bash,bash_24,0,0,0,0,0,0,0.0,15.0,0.02531645569620253,0.0,0.2,0.6,0.4,0.0,1,0,0,0,0,0.0,0.02531645569620253,0.0,0.0,0.0,0.02531645569620253,0.0,0.0,0.0,0.4,5,25,0.0,0.012658227848101266
bash,bash_29,0,0,0,0,0,0,0.0,16.5,0.05714285714285714,0.02857142857142857,0.2,0.2,0.2,0.0,0,0,0,0,1,0.07692307692307693,0.014285714285714285,0.0,0.0,0.0,0.02857142857142857,0.02857142857142857,0.0,0.0,0.5,5,31,0.0,0.0
bash,bash_31,0,0,0,0,0,0,0.0,14.833333333333334,0.02127659574468085,0.0,0.16666666666666666,0.6666666666666666,0.5,0.0,1,0,0,0,0,0.0,0.031914893617021274,0.0,0.0,0.0,0.02127659574468085,0.0,0.0,0.0,0.3333333333333333,6,25,0.0,0.010638297872340425
bash,bash_35,0,0,0,0,0,0,0.0,16.0,0.047619047619047616,0.023809523809523808,0.2,0.4,0.4,0.0,0,0,0,0,1,0.06666666666666667,0.023809523809523808,0.0,0.0,0.0,0.023809523809523808,0.023809523809523808,0.0,0.0,0.4,5,31,0.0,0.0
bash,bash_38,0,0,0,0,0,0,0.0,14.833333333333334,0.02127659574468085,0.0,0.16666666666666666,0.6666666666666666,0.5,0.0,1,0,0,0,0,0.0,0.031914893617021274,0.0,0.0,0.0,0.02127659574468085,0.0,0.0,0.0,0.3333333333333333,6,25,0.0,0.010638297872340425
bash,bash_42,0,0,0,0,0,0,0.0,14.5,0.021739130434782608,0.0,0.16666666666666666,0.6666666666666666,0.5,0.0,1,0,0,0,0,0.0,0.03260869565217391,0.0,0.0,0.0,0.021739130434782608,0.0,0.0,0.0,0.3333333333333333,6,25,0.0,0.010869565217391304
bash,bash_48,0,0,0,0,0,0,0.0,16.0,0.047058823529411764,0.023529411764705882,0.16666666666666666,0.3333333333333333,0.3333333333333333,0.0,0,0,0,0,1,0.06666666666666667,0.023529411764705882,0.0,0.0,0.0,0.023529411764705882,0.023529411764705882,0.0,0.0,0.4,6,31,0.0,0.0
bash,bash_52,0,0,0,0,0,0,0.0,16.0,0.047058823529411764,0.023529411764705882,0.16666666666666666,0.3333333333333333,0.3333333333333333,0.0,0,0,0,0,1,0.06666666666666667,0.023529411764705882,0.0,0.0,0.0,0.023529411764705882,0.023529411764705882,0.0,0.0,0.4,6,31,0.0,0.0
bash,bash_60,0,0,0,0,0,0,0.0,14.833333333333334,0.021052631578947368,0.0,0.14285714285714285,0.5714285714285714,0.42857142857142855,0.0,1,0,0,0,0,0.0,0.031578947368421054,0.0,0.0,0.0,0.021052631578947368,0.0,0.0,0.0,0.3333333333333333,7,25,0.0,0.010526315789473684
bash,bash_67,0,0,0,0,0,0,0.0,15.2,0.04938271604938271,0.024691358024691357,0.16666666666666666,0.3333333333333333,0.3333333333333333,0.0,0,0,0,0,1,0.058823529411764705,0.024691358024691357,0.0,0.0,0.0,0.024691358024691357,0.024691358024691357,0.0,0.0,0.4,6,31,0.0,0.0
bash,bash_71,0,0,0,0,0,0,0.0,15.6,0.04878048780487805,0.024390243902439025,0.2,0.4,0.4,0.0,0,0,0,0,1,0.0625,0.024390243902439025,0.0,0.0,0.0,0.024390243902439025,0.024390243902439025,0.0,0.0,0.4,5,31,0.0,0.0
bash,bash_81,0,0,0,0,0,0,0.0,15.0,0.025,0.0,0.16666666666666666,0.5,0.3333333333333333,0.0,1,0,0,0,0,0.0,0.025,0.0,0.0,0.0,0.025,0.0,0.0,0.0,0.4,6,25,0.0,0.0125
bash,bash_100,0,0,0,0,0,0,0.0,14.833333333333334,0.021052631578947368,0.0,0.14285714285714285,0.5714285714285714,0.42857142857142855,0.0,1,0,0,0,0,0.0,0.031578947368421054,0.0,0.0,0.0,0.021052631578947368,0.0,0.0,0.0,0.3333333333333333,7,25,0.0,0.010526315789473684
bash,bash_106,0,0,0,0,0,0,0.0,16.0,0.058823529411764705,0.029411764705882353,0.2,0.2,0.2,0.0,0,0,0,0,1,0.07142857142857142,0.014705882352941176,0.0,0.0,0.0,0.029411764705882353,0.029411764705882353,0.0,0.0,0.5,5,31,0.0,0.0
bash,bash_117,0,0,0,0,0,0,0.0,14.166666666666666,0.02197802197802198,0.0,0.14285714285714285,0.5714285714285714,0.42857142857142855,0.0,1,0,0,0,0,0.0,0.03296703296703297,0.0,0.0,0.0,0.02197802197802198,0.0,0.0,0.0,0.3333333333333333,7,25,0.0,0.01098901098901099
bash,bash_125,0,0,0,0,0,0,0.0,15.2,0.05,0.025,0.2,0.4,0.4,0.0,0,0,0,0,1,0.058823529411764705,0.025,0.0,0.0,0.0,0.025,0.025,0.0,0.0,0.4,5,31,0.0,0.0
bash,bash_127,0,0,0,0,0,0,0.0,16.0,0.047058823529411764,0.023529411764705882,0.16666666666666666,0.3333333333333333,0.3333333333333333,0.0,0,0,0,0,1,0.06666666666666667,0.023529411764705882,0.0,0.0,0.0,0.023529411764705882,0.023529411764705882,0.0,0.0,0.4,6,31,0.0,0.0
bash,bash_133,0,0,0,0,0,0,0.0,15.6,0.04819277108433735,0.024096385542168676,0.16666666666666666,0.3333333333333333,0.3333333333333333,0.0,0,0,0,0,1,0.0625,0.024096385542168676,0.0,0.0,0.0,0.024096385542168676,0.024096385542168676,0.0,0.0,0.4,6,31,0.0,0.0
bash,bash_136,0,0,0,0,0,0,0.0,14.166666666666666,0.022222222222222223,0.0,0.16666666666666666,0.6666666666666666,0.5,0.0,1,0,0,0,0,0.0,0.03333333333333333,0.0,0.0,0.0,0.022222222222222223,0.0,0.0,0.0,0.3333333333333333,6,25,0.0,0.011111111111111112
bash,bash_147,0,0,0,0,0,0,0.0,14.833333333333334,0.02127659574468085,0.0,0.16666666666666666,0.6666666666666666,0.5,0.0,1,0,0,0,0,0.0,0.031914893617021274,0.0,0.0,0.0,0.02127659574468085,0.0,0.0,0.0,0.3333333333333333,6,25,0.0,0.010638297872340425
bash,bash_156,0,0,0,0,0,0,0.0,15.6,0.04819277108433735,0.024096385542168676,0.16666666666666666,0.3333333333333333,0.3333333333333333,0.0,0,0,0,0,1,0.0625,0.024096385542168676,0.0,0.0,0.0,0.024096385542168676,0.024096385542168676,0.0,0.0,0.4,6,31,0.0,0.0
bash,bash_158,0,0,0,0,0,0,0.0,16.0,0.047619047619047616,0.023809523809523808,0.2,0.4,0.4,0.0,0,0,0,0,1,0.06666666666666667,0.023809523809523808,0.0,0.0,0.0,0.023809523809523808,0.023809523809523808,0.0,0.0,0.4,5,31,0.0,0.0
bash,bash_164,0,0,0,0,0,0,0.0,14.5,0.021505376344086023,0.0,0.14285714285714285,0.5714285714285714,0.42857142857142855,0.0,1,0,0,0,0,0.0,0.03225806451612903,0.0,0.0,0.0,0.021505376344086023,0.0,0.0,0.0,0.3333333333333333,7,25,0.0,0.010752688172043012
bash,bash_165,0,0,0,0,0,0,0.0,14.833333333333334,0.021052631578947368,0.0,0.14285714285714285,0.5714285714285714,0.42857142857142855,0.0,1,0,0,0,0,0.0,0.031578947368421054,0.0,0.0,0.0,0.021052631578947368,0.0,0.0,0.0,0.3333333333333333,7,25,0.0,0.010526315789473684
bash,bash_170,0,0,0,0,0,0,0.0,14.5,0.021739130434782608,0.0,0.16666666666666666,0.6666666666666666,0.5,0.0,1,0,0,0,0,0.0,0.03260869565217391,0.0,0.0,0.0,0.021739130434782608,0.0,0.0,0.0,0.3333333333333333,6,25,0.0,0.010869565217391304
bash,bash_171,0,0,0,0,0,0,0.0,15.6,0.04819277108433735,0.024096385542168676,0.16666666666666666,0.3333333333333333,0.3333333333333333,0.0,0,0,0,0,1,0.0625,0.024096385542168676,0.0,0.0,0.0,0.024096385542168676,0.024096385542168676,0.0,0.0,0.4,6,31,0.0,0.0
bash,bash_173,0,0,0,0,0,0,0.0,14.5,0.021739130434782608,0.0,0.16666666666666666,0.6666666666666666,0.5,0.0,1,0,0,0,0,0.0,0.03260869565217391,0.0,0.0,0.0,0.021739130434782608,0.0,0.0,0.0,0.3333333333333333,6,25,0.0,0.010869565217391304
bash,bash_224,0,0,0,0,0,0,0.0,14.5,0.021505376344086023,0.0,0.14285714285714285,0.5714285714285714,0.42857142857142855,0.0,1,0,0,0,0,0.0,0.03225806451612903,0.0,0.0,0.0,0.021505376344086023,0.0,0.0,0.0,0.3333333333333333,7,25,0.0,0.010752688172043012
bash,bash_278,0,0,0,0,0,0,0.0,14.833333333333334,0.021052631578947368,0.0,0.14285714285714285,0.5714285714285714,0.42857142857142855,0.0,1,0,0,0,0,0.0,0.031578947368421054,0.0,0.0,0.0,0.021052631578947368,0.0,0.0,0.0,0.3333333333333333,7,25,0.0,0.010526315789473684
bash,bash_304,0,0,0,0,0,0,0.0,14.5,0.021505376344086023,0.0,0.14285714285714285,0.5714285714285714,0.42857142857142855,0.0,1,0,0,0,0,0.0,0.03225806451612903,0.0,0.0,0.0,0.021505376344086023,0.0,0.0,0.0,0.3333333333333333,7,25,0.0,0.010752688172043012
bash,bash_386,0,0,0,0,0,0,0.0,15.6,0.04819277108433735,0.024096385542168676,0.16666666666666666,0.3333333333333333,0.3333333333333333,0.0,0,0,0,0,1,0.0625,0.024096385542168676,0.0,0.0,0.0,0.024096385542168676,0.024096385542168676,0.0,0.0,0.4,6,31,0.0,0.0
bash,bash_415,0,0,0,0,0,0,0.0,16.0,0.047058823529411764,0.023529411764705882,0.16666666666666666,0.3333333333333333,0.3333333333333333,0.0,0,0,0,0,1,0.06666666666666667,0.023529411764705882,0.0,0.0,0.0,0.023529411764705882,0.023529411764705882,0.0,0.0,0.4,6,31,0.0,0.0
bash,bash_498,0,0,0,0,0,0,0.0,16.0,0.047619047619047616,0.023809523809523808,0.2,0.4,0.4,0.0,0,0,0,0,1,0.06666666666666667,0.023809523809523808,0.0,0.0,0.0,0.023809523809523808,0.023809523809523808,0.0,0.0,0.4,5,31,0.0,0.0
bash,bash_523,0,0,0,0,0,0,0.0,14.5,0.021505376344086023,0.0,0.14285714285714285,0.5714285714285714,0.42857142857142855,0.0,1,0,0,0,0,0.0,0.03225806451612903,0.0,0.0,0.0,0.021505376344086023,0.0,0.0,0.0,0.3333333333333333,7,25,0.0,0.010752688172043012
bash,bash_689,0,0,0,0,0,0,0.0,14.833333333333334,0.02127659574468085,0.0,0.16666666666666666,0.6666666666666666,0.5,0.0,1,0,0,0,0,0.0,0.031914893617021274,0.0,0.0,0.0,0.02127659574468085,0.0,0.0,0.0,0.3333333333333333,6,25,0.0,0.010638297872340425
bash,bash_712,0,0,0,0,0,0,0.0,15.6,0.04878048780487805,0.024390243902439025,0.2,0.4,0.4,0.0,0,0,0,0,1,0.0625,0.024390243902439025,0.0,0.0,0.0,0.024390243902439025,0.024390243902439025,0.0,0.0,0.4,5,31,0.0,0.0
powershell,powershell_0,0,0,0,0,0,0,0.0,33.333333333333336,0.0,0.019417475728155338,0.0,0.25,0.25,0.0,0,0,0,0,0,0.0,0.009708737864077669,0.0,0.0,0.0,0.038834951456310676,0.019417475728155338,0.0,0.0,0.0,4,64,0.0,0.10679611650485436
powershell,powershell_1,0,0,0,0,0,0,0.0,25.666666666666668,0.0,0.02531645569620253,0.0,0.3333333333333333,0.3333333333333333,0.0,0,0,0,0,1,0.08333333333333333,0.012658227848101266,0.0,0.012658227848101266,0.0,0.02531645569620253,0.02531645569620253,0.0,0.0,0.0,3,34,0.0,0.0759493670886076
powershell,powershell_2,0,0,0,0,0,0,0.0,21.75,0.0,0.02197802197802198,0.0,0.4,0.4,0.0,0,0,0,0,1,0.07142857142857142,0.02197802197802198,0.0,0.01098901098901099,0.0,0.02197802197802198,0.02197802197802198,0.0,0.0,0.0,5,34,0.0,0.06593406593406594
powershell,powershell_4,0,0,0,0,0,0,0.0,31.5,0.0,0.03125,0.0,0.0,0.0,0.0,0,0,0,0,1,0.1,0.0,0.0,0.015625,0.0,0.03125,0.03125,0.0,0.0,0.0,2,34,0.0,0.09375
powershell,powershell_5,0,0,0,0,0,0,0.0,33.333333333333336,0.0,0.0196078431372549,0.0,0.3333333333333333,0.3333333333333333,0.0,0,0,0,0,0,0.0,0.00980392156862745,0.0,0.0,0.0,0.0392156862745098,0.0196078431372549,0.0,0.0,0.0,3,64,0.0,0.10784313725490197
powershell,powershell_6,0,0,0,0,0,0,0.0,25.0,0.0,0.025974025974025976,0.0,0.3333333333333333,0.3333333333333333,0.0,0,0,0,0,1,0.08333333333333333,0.012987012987012988,0.0,0.012987012987012988,0.0,0.025974025974025976,0.025974025974025976,0.0,0.0,0.0,3,34,0.0,0.07792207792207792
powershell,powershell_9,0,0,0,0,0,0,0.0,25.0,0.0,0.025974025974025976,0.0,0.3333333333333333,0.3333333333333333,0.0,0,0,0,0,1,0.08333333333333333,0.012987012987012988,0.0,0.012987012987012988,0.0,0.025974025974025976,0.025974025974025976,0.0,0.0,0.0,3,34,0.0,0.07792207792207792
powershell,powershell_10,0,0,0,0,0,0,0.0,44.0,0.0,0.02247191011235955,0.0,0.0,0.0,0.0,0,0,0,0,0,0.0,0.0,0.0,0.0,0.0,0.0449438202247191,0.02247191011235955,0.0,0.0,0.0,2,64,0.0,0.12359550561797752
powershell,powershell_13,0,0,0,0,0,0,0.0,33.333333333333336,0.0,0.0196078431372549,0.0,0.3333333333333333,0.3333333333333333,0.0,0,0,0,0,0,0.0,0.00980392156862745,0.0,0.0,0.0,0.0392156862745098,0.0196078431372549,0.0,0.0,0.0,3,64,0.0,0.10784313725490197
powershell,powershell_20,0,0,0,0,0,0,0.0,28.5,0.0,0.017094017094017096,0.0,0.5,0.5,0.0,0,0,0,0,0,0.0,0.017094017094017096,0.0,0.0,0.0,0.03418803418803419,0.017094017094017096,0.0,0.0,0.0,4,64,0.0,0.09401709401709402
powershell,powershell_22,0,0,0,0,0,0,0.0,34.0,0.0,0.019230769230769232,0.0,0.3333333333333333,0.3333333333333333,0.0,0,0,0,0,0,0.0,0.009615384615384616,0.0,0.0,0.0,0.038461538461538464,0.019230769230769232,0.0,0.0,0.0,3,64,0.0,0.10576923076923077
powershell,powershell_23,0,0,0,0,0,0,0.0,22.75,0.0,0.021052631578947368,0.0,0.4,0.4,0.0,0,0,0,0,1,0.07142857142857142,0.021052631578947368,0.0,0.010526315789473684,0.0,0.021052631578947368,0.021052631578947368,0.0,0.0,0.0,5,34,0.0,0.06315789473684211
powershell,powershell_24,0,0,0,0,0,0,0.0,22.75,0.0,0.02127659574468085,0.0,0.5,0.5,0.0,0,0,0,0,1,0.07142857142857142,0.02127659574468085,0.0,0.010638297872340425,0.0,0.02127659574468085,0.02127659574468085,0.0,0.0,0.0,4,34,0.0,0.06382978723404255
powershell,powershell_31,0,0,0,0,0,0,0.0,22.25,0.0,0.021505376344086023,0.0,0.4,0.4,0.0,0,0,0,0,1,0.07142857142857142,0.021505376344086023,0.0,0.010752688172043012,0.0,0.021505376344086023,0.021505376344086023,0.0,0.0,0.0,5,34,0.0,0.06451612903225806
powershell,powershell_32,0,0,0,0,0,0,0.0,25.0,0.0,0.02564102564102564,0.0,0.25,0.25,0.0,0,0,0,0,1,0.08333333333333333,0.01282051282051282,0.0,0.01282051282051282,0.0,0.02564102564102564,0.02564102564102564,0.0,0.0,0.0,4,34,0.0,0.07692307692307693
powershell,powershell_35,0,0,0,0,0,0,0.0,34.0,0.0,0.01904761904761905,0.0,0.25,0.25,0.0,0,0,0,0,0,0.0,0.009523809523809525,0.0,0.0,0.0,0.0380952380952381,0.01904761904761905,0.0,0.0,0.0,4,64,0.0,0.10476190476190476
powershell,powershell_36,0,0,0,0,0,0,0.0,28.5,0.0,0.017094017094017096,0.0,0.5,0.5,0.0,0,0,0,0,0,0.0,0.017094017094017096,0.0,0.0,0.0,0.03418803418803419,0.017094017094017096,0.0,0.0,0.0,4,64,0.0,0.09401709401709402
powershell,powershell_40,0,0,0,0,0,0,0.0,28.5,0.0,0.017094017094017096,0.0,0.5,0.5,0.0,0,0,0,0,0,0.0,0.017094017094017096,0.0,0.0,0.0,0.03418803418803419,0.017094017094017096,0.0,0.0,0.0,4,64,0.0,0.09401709401709402
powershell,powershell_43,0,0,0,0,0,0,0.0,22.25,0.0,0.021505376344086023,0.0,0.4,0.4,0.0,0,0,0,0,1,0.07142857142857142,0.021505376344086023,0.0,0.010752688172043012,0.0,0.021505376344086023,0.021505376344086023,0.0,0.0,0.0,5,34,0.0,0.06451612903225806
powershell,powershell_44,0,0,0,0,0,0,0.0,25.666666666666668,0.0,0.025,0.0,0.25,0.25,0.0,0,0,0,0,1,0.08333333333333333,0.0125,0.0,0.0125,0.0,0.025,0.025,0.0,0.0,0.0,4,34,0.0,0.075
powershell,powershell_45,0,0,0,0,0,0,0.0,28.5,0.0,0.01694915254237288,0.0,0.4,0.4,0.0,0,0,0,0,0,0.0,0.01694915254237288,0.0,0.0,0.0,0.03389830508474576,0.01694915254237288,0.0,0.0,0.0,5,64,0.0,0.09322033898305085
powershell,powershell_52,0,0,0,0,0,0,0.0,28.0,0.0,0.017391304347826087,0.0,0.5,0.5,0.0,0,0,0,0,0,0.0,0.017391304347826087,0.0,0.0,0.0,0.034782608695652174,0.017391304347826087,0.0,0.0,0.0,4,64,0.0,0.09565217391304348
powershell,powershell_54,0,0,0,0,0,0,0.0,21.75,0.0,0.022222222222222223,0.0,0.5,0.5,0.0,0,0,0,0,1,0.07142857142857142,0.022222222222222223,0.0,0.011111111111111112,0.0,0.022222222222222223,0.022222222222222223,0.0,0.0,0.0,4,34,0.0,0.06666666666666667
powershell,powershell_57,0,0,0,0,0,0,0.0,33.333333333333336,0.0,0.019417475728155338,0.0,0.25,0.25,0.0,0,0,0,0,0,0.0,0.009708737864077669,0.0,0.0,0.0,0.038834951456310676,0.019417475728155338,0.0,0.0,0.0,4,64,0.0,0.10679611650485436
powershell,powershell_68,0,0,0,0,0,0,0.0,29.0,0.0,0.016666666666666666,0.0,0.4,0.4,0.0,0,0,0,0,0,0.0,0.016666666666666666,0.0,0.0,0.0,0.03333333333333333,0.016666666666666666,0.0,0.0,0.0,5,64,0.0,0.09166666666666666
powershell,powershell_70,0,0,0,0,0,0,0.0,28.0,0.0,0.017241379310344827,0.0,0.4,0.4,0.0,0,0,0,0,0,0.0,0.017241379310344827,0.0,0.0,0.0,0.034482758620689655,0.017241379310344827,0.0,0.0,0.0,5,64,0.0,0.09482758620689655
powershell,powershell_71,0,0,0,0,0,0,0.0,21.75,0.0,0.02197802197802198,0.0,0.4,0.4,0.0,0,0,0,0,1,0.07142857142857142,0.02197802197802198,0.0,0.01098901098901099,0.0,0.02197802197802198,0.02197802197802198,0.0,0.0,0.0,5,34,0.0,0.06593406593406594
powershell,powershell_81,0,0,0,0,0,0,0.0,28.0,0.0,0.017391304347826087,0.0,0.5,0.5,0.0,0,0,0,0,0,0.0,0.017391304347826087,0.0,0.0,0.0,0.034782608695652174,0.017391304347826087,0.0,0.0,0.0,4,64,0.0,0.09565217391304348
powershell,powershell_89,0,0,0,0,0,0,0.0,21.75,0.0,0.022222222222222223,0.0,0.5,0.5,0.0,0,0,0,0,1,0.07142857142857142,0.022222222222222223,0.0,0.011111111111111112,0.0,0.022222222222222223,0.022222222222222223,0.0,0.0,0.0,4,34,0.0,0.06666666666666667
powershell,powershell_100,0,0,0,0,0,0,0.0,28.0,0.0,0.017241379310344827,0.0,0.4,0.4,0.0,0,0,0,0,0,0.0,0.017241379310344827,0.0,0.0,0.0,0.034482758620689655,0.017241379310344827,0.0,0.0,0.0,5,64,0.0,0.09482758620689655
powershell,powershell_103,0,0,0,0,0,0,0.0,22.25,0.0,0.021505376344086023,0.0,0.4,0.4,0.0,0,0,0,0,1,0.07142857142857142,0.021505376344086023,0.0,0.010752688172043012,0.0,0.021505376344086023,0.021505376344086023,0.0,0.0,0.0,5,34,0.0,0.06451612903225806
powershell,powershell_115,0,0,0,0,0,0,0.0,22.25,0.0,0.021739130434782608,0.0,0.5,0.5,0.0,0,0,0,0,1,0.07142857142857142,0.021739130434782608,0.0,0.010869565217391304,0.0,0.021739130434782608,0.021739130434782608,0.0,0.0,0.0,4,34,0.0,0.06521739130434782
powershell,powershell_120,0,0,0,0,0,0,0.0,21.75,0.0,0.022222222222222223,0.0,0.5,0.5,0.0,0,0,0,0,1,0.07142857142857142,0.022222222222222223,0.0,0.011111111111111112,0.0,0.022222222222222223,0.022222222222222223,0.0,0.0,0.0,4,34,0.0,0.06666666666666667
powershell,powershell_142,0,0,0,0,0,0,0.0,22.25,0.0,0.021505376344086023,0.0,0.4,0.4,0.0,0,0,0,0,1,0.07142857142857142,0.021505376344086023,0.0,0.010752688172043012,0.0,0.021505376344086023,0.021505376344086023,0.0,0.0,0.0,5,34,0.0,0.06451612903225806
powershell,powershell_144,0,0,0,0,0,0,0.0,28.5,0.0,0.01694915254237288,0.0,0.4,0.4,0.0,0,0,0,0,0,0.0,0.01694915254237288,0.0,0.0,0.0,0.03389830508474576,0.01694915254237288,0.0,0.0,0.0,5,64,0.0,0.09322033898305085
powershell,powershell_146,0,0,0,0,0,0,0.0,22.25,0.0,0.021739130434782608,0.0,0.5,0.5,0.0,0,0,0,0,1,0.07142857142857142,0.021739130434782608,0.0,0.010869565217391304,0.0,0.021739130434782608,0.021739130434782608,0.0,0.0,0.0,4,34,0.0,0.06521739130434782
powershell,powershell_158,0,0,0,0,0,0,0.0,29.0,0.0,0.01680672268907563,0.0,0.5,0.5,0.0,0,0,0,0,0,0.0,0.01680672268907563,0.0,0.0,0.0,0.03361344537815126,0.01680672268907563,0.0,0.0,0.0,4,64,0.0,0.09243697478991597
powershell,powershell_166,0,0,0,0,0,0,0.0,28.0,0.0,0.017241379310344827,0.0,0.4,0.4,0.0,0,0,0,0,0,0.0,0.017241379310344827,0.0,0.0,0.0,0.034482758620689655,0.017241379310344827,0.0,0.0,0.0,5,64,0.0,0.09482758620689655
powershell,powershell_168,0,0,0,0,0,0,0.0,28.5,0.0,0.01694915254237288,0.0,0.4,0.4,0.0,0,0,0,0,0,0.0,0.01694915254237288,0.0,0.0,0.0,0.03389830508474576,0.01694915254237288,0.0,0.0,0.0,5,64,0.0,0.09322033898305085
powershell,powershell_190,0,0,0,0,0,0,0.0,28.0,0.0,0.017391304347826087,0.0,0.5,0.5,0.0,0,0,0,0,0,0.0,0.017391304347826087,0.0,0.0,0.0,0.034782608695652174,0.017391304347826087,0.0,0.0,0.0,4,64,0.0,0.09565217391304348
powershell,powershell_197,0,0,0,0,0,0,0.0,21.75,0.0,0.022222222222222223,0.0,0.5,0.5,0.0,0,0,0,0,1,0.07142857142857142,0.022222222222222223,0.0,0.011111111111111112,0.0,0.022222222222222223,0.022222222222222223,0.0,0.0,0.0,4,34,0.0,0.06666666666666667
powershell,powershell_199,0,0,0,0,0,0,0.0,28.5,0.0,0.017094017094017096,0.0,0.5,0.5,0.0,0,0,0,0,0,0.0,0.017094017094017096,0.0,0.0,0.0,0.03418803418803419,0.017094017094017096,0.0,0.0,0.0,4,64,0.0,0.09401709401709402
powershell,powershell_239,0,0,0,0,0,0,0.0,22.25,0.0,0.021739130434782608,0.0,0.5,0.5,0.0,0,0,0,0,1,0.07142857142857142,0.021739130434782608,0.0,0.010869565217391304,0.0,0.021739130434782608,0.021739130434782608,0.0,0.0,0.0,4,34,0.0,0.06521739130434782
powershell,powershell_243,0,0,0,0,0,0,0.0,21.75,0.0,0.02197802197802198,0.0,0.4,0.4,0.0,0,0,0,0,1,0.07142857142857142,0.02197802197802198,0.0,0.01098901098901099,0.0,0.02197802197802198,0.02197802197802198,0.0,0.0,0.0,5,34,0.0,0.06593406593406594
powershell,powershell_252,0,0,0,0,0,0,0.0,28.0,0.0,0.017241379310344827,0.0,0.4,0.4,0.0,0,0,0,0,0,0.0,0.017241379310344827,0.0,0.0,0.0,0.034482758620689655,0.017241379310344827,0.0,0.0,0.0,5,64,0.0,0.09482758620689655
powershell,powershell_257,0,0,0,0,0,0,0.0,28.0,0.0,0.017391304347826087,0.0,0.5,0.5,0.0,0,0,0,0,0,0.0,0.017391304347826087,0.0,0.0,0.0,0.034782608695652174,0.017391304347826087,0.0,0.0,0.0,4,64,0.0,0.09565217391304348
powershell,powershell_268,0,0,0,0,0,0,0.0,22.25,0.0,0.021739130434782608,0.0,0.5,0.5,0.0,0,0,0,0,1,0.07142857142857142,0.021739130434782608,0.0,0.010869565217391304,0.0,0.021739130434782608,0.021739130434782608,0.0,0.0,0.0,4,34,0.0,0.06521739130434782
powershell,powershell_276,0,0,0,0,0,0,0.0,28.5,0.0,0.01694915254237288,0.0,0.4,0.4,0.0,0,0,0,0,0,0.0,0.01694915254237288,0.0,0.0,0.0,0.03389830508474576,0.01694915254237288,0.0,0.0,0.0,5,64,0.0,0.09322033898305085
powershell,powershell_353,0,0,0,0,0,0,0.0,21.75,0.0,0.02197802197802198,0.0,0.4,0.4,0.0,0,0,0,0,1,0.07142857142857142,0.02197802197802198,0.0,0.01098901098901099,0.0,0.02197802197802198,0.02197802197802198,0.0,0.0,0.0,5,34,0.0,0.06593406593406594
powershell,powershell_727,0,0,0,0,0,0,0.0,25.0,0.0,0.02564102564102564,0.0,0.25,0.25,0.0,0,0,0,0,1,0.08333333333333333,0.01282051282051282,0.0,0.01282051282051282,0.0,0.02564102564102564,0.02564102564102564,0.0,0.0,0.0,4,34,0.0,0.07692307692307693
dart,dart_0,0,0,0,0,0,0,0.0,12.5,0.0,0.1111111111111111,0.2,0.2,0.2,0.0,0,0,0,0,0,0.0,0.018518518518518517,0.0,0.0,0.018518518518518517,0.037037037037037035,0.037037037037037035,0.0,0.0,0.5,5,23,0.0,0.037037037037037035
dart,dart_1,0,0,0,0,0,0,0.0,12.5,0.0,0.11320754716981132,0.25,0.25,0.25,0.0,0,0,0,0,0,0.0,0.018867924528301886,0.0,0.0,0.018867924528301886,0.03773584905660377,0.03773584905660377,0.0,0.0,0.5,4,23,0.0,0.03773584905660377
dart,dart_2,0,0,0,0,0,0,0.0,12.4,0.0,0.06060606060606061,0.4,0.2,0.2,0.0,0,0,1,0,1,0.1111111111111111,0.015151515151515152,0.0,0.0,0.0,0.0,0.030303030303030304,0.0,0.0,0.8,5,20,0.0,0.045454545454545456
dart,dart_5,0,0,0,0,0,0,0.0,12.333333333333334,0.0,0.15384615384615385,0.3333333333333333,0.0,0.0,0.0,0,0,0,0,0,0.0,0.0,0.0,0.0,0.02564102564102564,0.05128205128205128,0.05128205128205128,0.0,0.0,0.6666666666666666,3,23,0.0,0.05128205128205128
dart,dart_12,0,0,0,0,0,0,0.0,12.25,0.0,0.07692307692307693,0.5,0.0,0.0,0.0,0,0,1,0,1,0.14285714285714285,0.0,0.0,0.0,0.0,0.0,0.038461538461538464,0.0,0.0,1.0,4,20,0.0,0.057692307692307696
dart,dart_14,0,0,0,0,0,0,0.0,12.5,0.0,0.04938271604938271,0.2857142857142857,0.2857142857142857,0.2857142857142857,0.0,0,0,1,0,1,0.09090909090909091,0.024691358024691357,0.0,0.0,0.0,0.0,0.024691358024691357,0.0,0.0,0.6666666666666666,7,20,0.0,0.037037037037037035
dart,dart_17,0,0,0,0,0,0,0.0,12.6,0.0,0.08955223880597014,0.2,0.4,0.4,0.0,0,0,0,0,0,0.0,0.029850746268656716,0.0,0.0,0.014925373134328358,0.029850746268656716,0.029850746268656716,0.0,0.0,0.4,5,23,0.0,0.029850746268656716
dart,dart_50,0,0,0,0,0,0,0.0,12.5,0.0,0.05,0.3333333333333333,0.3333333333333333,0.3333333333333333,0.0,0,0,1,0,1,0.09090909090909091,0.025,0.0,0.0,0.0,0.0,0.025,0.0,0.0,0.6666666666666666,6,20,0.0,0.0375
dart,dart_55,0,0,0,0,0,0,0.0,12.4,0.0,0.05970149253731343,0.3333333333333333,0.16666666666666666,0.16666666666666666,0.0,0,0,1,0,1,0.1111111111111111,0.014925373134328358,0.0,0.0,0.0,0.0,0.029850746268656716,0.0,0.0,0.8,6,20,0.0,0.04477611940298507
dart,dart_74,0,0,0,0,0,0,0.0,12.6,0.0,0.08823529411764706,0.16666666666666666,0.3333333333333333,0.3333333333333333,0.0,0,0,0,0,0,0.0,0.029411764705882353,0.0,0.0,0.014705882352941176,0.029411764705882353,0.029411764705882353,0.0,0.0,0.4,6,23,0.0,0.029411764705882353
groovy,groovy_0,0,0,0,0,0,0,0.0,19.0,0.0,0.06779661016949153,0.0,0.3333333333333333,0.3333333333333333,0.0,0,0,0,1,1,0.125,0.01694915254237288,0.0,0.01694915254237288,0.03389830508474576,0.0,0.06779661016949153,0.0,0.0,0.0,3,24,0.05084745762711865,0.0
groovy,groovy_2,0,0,0,0,0,0,0.0,17.5,0.0,0.0547945205479452,0.0,0.5,0.5,0.0,0,0,0,1,1,0.1,0.0273972602739726,0.0,0.0136986301369863,0.0273972602739726,0.0,0.0547945205479452,0.0,0.0,0.0,4,24,0.0410958904109589,0.0
groovy,groovy_3,0,0,0,0,0,0,0.0,13.8,0.0,0.05405405405405406,0.0,0.3333333333333333,0.3333333333333333,0.0,0,1,0,1,2,0.2,0.02702702702702703,0.0,0.0,0.0,0.02702702702702703,0.02702702702702703,0.0,0.0,0.4,6,29,0.0,0.02702702702702703
groovy,groovy_4,0,0,0,0,0,0,0.0,22.0,0.0,0.08888888888888889,0.0,0.0,0.0,0.0,0,0,0,1,1,0.16666666666666666,0.0,0.0,0.022222222222222223,0.044444444444444446,0.0,0.08888888888888889,0.0,0.0,0.0,2,24,0.06666666666666667,0.0
groovy,groovy_6,0,0,0,0,0,0,0.0,19.0,0.0,0.06666666666666667,0.0,0.25,0.25,0.0,0,0,0,1,1,0.125,0.016666666666666666,0.0,0.016666666666666666,0.03333333333333333,0.0,0.06666666666666667,0.0,0.0,0.0,4,24,0.05,0.0
groovy,groovy_7,0,0,0,0,0,0,0.0,14.333333333333334,0.0,0.08888888888888889,0.0,0.0,0.0,0.0,0,1,0,1,2,0.3333333333333333,0.0,0.0,0.0,0.0,0.044444444444444446,0.044444444444444446,0.0,0.0,0.6666666666666666,3,29,0.0,0.044444444444444446
groovy,groovy_14,0,0,0,0,0,0,0.0,14.0,0.0,0.06779661016949153,0.0,0.25,0.25,0.0,0,1,0,1,2,0.25,0.01694915254237288,0.0,0.0,0.0,0.03389830508474576,0.03389830508474576,0.0,0.0,0.5,4,29,0.0,0.03389830508474576
groovy,groovy_18,0,0,0,0,0,0,0.0,13.8,0.0,0.0547945205479452,0.0,0.4,0.4,0.0,0,1,0,1,2,0.2,0.0273972602739726,0.0,0.0,0.0,0.0273972602739726,0.0273972602739726,0.0,0.0,0.4,5,29,0.0,0.0273972602739726
groovy,groovy_39,0,0,0,0,0,0,0.0,17.5,0.0,0.05405405405405406,0.0,0.4,0.4,0.0,0,0,0,1,1,0.1,0.02702702702702703,0.0,0.013513513513513514,0.02702702702702703,0.0,0.05405405405405406,0.0,0.0,0.0,5,24,0.04054054054054054,0.0
groovy,groovy_70,0,0,0,0,0,0,0.0,14.0,0.0,0.06666666666666667,0.0,0.2,0.2,0.0,0,1,0,1,2,0.25,0.016666666666666666,0.0,0.0,0.0,0.03333333333333333,0.03333333333333333,0.0,0.0,0.5,5,29,0.0,0.03333333333333333
jsx,jsx_0,0,0,0,0,0,0,0.5,37.25,0.046052631578947366,0.06578947368421052,0.5,0.5,0.5,0.0,0,0,0,0,2,0.1,0.013157894736842105,0.0,0.03289473684210526,0.013157894736842105,0.013157894736842105,0.013157894736842105,0.0,0.5,0.0,4,70,0.006578947368421052,0.013157894736842105
jsx,jsx_1,0,0,0,0,0,0,0.5,24.25,0.06,0.02,0.75,0.25,0.25,0.0,0,1,0,0,3,0.2,0.01,0.0,0.02,0.0,0.02,0.0,0.0,0.5,0.0,4,39,0.0,0.07
jsx,jsx_2,0,0,0,0,0,0,2.0,70.0,0.08571428571428572,0.08571428571428572,1.0,0.0,0.0,0.0,0,0,0,0,1,0.125,0.0,0.0,0.04285714285714286,0.0,0.02857142857142857,0.02857142857142857,0.0,2.0,0.0,1,70,0.0,0.02857142857142857
jsx,jsx_3,0,0,0,0,0,0,0.6666666666666666,28.0,0.06976744186046512,0.023255813953488372,1.0,0.0,0.0,0.0,0,1,0,0,3,0.23076923076923078,0.0,0.0,0.023255813953488372,0.0,0.023255813953488372,0.0,0.0,0.6666666666666666,0.0,3,39,0.0,0.08139534883720931
jsx,jsx_4,0,0,0,0,0,0,0.4,23.2,0.05,0.016666666666666666,0.8,0.2,0.2,0.0,0,1,0,0,4,0.2222222222222222,0.008333333333333333,0.0,0.025,0.0,0.03333333333333333,0.0,0.0,0.4,0.0,5,39,0.0,0.058333333333333334
jsx,jsx_5,0,0,0,0,0,0,0.6666666666666666,32.0,0.061224489795918366,0.061224489795918366,0.3333333333333333,0.6666666666666666,0.6666666666666666,0.0,0,0,0,0,1,0.08333333333333333,0.02040816326530612,0.0,0.030612244897959183,0.0,0.02040816326530612,0.02040816326530612,0.0,0.6666666666666666,0.0,3,70,0.0,0.02040816326530612
jsx,jsx_6,0,0,0,0,0,0,0.4,22.0,0.05263157894736842,0.017543859649122806,0.6,0.4,0.4,0.0,0,1,0,0,3,0.17647058823529413,0.017543859649122806,0.0,0.017543859649122806,0.0,0.017543859649122806,0.0,0.0,0.4,0.0,5,39,0.0,0.06140350877192982
jsx,jsx_7,0,0,0,0,0,0,1.0,41.5,0.07142857142857142,0.07142857142857142,0.5,0.5,0.5,0.0,0,0,0,0,1,0.1,0.011904761904761904,0.0,0.03571428571428571,0.0,0.023809523809523808,0.023809523809523808,0.0,1.0,0.0,2,70,0.0,0.023809523809523808
jsx,jsx_9,0,0,0,0,0,0,0.5,27.75,0.05263157894736842,0.05263157894736842,0.5,0.5,0.5,0.0,0,0,0,0,2,0.14285714285714285,0.017543859649122806,0.0,0.03508771929824561,0.0,0.017543859649122806,0.017543859649122806,0.0,0.5,0.0,4,70,0.017543859649122806,0.017543859649122806
jsx,jsx_12,0,0,0,0,0,0,1.0,47.5,0.0625,0.0625,1.0,0.0,0.0,0.0,0,0,0,0,2,0.16666666666666666,0.0,0.0,0.041666666666666664,0.0,0.020833333333333332,0.020833333333333332,0.0,1.0,0.0,2,70,0.0,0.020833333333333332
jsx,jsx_13,0,0,0,0,0,0,0.6666666666666666,36.0,0.05454545454545454,0.05454545454545454,0.6666666666666666,0.3333333333333333,0.3333333333333333,0.0,0,0,0,0,2,0.14285714285714285,0.00909090909090909,0.0,0.03636363636363636,0.0,0.01818181818181818,0.01818181818181818,0.0,0.6666666666666666,0.0,3,70,0.0,0.01818181818181818
jsx,jsx_16,0,0,0,0,0,0,0.4,30.0,0.045454545454545456,0.03896103896103896,0.8,0.2,0.2,0.0,0,1,0,0,4,0.17391304347826086,0.006493506493506494,0.0,0.025974025974025976,0.012987012987012988,0.012987012987012988,0.0,0.0,0.4,0.0,5,53,0.006493506493506494,0.045454545454545456
jsx,jsx_23,0,0,0,0,0,0,0.4,22.4,0.05172413793103448,0.017241379310344827,0.8,0.2,0.2,0.0,0,1,0,0,4,0.23529411764705882,0.008620689655172414,0.0,0.02586206896551724,0.0,0.017241379310344827,0.0,0.0,0.4,0.0,5,39,0.017241379310344827,0.0603448275862069
jsx,jsx_25,0,0,0,0,0,0,0.6666666666666666,32.666666666666664,0.06,0.06,0.6666666666666666,0.3333333333333333,0.3333333333333333,0.0,0,0,0,0,2,0.16666666666666666,0.01,0.0,0.04,0.0,0.02,0.02,0.0,0.6666666666666666,0.0,3,70,0.02,0.02
jsx,jsx_31,0,0,0,0,0,0,0.4,23.4,0.049586776859504134,0.03305785123966942,0.8,0.2,0.2,0.0,0,1,0,0,3,0.16666666666666666,0.008264462809917356,0.0,0.01652892561983471,0.0,0.03305785123966942,0.0,0.0,0.4,0.0,5,39,0.0,0.05785123966942149
jsx,jsx_40,0,0,0,0,0,0,0.6666666666666666,34.333333333333336,0.05714285714285714,0.0761904761904762,0.6666666666666666,0.3333333333333333,0.3333333333333333,0.0,0,0,0,0,1,0.07692307692307693,0.009523809523809525,0.0,0.02857142857142857,0.0,0.0380952380952381,0.01904761904761905,0.0,0.6666666666666666,0.0,3,70,0.0,0.01904761904761905
jsx,jsx_49,0,0,0,0,0,0,0.3333333333333333,21.5,0.04477611940298507,0.014925373134328358,0.6666666666666666,0.3333333333333333,0.3333333333333333,0.0,0,1,0,0,4,0.2,0.014925373134328358,0.0,0.022388059701492536,0.0,0.029850746268656716,0.0,0.0,0.3333333333333333,0.0,6,39,0.0,0.05223880597014925
jsx,jsx_50,0,0,0,0,0,0,0.5,28.75,0.05084745762711865,0.05084745762711865,0.5,0.5,0.5,0.0,0,0,0,0,2,0.13333333333333333,0.01694915254237288,0.0,0.03389830508474576,0.0,0.03389830508474576,0.01694915254237288,0.0,0.5,0.0,4,70,0.0,0.01694915254237288
jsx,jsx_58,0,0,0,0,0,0,0.5,26.0,0.056074766355140186,0.037383177570093455,1.0,0.0,0.0,0.0,0,1,0,0,3,0.1875,0.0,0.0,0.018691588785046728,0.0,0.037383177570093455,0.0,0.0,0.5,0.0,4,39,0.0,0.06542056074766354
jsx,jsx_60,0,0,0,0,0,0,0.4,30.0,0.045454545454545456,0.03896103896103896,0.8,0.2,0.2,0.0,0,1,0,0,4,0.17391304347826086,0.006493506493506494,0.0,0.025974025974025976,0.012987012987012988,0.012987012987012988,0.0,0.0,0.4,0.0,5,53,0.006493506493506494,0.045454545454545456
jsx,jsx_67,0,0,0,0,0,0,0.6666666666666666,34.333333333333336,0.05714285714285714,0.0761904761904762,0.6666666666666666,0.3333333333333333,0.3333333333333333,0.0,0,0,0,0,1,0.07692307692307693,0.009523809523809525,0.0,0.02857142857142857,0.0,0.0380952380952381,0.01904761904761905,0.0,0.6666666666666666,0.0,3,70,0.0,0.01904761904761905
jsx,jsx_82,0,0,0,0,0,0,1.0,45.0,0.06593406593406594,0.08791208791208792,1.0,0.0,0.0,0.0,0,0,0,0,1,0.09090909090909091,0.0,0.0,0.03296703296703297,0.0,0.04395604395604396,0.02197802197802198,0.0,1.0,0.0,2,70,0.0,0.02197802197802198
jsx,jsx_84,0,0,0,0,0,0,0.4,24.4,0.047619047619047616,0.015873015873015872,0.8,0.2,0.2,0.0,0,1,0,0,4,0.21052631578947367,0.007936507936507936,0.0,0.023809523809523808,0.0,0.015873015873015872,0.0,0.0,0.4,0.0,5,39,0.0,0.05555555555555555
jsx,jsx_85,0,0,0,0,0,0,1.0,61.5,0.056451612903225805,0.08064516129032258,1.0,0.0,0.0,0.0,0,0,0,0,2,0.125,0.0,0.0,0.04032258064516129,0.016129032258064516,0.016129032258064516,0.016129032258064516,0.0,1.0,0.0,2,70,0.008064516129032258,0.016129032258064516
jsx,jsx_87,0,0,0,0,0,0,0.6666666666666666,45.333333333333336,0.050724637681159424,0.07246376811594203,0.6666666666666666,0.3333333333333333,0.3333333333333333,0.0,0,0,0,0,2,0.1111111111111111,0.007246376811594203,0.0,0.036231884057971016,0.014492753623188406,0.014492753623188406,0.014492753623188406,0.0,0.6666666666666666,0.0,3,70,0.007246376811594203,0.014492753623188406
jsx,jsx_89,0,0,0,0,0,0,0.4,23.2,0.05,0.016666666666666666,0.8,0.2,0.2,0.0,0,1,0,0,4,0.2222222222222222,0.008333333333333333,0.0,0.025,0.0,0.03333333333333333,0.0,0.0,0.4,0.0,5,39,0.0,0.058333333333333334
jsx,jsx_91,0,0,0,0,0,0,0.3333333333333333,27.166666666666668,0.041666666666666664,0.03571428571428571,0.6666666666666666,0.3333333333333333,0.3333333333333333,0.0,0,1,0,0,4,0.16,0.011904761904761904,0.0,0.023809523809523808,0.011904761904761904,0.011904761904761904,0.0,0.0,0.3333333333333333,0.0,6,53,0.005952380952380952,0.041666666666666664
jsx,jsx_98,0,0,0,0,0,0,0.5,25.75,0.05660377358490566,0.018867924528301886,1.0,0.0,0.0,0.0,0,1,0,0,4,0.25,0.0,0.0,0.02830188679245283,0.0,0.03773584905660377,0.0,0.0,0.5,0.0,4,39,0.0,0.0660377358490566
jsx,jsx_104,0,0,0,0,0,0,0.5,30.25,0.04838709677419355,0.04838709677419355,0.5,0.5,0.5,0.0,0,0,0,0,2,0.125,0.016129032258064516,0.0,0.03225806451612903,0.0,0.016129032258064516,0.016129032258064516,0.0,0.5,0.0,4,70,0.0,0.016129032258064516
jsx,jsx_105,0,0,0,0,0,0,0.5,29.0,0.05042016806722689,0.06722689075630252,0.5,0.5,0.5,0.0,0,0,0,0,1,0.06666666666666667,0.01680672268907563,0.0,0.025210084033613446,0.0,0.03361344537815126,0.01680672268907563,0.0,0.5,0.0,4,70,0.0,0.01680672268907563
jsx,jsx_111,0,0,0,0,0,0,0.4,22.4,0.05172413793103448,0.017241379310344827,0.8,0.2,0.2,0.0,0,1,0,0,4,0.23529411764705882,0.008620689655172414,0.0,0.02586206896551724,0.0,0.017241379310344827,0.0,0.0,0.4,0.0,5,39,0.017241379310344827,0.0603448275862069
jsx,jsx_124,0,0,0,0,0,0,0.6666666666666666,34.0,0.057692307692307696,0.057692307692307696,0.6666666666666666,0.3333333333333333,0.3333333333333333,0.0,0,0,0,0,2,0.15384615384615385,0.009615384615384616,0.0,0.038461538461538464,0.0,0.038461538461538464,0.019230769230769232,0.0,0.6666666666666666,0.0,3,70,0.0,0.019230769230769232
jsx,jsx_128,0,0,0,0,0,0,0.3333333333333333,21.666666666666668,0.044444444444444446,0.02962962962962963,0.6666666666666666,0.3333333333333333,0.3333333333333333,0.0,0,1,0,0,3,0.15,0.014814814814814815,0.0,0.014814814814814815,0.0,0.02962962962962963,0.0,0.0,0.3333333333333333,0.0,6,39,0.0,0.05185185185185185
jsx,jsx_133,0,0,0,0,0,0,0.6666666666666666,32.666666666666664,0.06,0.06,0.6666666666666666,0.3333333333333333,0.3333333333333333,0.0,0,0,0,0,2,0.16666666666666666,0.01,0.0,0.04,0.0,0.02,0.02,0.0,0.6666666666666666,0.0,3,70,0.02,0.02
jsx,jsx_144,0,0,0,0,0,0,0.5,27.25,0.05357142857142857,0.017857142857142856,1.0,0.0,0.0,0.0,0,1,0,0,4,0.23529411764705882,0.0,0.0,0.026785714285714284,0.0,0.017857142857142856,0.0,0.0,0.5,0.0,4,39,0.0,0.0625
jsx,jsx_152,0,0,0,0,0,0,1.0,44.5,0.06666666666666667,0.06666666666666667,1.0,0.0,0.0,0.0,0,0,0,0,2,0.18181818181818182,0.0,0.0,0.044444444444444446,0.0,0.044444444444444446,0.022222222222222223,0.0,1.0,0.0,2,70,0.0,0.022222222222222223
jsx,jsx_164,0,0,0,0,0,0,0.5,24.75,0.058823529411764705,0.0196078431372549,1.0,0.0,0.0,0.0,0,1,0,0,4,0.26666666666666666,0.0,0.0,0.029411764705882353,0.0,0.0196078431372549,0.0,0.0,0.5,0.0,4,39,0.0196078431372549,0.06862745098039216
jsx,jsx_172,0,0,0,0,0,0,0.4,23.4,0.049586776859504134,0.03305785123966942,0.8,0.2,0.2,0.0,0,1,0,0,3,0.16666666666666666,0.008264462809917356,0.0,0.01652892561983471,0.0,0.03305785123966942,0.0,0.0,0.4,0.0,5,39,0.0,0.05785123966942149
jsx,jsx_178,0,0,0,0,0,0,0.3333333333333333,20.833333333333332,0.046153846153846156,0.015384615384615385,0.6666666666666666,0.3333333333333333,0.3333333333333333,0.0,0,1,0,0,4,0.21052631578947367,0.015384615384615385,0.0,0.023076923076923078,0.0,0.015384615384615385,0.0,0.0,0.3333333333333333,0.0,6,39,0.015384615384615385,0.05384615384615385
jsx,jsx_206,0,0,0,0,0,0,0.6666666666666666,36.0,0.05454545454545454,0.05454545454545454,0.6666666666666666,0.3333333333333333,0.3333333333333333,0.0,0,0,0,0,2,0.14285714285714285,0.00909090909090909,0.0,0.03636363636363636,0.0,0.01818181818181818,0.01818181818181818,0.0,0.6666666666666666,0.0,3,70,0.0,0.01818181818181818
jsx,jsx_260,0,0,0,0,0,0,1.0,42.5,0.06976744186046512,0.06976744186046512,1.0,0.0,0.0,0.0,0,0,0,0,2,0.2,0.0,0.0,0.046511627906976744,0.0,0.023255813953488372,0.023255813953488372,0.0,1.0,0.0,2,70,0.023255813953488372,0.023255813953488372
jsx,jsx_266,0,0,0,0,0,0,0.6666666666666666,34.0,0.057692307692307696,0.057692307692307696,0.6666666666666666,0.3333333333333333,0.3333333333333333,0.0,0,0,0,0,2,0.15384615384615385,0.009615384615384616,0.0,0.038461538461538464,0.0,0.038461538461538464,0.019230769230769232,0.0,0.6666666666666666,0.0,3,70,0.0,0.019230769230769232
jsx,jsx_294,0,0,0,0,0,0,0.3333333333333333,22.5,0.04285714285714286,0.014285714285714285,0.6666666666666666,0.3333333333333333,0.3333333333333333,0.0,0,1,0,0,4,0.19047619047619047,0.014285714285714285,0.0,0.02142857142857143,0.0,0.014285714285714285,0.0,0.0,0.3333333333333333,0.0,6,39,0.0,0.05
jsx,jsx_371,0,0,0,0,0,0,0.4,24.4,0.047619047619047616,0.015873015873015872,0.8,0.2,0.2,0.0,0,1,0,0,4,0.21052631578947367,0.007936507936507936,0.0,0.023809523809523808,0.0,0.015873015873015872,0.0,0.0,0.4,0.0,5,39,0.0,0.05555555555555555
jsx,jsx_671,0,0,0,0,0,0,0.6666666666666666,45.333333333333336,0.050724637681159424,0.07246376811594203,0.6666666666666666,0.3333333333333333,0.3333333333333333,0.0,0,0,0,0,2,0.1111111111111111,0.007246376811594203,0.0,0.036231884057971016,0.014492753623188406,0.014492753623188406,0.014492753623188406,0.0,0.6666666666666666,0.0,3,70,0.007246376811594203,0.014492753623188406
jsx,jsx_832,0,0,0,0,0,0,0.5,34.25,0.05,0.04285714285714286,1.0,0.0,0.0,0.0,0,1,0,0,4,0.19047619047619047,0.0,0.0,0.02857142857142857,0.014285714285714285,0.014285714285714285,0.0,0.0,0.5,0.0,4,53,0.007142857142857143,0.05
tsx,tsx_0,0,0,0,0,0,0,0.5,27.5,0.047058823529411764,0.047058823529411764,0.6666666666666666,0.3333333333333333,0.3333333333333333,0.0,0,1,1,0,4,0.16666666666666666,0.011764705882352941,0.011764705882352941,0.011764705882352941,0.0,0.011764705882352941,0.047058823529411764,0.011764705882352941,0.5,0.0,6,61,0.0,0.047058823529411764
tsx,tsx_1,0,0,0,0,0,0,0.0,26.75,0.0,0.01818181818181818,0.75,0.25,0.25,0.0,0,0,0,0,3,0.2,0.00909090909090909,0.01818181818181818,0.02727272727272727,0.0,0.0,0.03636363636363636,0.01818181818181818,0.0,0.0,4,44,0.01818181818181818,0.00909090909090909
tsx,tsx_2,0,0,0,0,0,0,0.5,28.666666666666668,0.04519774011299435,0.05649717514124294,0.8333333333333334,0.16666666666666666,0.16666666666666666,0.0,0,1,1,0,4,0.16,0.005649717514124294,0.011299435028248588,0.011299435028248588,0.0,0.022598870056497175,0.04519774011299435,0.011299435028248588,0.5,0.0,6,61,0.0,0.04519774011299435
tsx,tsx_3,0,0,0,0,0,0,0.75,34.75,0.056338028169014086,0.056338028169014086,1.0,0.0,0.0,0.0,0,1,1,0,4,0.2,0.0,0.014084507042253521,0.014084507042253521,0.0,0.014084507042253521,0.056338028169014086,0.014084507042253521,0.75,0.0,4,61,0.0,0.056338028169014086
tsx,tsx_4,0,0,0,0,0,0,0.5,34.166666666666664,0.04285714285714286,0.05714285714285714,0.8333333333333334,0.16666666666666666,0.16666666666666666,0.0,0,1,1,0,5,0.16666666666666666,0.004761904761904762,0.009523809523809525,0.01904761904761905,0.009523809523809525,0.009523809523809525,0.0380952380952381,0.009523809523809525,0.5,0.0,6,61,0.004761904761904762,0.0380952380952381
tsx,tsx_6,0,0,0,0,0,0,0.0,27.333333333333332,0.0,0.023809523809523808,0.6666666666666666,0.3333333333333333,0.3333333333333333,0.0,0,0,0,0,2,0.18181818181818182,0.011904761904761904,0.023809523809523808,0.023809523809523808,0.0,0.0,0.047619047619047616,0.023809523809523808,0.0,0.0,3,44,0.023809523809523808,0.011904761904761904
tsx,tsx_7,0,0,0,0,0,0,0.0,29.333333333333332,0.0,0.022222222222222223,1.0,0.0,0.0,0.0,0,0,0,0,3,0.25,0.0,0.022222222222222223,0.03333333333333333,0.0,0.022222222222222223,0.044444444444444446,0.022222222222222223,0.0,0.0,3,44,0.022222222222222223,0.011111111111111112
tsx,tsx_11,0,0,0,0,0,0,0.0,25.25,0.0,0.019230769230769232,0.75,0.25,0.25,0.0,0,0,0,0,3,0.21428571428571427,0.009615384615384616,0.019230769230769232,0.028846153846153848,0.0,0.019230769230769232,0.038461538461538464,0.019230769230769232,0.0,0.0,4,44,0.019230769230769232,0.009615384615384616
tsx,tsx_12,0,0,0,0,0,0,0.0,33.75,0.007246376811594203,0.043478260869565216,0.75,0.25,0.25,0.0,0,0,0,0,3,0.15789473684210525,0.007246376811594203,0.014492753623188406,0.028985507246376812,0.014492753623188406,0.0,0.028985507246376812,0.014492753623188406,0.0,0.0,4,53,0.021739130434782608,0.007246376811594203
tsx,tsx_16,0,0,0,0,0,0,0.0,34.5,0.0,0.02857142857142857,1.0,0.0,0.0,0.0,0,0,0,0,2,0.2222222222222222,0.0,0.02857142857142857,0.02857142857142857,0.0,0.0,0.05714285714285714,0.02857142857142857,0.0,0.0,2,44,0.02857142857142857,0.014285714285714285
tsx,tsx_17,0,0,0,0,0,0,0.42857142857142855,25.714285714285715,0.043010752688172046,0.043010752688172046,0.7142857142857143,0.2857142857142857,0.2857142857142857,0.0,0,1,1,0,5,0.19230769230769232,0.010752688172043012,0.010752688172043012,0.016129032258064516,0.0,0.010752688172043012,0.043010752688172046,0.010752688172043012,0.42857142857142855,0.0,7,61,0.010752688172043012,0.043010752688172046
tsx,tsx_18,0,0,0,0,0,0,0.0,23.75,0.0,0.02040816326530612,0.5,0.5,0.5,0.0,0,0,0,0,2,0.15384615384615385,0.02040816326530612,0.02040816326530612,0.02040816326530612,0.0,0.0,0.04081632653061224,0.02040816326530612,0.0,0.0,4,44,0.02040816326530612,0.01020408163265306
tsx,tsx_20,0,0,0,0,0,0,0.6,30.4,0.05128205128205128,0.05128205128205128,0.8,0.2,0.2,0.0,0,1,1,0,4,0.18181818181818182,0.00641025641025641,0.01282051282051282,0.01282051282051282,0.0,0.01282051282051282,0.05128205128205128,0.01282051282051282,0.6,0.0,5,61,0.0,0.05128205128205128
tsx,tsx_24,0,0,0,0,0,0,0.5,28.5,0.045454545454545456,0.045454545454545456,0.8333333333333334,0.16666666666666666,0.16666666666666666,0.0,0,1,1,0,5,0.2,0.005681818181818182,0.011363636363636364,0.017045454545454544,0.0,0.022727272727272728,0.045454545454545456,0.011363636363636364,0.5,0.0,6,61,0.0,0.045454545454545456
tsx,tsx_27,0,0,0,0,0,0,0.0,28.0,0.0,0.023255813953488372,1.0,0.0,0.0,0.0,0,0,0,0,3,0.2727272727272727,0.0,0.023255813953488372,0.03488372093023256,0.0,0.0,0.046511627906976744,0.023255813953488372,0.0,0.0,3,44,0.046511627906976744,0.011627906976744186
tsx,tsx_29,0,0,0,0,0,0,0.0,29.666666666666668,0.0,0.04395604395604396,1.0,0.0,0.0,0.0,0,0,0,0,2,0.16666666666666666,0.0,0.02197802197802198,0.02197802197802198,0.0,0.02197802197802198,0.04395604395604396,0.02197802197802198,0.0,0.0,3,44,0.02197802197802198,0.01098901098901099
tsx,tsx_40,0,0,0,0,0,0,0.0,25.5,0.0,0.0380952380952381,0.75,0.25,0.25,0.0,0,0,0,0,2,0.14285714285714285,0.009523809523809525,0.01904761904761905,0.01904761904761905,0.0,0.01904761904761905,0.0380952380952381,0.01904761904761905,0.0,0.0,4,44,0.01904761904761905,0.009523809523809525
tsx,tsx_45,0,0,0,0,0,0,0.0,31.333333333333332,0.0,0.020833333333333332,1.0,0.0,0.0,0.0,0,0,0,0,3,0.23076923076923078,0.0,0.020833333333333332,0.03125,0.0,0.0,0.041666666666666664,0.020833333333333332,0.0,0.0,3,44,0.020833333333333332,0.010416666666666666
tsx,tsx_51,0,0,0,0,0,0,0.6,30.8,0.05063291139240506,0.05063291139240506,1.0,0.0,0.0,0.0,0,1,1,0,5,0.22727272727272727,0.0,0.012658227848101266,0.0189873417721519,0.0,0.012658227848101266,0.05063291139240506,0.012658227848101266,0.6,0.0,5,61,0.012658227848101266,0.05063291139240506
tsx,tsx_57,0,0,0,0,0,0,0.0,40.666666666666664,0.008064516129032258,0.04838709677419355,1.0,0.0,0.0,0.0,0,0,0,0,3,0.17647058823529413,0.0,0.016129032258064516,0.03225806451612903,0.016129032258064516,0.0,0.03225806451612903,0.016129032258064516,0.0,0.0,3,53,0.024193548387096774,0.008064516129032258
tsx,tsx_58,0,0,0,0,0,0,0.6,31.6,0.04938271604938271,0.04938271604938271,1.0,0.0,0.0,0.0,0,1,1,0,5,0.21739130434782608,0.0,0.012345679012345678,0.018518518518518517,0.0,0.024691358024691357,0.04938271604938271,0.012345679012345678,0.6,0.0,5,61,0.0,0.04938271604938271
tsx,tsx_59,0,0,0,0,0,0,0.5,28.5,0.045454545454545456,0.045454545454545456,0.8333333333333334,0.16666666666666666,0.16666666666666666,0.0,0,1,1,0,5,0.2,0.005681818181818182,0.011363636363636364,0.017045454545454544,0.0,0.022727272727272728,0.045454545454545456,0.011363636363636364,0.5,0.0,6,61,0.0,0.045454545454545456
tsx,tsx_78,0,0,0,0,0,0,0.5,28.666666666666668,0.04519774011299435,0.05649717514124294,0.8333333333333334,0.16666666666666666,0.16666666666666666,0.0,0,1,1,0,4,0.16,0.005649717514124294,0.011299435028248588,0.011299435028248588,0.0,0.022598870056497175,0.04519774011299435,0.011299435028248588,0.5,0.0,6,61,0.0,0.04519774011299435
tsx,tsx_89,0,0,0,0,0,0,0.0,25.5,0.0,0.0380952380952381,0.75,0.25,0.25,0.0,0,0,0,0,2,0.14285714285714285,0.009523809523809525,0.01904761904761905,0.01904761904761905,0.0,0.01904761904761905,0.0380952380952381,0.01904761904761905,0.0,0.0,4,44,0.01904761904761905,0.009523809523809525
tsx,tsx_95,0,0,0,0,0,0,0.42857142857142855,27.142857142857142,0.04081632653061224,0.04081632653061224,0.7142857142857143,0.2857142857142857,0.2857142857142857,0.0,0,1,1,0,5,0.17857142857142858,0.01020408163265306,0.01020408163265306,0.015306122448979591,0.0,0.01020408163265306,0.04081632653061224,0.01020408163265306,0.42857142857142855,0.0,7,61,0.0,0.04081632653061224
tsx,tsx_97,0,0,0,0,0,0,0.42857142857142855,26.285714285714285,0.042105263157894736,0.042105263157894736,0.7142857142857143,0.2857142857142857,0.2857142857142857,0.0,0,1,1,0,5,0.18518518518518517,0.010526315789473684,0.010526315789473684,0.015789473684210527,0.0,0.021052631578947368,0.042105263157894736,0.010526315789473684,0.42857142857142855,0.0,7,61,0.0,0.042105263157894736
tsx,tsx_101,0,0,0,0,0,0,0.6,38.4,0.04591836734693878,0.061224489795918366,1.0,0.0,0.0,0.0,0,1,1,0,5,0.17857142857142858,0.0,0.01020408163265306,0.02040816326530612,0.01020408163265306,0.01020408163265306,0.04081632653061224,0.01020408163265306,0.6,0.0,5,61,0.00510204081632653,0.04081632653061224
tsx,tsx_102,0,0,0,0,0,0,0.0,29.6,0.006578947368421052,0.039473684210526314,0.6,0.4,0.4,0.0,0,0,0,0,3,0.14285714285714285,0.013157894736842105,0.013157894736842105,0.02631578947368421,0.013157894736842105,0.0,0.02631578947368421,0.013157894736842105,0.0,0.0,5,53,0.019736842105263157,0.006578947368421052
tsx,tsx_114,0,0,0,0,0,0,0.42857142857142855,26.428571428571427,0.041884816753926704,0.05235602094240838,0.7142857142857143,0.2857142857142857,0.2857142857142857,0.0,0,1,1,0,4,0.14814814814814814,0.010471204188481676,0.010471204188481676,0.010471204188481676,0.0,0.020942408376963352,0.041884816753926704,0.010471204188481676,0.42857142857142855,0.0,7,61,0.0,0.041884816753926704
tsx,tsx_122,0,0,0,0,0,0,0.0,23.0,0.0,0.03361344537815126,0.6,0.4,0.4,0.0,0,0,0,0,2,0.125,0.01680672268907563,0.01680672268907563,0.01680672268907563,0.0,0.01680672268907563,0.03361344537815126,0.01680672268907563,0.0,0.0,5,44,0.01680672268907563,0.008403361344537815
tsx,tsx_124,0,0,0,0,0,0,0.0,24.25,0.0,0.02,0.75,0.25,0.25,0.0,0,0,0,0,3,0.23076923076923078,0.01,0.02,0.03,0.0,0.0,0.04,0.02,0.0,0.0,4,44,0.04,0.01
tsx,tsx_126,0,0,0,0,0,0,0.5,27.833333333333332,0.046511627906976744,0.046511627906976744,0.8333333333333334,0.16666666666666666,0.16666666666666666,0.0,0,1,1,0,5,0.20833333333333334,0.005813953488372093,0.011627906976744186,0.01744186046511628,0.0,0.011627906976744186,0.046511627906976744,0.011627906976744186,0.5,0.0,6,61,0.011627906976744186,0.046511627906976744
tsx,tsx_129,0,0,0,0,0,0,0.5,27.833333333333332,0.046511627906976744,0.046511627906976744,0.8333333333333334,0.16666666666666666,0.16666666666666666,0.0,0,1,1,0,5,0.20833333333333334,0.005813953488372093,0.011627906976744186,0.01744186046511628,0.0,0.011627906976744186,0.046511627906976744,0.011627906976744186,0.5,0.0,6,61,0.011627906976744186,0.046511627906976744
tsx,tsx_142,0,0,0,0,0,0,0.5,29.5,0.04395604395604396,0.04395604395604396,0.8333333333333334,0.16666666666666666,0.16666666666666666,0.0,0,1,1,0,5,0.19230769230769232,0.005494505494505495,0.01098901098901099,0.016483516483516484,0.0,0.01098901098901099,0.04395604395604396,0.01098901098901099,0.5,0.0,6,61,0.0,0.04395604395604396
tsx,tsx_143,0,0,0,0,0,0,0.0,33.75,0.007246376811594203,0.043478260869565216,0.75,0.25,0.25,0.0,0,0,0,0,3,0.15789473684210525,0.007246376811594203,0.014492753623188406,0.028985507246376812,0.014492753623188406,0.0,0.028985507246376812,0.014492753623188406,0.0,0.0,4,53,0.021739130434782608,0.007246376811594203
tsx,tsx_146,0,0,0,0,0,0,0.0,22.8,0.0,0.01694915254237288,0.6,0.4,0.4,0.0,0,0,0,0,3,0.1875,0.01694915254237288,0.01694915254237288,0.025423728813559324,0.0,0.01694915254237288,0.03389830508474576,0.01694915254237288,0.0,0.0,5,44,0.01694915254237288,0.00847457627118644
tsx,tsx_155,0,0,0,0,0,0,0.6,31.8,0.049079754601226995,0.06134969325153374,1.0,0.0,0.0,0.0,0,1,1,0,4,0.17391304347826086,0.0,0.012269938650306749,0.012269938650306749,0.0,0.024539877300613498,0.049079754601226995,0.012269938650306749,0.6,0.0,5,61,0.0,0.049079754601226995
tsx,tsx_212,0,0,0,0,0,0,0.0,24.25,0.0,0.02,0.75,0.25,0.25,0.0,0,0,0,0,3,0.23076923076923078,0.01,0.02,0.03,0.0,0.0,0.04,0.02,0.0,0.0,4,44,0.04,0.01
tsx,tsx_223,0,0,0,0,0,0,0.0,24.0,0.0,0.016129032258064516,0.6,0.4,0.4,0.0,0,0,0,0,3,0.17647058823529413,0.016129032258064516,0.016129032258064516,0.024193548387096774,0.0,0.0,0.03225806451612903,0.016129032258064516,0.0,0.0,5,44,0.016129032258064516,0.008064516129032258
tsx,tsx_249,0,0,0,0,0,0,0.6,32.8,0.047619047619047616,0.047619047619047616,1.0,0.0,0.0,0.0,0,1,1,0,5,0.20833333333333334,0.0,0.011904761904761904,0.017857142857142856,0.0,0.011904761904761904,0.047619047619047616,0.011904761904761904,0.6,0.0,5,61,0.0,0.047619047619047616
tsx,tsx_262,0,0,0,0,0,0,0.5,29.5,0.04395604395604396,0.04395604395604396,0.8333333333333334,0.16666666666666666,0.16666666666666666,0.0,0,1,1,0,5,0.19230769230769232,0.005494505494505495,0.01098901098901099,0.016483516483516484,0.0,0.01098901098901099,0.04395604395604396,0.01098901098901099,0.5,0.0,6,61,0.0,0.04395604395604396
tsx,tsx_304,0,0,0,0,0,0,0.5,34.166666666666664,0.04285714285714286,0.05714285714285714,0.8333333333333334,0.16666666666666666,0.16666666666666666,0.0,0,1,1,0,5,0.16666666666666666,0.004761904761904762,0.009523809523809525,0.01904761904761905,0.009523809523809525,0.009523809523809525,0.0380952380952381,0.009523809523809525,0.5,0.0,6,61,0.004761904761904762,0.0380952380952381
tsx,tsx_324,0,0,0,0,0,0,0.42857142857142855,31.142857142857142,0.04017857142857143,0.05357142857142857,0.7142857142857143,0.2857142857142857,0.2857142857142857,0.0,0,1,1,0,5,0.15625,0.008928571428571428,0.008928571428571428,0.017857142857142856,0.008928571428571428,0.008928571428571428,0.03571428571428571,0.008928571428571428,0.42857142857142855,0.0,7,61,0.004464285714285714,0.03571428571428571
tsx,tsx_325,0,0,0,0,0,0,0.0,26.75,0.0,0.01818181818181818,0.75,0.25,0.25,0.0,0,0,0,0,3,0.2,0.00909090909090909,0.01818181818181818,0.02727272727272727,0.0,0.0,0.03636363636363636,0.01818181818181818,0.0,0.0,4,44,0.01818181818181818,0.00909090909090909
tsx,tsx_353,0,0,0,0,0,0,0.0,25.25,0.0,0.019230769230769232,0.75,0.25,0.25,0.0,0,0,0,0,3,0.21428571428571427,0.009615384615384616,0.019230769230769232,0.028846153846153848,0.0,0.019230769230769232,0.038461538461538464,0.019230769230769232,0.0,0.0,4,44,0.019230769230769232,0.009615384615384616
tsx,tsx_398,0,0,0,0,0,0,0.0,22.0,0.0,0.017543859649122806,0.6,0.4,0.4,0.0,0,0,0,0,3,0.2,0.017543859649122806,0.017543859649122806,0.02631578947368421,0.0,0.0,0.03508771929824561,0.017543859649122806,0.0,0.0,5,44,0.03508771929824561,0.008771929824561403
json,json_0,0,0,0,0,0,0,0.0,30.0,0.0,0.03278688524590164,0.0,0.5,0.5,0.0,0,0,0,0,0,0.0,0.01639344262295082,0.04918032786885246,0.0,0.03278688524590164,0.16393442622950818,0.08196721311475409,0.04918032786885246,0.0,0.0,2,47,0.03278688524590164,0.04918032786885246
json,json_1,0,0,0,0,0,0,0.0,30.333333333333332,0.0,0.0851063829787234,0.0,0.5,0.5,0.0,0,0,0,0,0,0.0,0.02127659574468085,0.05319148936170213,0.0,0.031914893617021274,0.14893617021276595,0.13829787234042554,0.05319148936170213,0.0,0.0,4,65,0.02127659574468085,0.02127659574468085
json,json_2,0,0,0,0,0,0,0.0,39.0,0.0,0.10126582278481013,0.0,0.5,0.5,0.0,0,0,0,0,0,0.0,0.012658227848101266,0.06329113924050633,0.0,0.0379746835443038,0.17721518987341772,0.16455696202531644,0.06329113924050633,0.0,0.0,2,65,0.02531645569620253,0.02531645569620253
json,json_3,0,0,0,0,0,0,0.0,30.333333333333332,0.0,0.08602150537634409,0.0,0.6666666666666666,0.6666666666666666,0.0,0,0,0,0,0,0.0,0.021505376344086023,0.053763440860215055,0.0,0.03225806451612903,0.15053763440860216,0.13978494623655913,0.053763440860215055,0.0,0.0,3,65,0.021505376344086023,0.021505376344086023
json,json_11,0,0,0,0,0,0,0.0,39.0,0.0,0.1,0.0,0.3333333333333333,0.3333333333333333,0.0,0,0,0,0,0,0.0,0.0125,0.0625,0.0,0.0375,0.175,0.1625,0.0625,0.0,0.0,3,65,0.025,0.025
json,json_13,0,0,0,0,0,0,0.0,65.0,0.0,0.12307692307692308,0.0,0.0,0.0,0.0,0,0,0,0,0,0.0,0.0,0.07692307692307693,0.0,0.046153846153846156,0.2153846153846154,0.2,0.07692307692307693,0.0,0.0,1,65,0.03076923076923077,0.03076923076923077
json,json_17,0,0,0,0,0,0,0.0,47.0,0.0,0.0425531914893617,0.0,0.0,0.0,0.0,0,0,0,0,0,0.0,0.0,0.06382978723404255,0.0,0.0425531914893617,0.2127659574468085,0.10638297872340426,0.06382978723404255,0.0,0.0,1,47,0.0425531914893617,0.06382978723404255
json,json_29,0,0,0,0,0,0,0.0,24.333333333333332,0.0,0.02631578947368421,0.0,0.5,0.5,0.0,0,0,0,0,0,0.0,0.02631578947368421,0.039473684210526314,0.0,0.02631578947368421,0.13157894736842105,0.06578947368421052,0.039473684210526314,0.0,0.0,4,47,0.02631578947368421,0.039473684210526314
json,json_52,0,0,0,0,0,0,0.0,24.333333333333332,0.0,0.02666666666666667,0.0,0.6666666666666666,0.6666666666666666,0.0,0,0,0,0,0,0.0,0.02666666666666667,0.04,0.0,0.02666666666666667,0.13333333333333333,0.06666666666666667,0.04,0.0,0.0,3,47,0.02666666666666667,0.04
json,json_82,0,0,0,0,0,0,0.0,30.0,0.0,0.03225806451612903,0.0,0.3333333333333333,0.3333333333333333,0.0,0,0,0,0,0,0.0,0.016129032258064516,0.04838709677419355,0.0,0.03225806451612903,0.16129032258064516,0.08064516129032258,0.04838709677419355,0.0,0.0,3,47,0.03225806451612903,0.04838709677419355
yaml,yaml_0,0,0,0,0,0,0,0.0,11.2,0.0,0.0,0.0,0.0,0.0,0.0,0,0,0,0,0,0.0,0.0,0.08333333333333333,0.0,0.0,0.0,0.08333333333333333,0.1,0.0,2.4,5,16,0.06666666666666667,0.03333333333333333
yaml,yaml_1,0,0,0,0,0,0,0.0,11.5,0.0,0.0,0.0,0.16666666666666666,0.16666666666666666,0.0,0,0,0,0,0,0.0,0.013513513513513514,0.06756756756756757,0.0,0.0,0.0,0.06756756756756757,0.08108108108108109,0.0,2.0,6,16,0.05405405405405406,0.02702702702702703
yaml,yaml_2,0,0,0,0,0,0,0.0,11.714285714285714,0.0,0.0,0.0,0.25,0.25,0.0,0,0,0,0,0,0.0,0.02247191011235955,0.056179775280898875,0.0,0.0,0.0,0.056179775280898875,0.06741573033707865,0.0,1.7142857142857142,8,16,0.0449438202247191,0.02247191011235955
yaml,yaml_5,0,0,0,0,0,0,0.0,11.0,0.0,0.0,0.0,0.25,0.25,0.0,0,0,0,0,0,0.0,0.02127659574468085,0.06382978723404255,0.0,0.0,0.0,0.06382978723404255,0.06382978723404255,0.0,0.0,4,14,0.0425531914893617,0.06382978723404255
yaml,yaml_8,0,0,0,0,0,0,0.0,11.5,0.0,0.0,0.0,0.14285714285714285,0.14285714285714285,0.0,0,0,0,0,0,0.0,0.013333333333333334,0.06666666666666667,0.0,0.0,0.0,0.06666666666666667,0.08,0.0,2.0,7,16,0.05333333333333334,0.02666666666666667
yaml,yaml_9,0,0,0,0,0,0,0.0,10.333333333333334,0.0,0.0,0.0,0.0,0.0,0.0,0,0,0,0,0,0.0,0.0,0.09090909090909091,0.0,0.0,0.0,0.09090909090909091,0.09090909090909091,0.0,0.0,3,14,0.06060606060606061,0.09090909090909091
yaml,yaml_10,0,0,0,0,0,0,0.0,11.714285714285714,0.0,0.0,0.0,0.2857142857142857,0.2857142857142857,0.0,0,0,0,0,0,0.0,0.022727272727272728,0.056818181818181816,0.0,0.0,0.0,0.056818181818181816,0.06818181818181818,0.0,1.7142857142857142,7,16,0.045454545454545456,0.022727272727272728
yaml,yaml_12,0,0,0,0,0,0,0.0,11.4,0.0,0.0,0.0,0.4,0.4,0.0,0,0,0,0,0,0.0,0.03278688524590164,0.04918032786885246,0.0,0.0,0.0,0.04918032786885246,0.04918032786885246,0.0,0.0,5,14,0.03278688524590164,0.04918032786885246
yaml,yaml_32,0,0,0,0,0,0,0.0,11.4,0.0,0.0,0.0,0.3333333333333333,0.3333333333333333,0.0,0,0,0,0,0,0.0,0.03225806451612903,0.04838709677419355,0.0,0.0,0.0,0.04838709677419355,0.04838709677419355,0.0,0.0,6,14,0.03225806451612903,0.04838709677419355
yaml,yaml_79,0,0,0,0,0,0,0.0,11.0,0.0,0.0,0.0,0.2,0.2,0.0,0,0,0,0,0,0.0,0.020833333333333332,0.0625,0.0,0.0,0.0,0.0625,0.0625,0.0,0.0,5,14,0.041666666666666664,0.0625
csv,csv_0,0,0,0,0,0,0,0.0,14.0,0.0,0.0,0.0,0.4,0.4,0.0,0,0,0,0,0,0.0,0.02702702702702703,0.0,0.0,0.08108108108108109,0.0,0.0,0.0,0.0,0.0,5,16,0.05405405405405406,0.06756756756756757
csv,csv_1,0,0,0,0,0,0,0.0,5.0,0.0,0.0,0.0,0.0,0.0,0.0,0,0,0,0,0,0.0,0.0,0.0,0.0,0.17391304347826086,0.0,0.0,0.0,0.0,0.0,4,8,0.391304347826087,0.0
csv,csv_2,0,0,0,0,0,0,0.0,6.6,0.0,0.0,0.0,0.2,0.2,0.0,0,0,0,0,0,0.0,0.02702702702702703,0.0,0.0,0.10810810810810811,0.0,0.0,0.0,0.0,0.0,5,13,0.24324324324324326,0.0
csv,csv_4,0,0,0,0,0,0,0.0,14.666666666666666,0.0,0.0,0.0,0.0,0.0,0.0,0,0,0,0,0,0.0,0.0,0.0,0.0,0.13043478260869565,0.0,0.0,0.0,0.0,0.0,3,16,0.08695652173913043,0.10869565217391304
csv,csv_6,0,0,0,0,0,0,0.0,7.666666666666667,0.0,0.0,0.0,0.3333333333333333,0.3333333333333333,0.0,0,0,0,0,0,0.0,0.0392156862745098,0.0,0.0,0.0784313725490196,0.0,0.0,0.0,0.0,0.0,6,13,0.17647058823529413,0.0
csv,csv_7,0,0,0,0,0,0,0.0,14.25,0.0,0.0,0.0,0.25,0.25,0.0,0,0,0,0,0,0.0,0.016666666666666666,0.0,0.0,0.1,0.0,0.0,0.0,0.0,0.0,4,16,0.06666666666666667,0.08333333333333333
csv,csv_8,0,0,0,0,0,0,0.0,6.6,0.0,0.0,0.0,0.16666666666666666,0.16666666666666666,0.0,0,0,0,0,0,0.0,0.02631578947368421,0.0,0.0,0.10526315789473684,0.0,0.0,0.0,0.0,0.0,6,13,0.23684210526315788,0.0
csv,csv_11,0,0,0,0,0,0,0.0,14.0,0.0,0.0,0.0,0.3333333333333333,0.3333333333333333,0.0,0,0,0,0,0,0.0,0.02666666666666667,0.0,0.0,0.08,0.0,0.0,0.0,0.0,0.0,6,16,0.05333333333333334,0.06666666666666667
csv,csv_40,0,0,0,0,0,0,0.0,14.25,0.0,0.0,0.0,0.2,0.2,0.0,0,0,0,0,0,0.0,0.01639344262295082,0.0,0.0,0.09836065573770492,0.0,0.0,0.0,0.0,0.0,5,16,0.06557377049180328,0.08196721311475409
csv,csv_66,0,0,0,0,0,0,0.0,7.666666666666667,0.0,0.0,0.0,0.2857142857142857,0.2857142857142857,0.0,0,0,0,0,0,0.0,0.038461538461538464,0.0,0.0,0.07692307692307693,0.0,0.0,0.0,0.0,0.0,7,13,0.17307692307692307,0.0
toml,toml_0,0,0,0,0,0,0,0.0,14.0,0.0,0.045454545454545456,0.0,0.0,0.0,0.0,0,0,0,0,1,0.25,0.0,0.0,0.045454545454545456,0.0,0.09090909090909091,0.045454545454545456,0.0,0.0,0.0,3,17,0.06818181818181818,0.0
toml,toml_1,0,0,0,0,0,0,0.0,18.0,0.0,0.05333333333333334,0.0,0.25,0.25,0.0,0,0,0,0,0,0.0,0.013333333333333334,0.0,0.02666666666666667,0.02666666666666667,0.013333333333333334,0.05333333333333334,0.0,0.0,0.0,4,28,0.26666666666666666,0.0
toml,toml_2,0,0,0,0,0,0,0.0,13.75,0.0,0.034482758620689655,0.0,0.25,0.25,0.0,0,0,0,0,1,0.16666666666666666,0.017241379310344827,0.0,0.034482758620689655,0.0,0.06896551724137931,0.034482758620689655,0.0,0.0,0.0,4,17,0.05172413793103448,0.0
toml,toml_3,0,0,0,0,0,0,0.0,13.6,0.0,0.027777777777777776,0.0,0.4,0.4,0.0,0,0,0,0,1,0.125,0.027777777777777776,0.0,0.027777777777777776,0.0,0.05555555555555555,0.027777777777777776,0.0,0.0,0.0,5,17,0.041666666666666664,0.0
toml,toml_14,0,0,0,0,0,0,0.0,19.666666666666668,0.0,0.06557377049180328,0.0,0.0,0.0,0.0,0,0,0,0,0,0.0,0.0,0.0,0.03278688524590164,0.03278688524590164,0.01639344262295082,0.06557377049180328,0.0,0.0,0.0,3,28,0.32786885245901637,0.0
toml,toml_15,0,0,0,0,0,0,0.0,17.0,0.0,0.0449438202247191,0.0,0.4,0.4,0.0,0,0,0,0,0,0.0,0.02247191011235955,0.0,0.02247191011235955,0.02247191011235955,0.011235955056179775,0.0449438202247191,0.0,0.0,0.0,5,28,0.2247191011235955,0.0
toml,toml_19,0,0,0,0,0,0,0.0,13.6,0.0,0.0273972602739726,0.0,0.3333333333333333,0.3333333333333333,0.0,0,0,0,0,1,0.125,0.0273972602739726,0.0,0.0273972602739726,0.0,0.0547945205479452,0.0273972602739726,0.0,0.0,0.0,6,17,0.0410958904109589,0.0
toml,toml_29,0,0,0,0,0,0,0.0,17.0,0.0,0.044444444444444446,0.0,0.3333333333333333,0.3333333333333333,0.0,0,0,0,0,0,0.0,0.022222222222222223,0.0,0.022222222222222223,0.022222222222222223,0.011111111111111112,0.044444444444444446,0.0,0.0,0.0,6,28,0.2222222222222222,0.0
toml,toml_31,0,0,0,0,0,0,0.0,18.0,0.0,0.05263157894736842,0.0,0.2,0.2,0.0,0,0,0,0,0,0.0,0.013157894736842105,0.0,0.02631578947368421,0.02631578947368421,0.013157894736842105,0.05263157894736842,0.0,0.0,0.0,5,28,0.2631578947368421,0.0
toml,toml_86,0,0,0,0,0,0,0.0,13.75,0.0,0.03389830508474576,0.0,0.2,0.2,0.0,0,0,0,0,1,0.16666666666666666,0.01694915254237288,0.0,0.03389830508474576,0.0,0.06779661016949153,0.03389830508474576,0.0,0.0,0.0,5,17,0.05084745762711865,0.0
ini,ini_0,0,0,0,0,0,0,0.0,13.0,0.0,0.03636363636363636,0.0,0.25,0.25,0.0,0,0,0,0,0,0.0,0.01818181818181818,0.0,0.03636363636363636,0.0,0.0,0.03636363636363636,0.0,0.0,0.0,4,17,0.0,0.0
ini,ini_1,0,0,0,0,0,0,0.0,12.666666666666666,0.0,0.05,0.0,0.0,0.0,0.0,0,0,0,0,0,0.0,0.0,0.0,0.05,0.0,0.0,0.05,0.0,0.0,0.0,3,14,0.0,0.0
ini,ini_2,0,0,0,0,0,0,0.0,12.8,0.0,0.029411764705882353,0.0,0.4,0.4,0.0,0,0,0,0,0,0.0,0.029411764705882353,0.0,0.029411764705882353,0.0,0.0,0.029411764705882353,0.0,0.0,0.0,5,14,0.0,0.0
ini,ini_3,0,0,0,0,0,0,0.0,12.8,0.0,0.028985507246376812,0.0,0.3333333333333333,0.3333333333333333,0.0,0,0,0,0,0,0.0,0.028985507246376812,0.0,0.028985507246376812,0.0,0.0,0.028985507246376812,0.0,0.0,0.0,6,14,0.0,0.0
ini,ini_4,0,0,0,0,0,0,0.0,13.0,0.0,0.04878048780487805,0.0,0.0,0.0,0.0,0,0,0,0,0,0.0,0.0,0.0,0.04878048780487805,0.0,0.0,0.04878048780487805,0.0,0.0,0.0,3,17,0.0,0.0
ini,ini_5,0,0,0,0,0,0,0.0,12.75,0.0,0.037037037037037035,0.0,0.25,0.25,0.0,0,0,0,0,0,0.0,0.018518518518518517,0.0,0.037037037037037035,0.0,0.0,0.037037037037037035,0.0,0.0,0.0,4,14,0.0,0.0
ini,ini_37,0,0,0,0,0,0,0.0,12.75,0.0,0.03636363636363636,0.0,0.2,0.2,0.0,0,0,0,0,0,0.0,0.01818181818181818,0.0,0.03636363636363636,0.0,0.0,0.03636363636363636,0.0,0.0,0.0,5,14,0.0,0.0
ini,ini_42,0,0,0,0,0,0,0.0,13.0,0.0,0.028985507246376812,0.0,0.4,0.4,0.0,0,0,0,0,0,0.0,0.028985507246376812,0.0,0.028985507246376812,0.0,0.0,0.028985507246376812,0.0,0.0,0.0,5,17,0.0,0.0
ini,ini_68,0,0,0,0,0,0,0.0,13.0,0.0,0.03571428571428571,0.0,0.2,0.2,0.0,0,0,0,0,0,0.0,0.017857142857142856,0.0,0.03571428571428571,0.0,0.0,0.03571428571428571,0.0,0.0,0.0,5,17,0.0,0.0
ini,ini_80,0,0,0,0,0,0,0.0,13.0,0.0,0.02857142857142857,0.0,0.3333333333333333,0.3333333333333333,0.0,0,0,0,0,0,0.0,0.02857142857142857,0.0,0.02857142857142857,0.0,0.0,0.02857142857142857,0.0,0.0,0.0,6,17,0.0,0.0
svg,svg_0,0,0,1,0,0,0,1.5,52.0,0.11428571428571428,0.0,0.0,1.0,0.5,0.0,0,0,0,0,0,0.0,0.009523809523809525,0.009523809523809525,0.0380952380952381,0.0,0.0761904761904762,0.009523809523809525,0.0,1.5,0.0,2,91,0.10476190476190476,0.0
svg,svg_1,0,0,1,0,0,0,1.5,46.5,0.0851063829787234,0.0,0.0,0.5,0.5,0.0,0,0,0,0,0,0.0,0.010638297872340425,0.0,0.06382978723404255,0.0,0.1276595744680851,0.0,0.0,1.5,0.0,2,80,0.1276595744680851,0.0
svg,svg_2,0,0,1,0,0,0,3.0,80.0,0.1,0.0,0.0,0.0,0.0,0.0,0,0,0,0,0,0.0,0.0,0.0,0.075,0.0,0.15,0.0,0.0,3.0,0.0,1,80,0.15,0.0
svg,svg_4,0,0,1,0,0,0,3.0,91.0,0.13186813186813187,0.0,0.0,1.0,0.0,0.0,0,0,0,0,0,0.0,0.0,0.01098901098901099,0.04395604395604396,0.0,0.08791208791208792,0.01098901098901099,0.0,3.0,0.0,1,91,0.12087912087912088,0.0
svg,svg_6,0,0,1,0,0,0,1.0,35.333333333333336,0.07407407407407407,0.0,0.0,0.6666666666666666,0.6666666666666666,0.0,0,0,0,0,0,0.0,0.018518518518518517,0.0,0.05555555555555555,0.0,0.1111111111111111,0.0,0.0,1.0,0.0,3,80,0.1111111111111111,0.0
svg,svg_14,0,0,1,0,0,0,1.0,39.0,0.10084033613445378,0.0,0.0,1.0,0.6666666666666666,0.0,0,0,0,0,0,0.0,0.01680672268907563,0.008403361344537815,0.03361344537815126,0.0,0.06722689075630252,0.008403361344537815,0.0,1.0,0.0,3,91,0.09243697478991597,0.0
svg,svg_23,0,0,1,0,0,0,0.75,35.333333333333336,0.07339449541284404,0.0,0.0,0.5,0.5,0.0,0,0,0,0,0,0.0,0.01834862385321101,0.0,0.05504587155963303,0.0,0.11009174311926606,0.0,0.0,0.75,0.0,4,80,0.11009174311926606,0.0
svg,svg_29,0,0,1,0,0,0,1.0,46.5,0.08421052631578947,0.0,0.0,0.3333333333333333,0.3333333333333333,0.0,0,0,0,0,0,0.0,0.010526315789473684,0.0,0.06315789473684211,0.0,0.12631578947368421,0.0,0.0,1.0,0.0,3,80,0.12631578947368421,0.0
svg,svg_38,0,0,1,0,0,0,1.0,52.0,0.11320754716981132,0.0,0.0,0.6666666666666666,0.3333333333333333,0.0,0,0,0,0,0,0.0,0.009433962264150943,0.009433962264150943,0.03773584905660377,0.0,0.07547169811320754,0.009433962264150943,0.0,1.0,0.0,3,91,0.10377358490566038,0.0
svg,svg_131,0,0,1,0,0,0,0.75,39.0,0.1,0.0,0.0,0.75,0.5,0.0,0,0,0,0,0,0.0,0.016666666666666666,0.008333333333333333,0.03333333333333333,0.0,0.06666666666666667,0.008333333333333333,0.0,0.75,0.0,4,91,0.09166666666666666,0.0
