language,file_id,has_doctype,has_xml_declaration,has_svg,has_php_tag,has_shebang,sb_bash,sb_python,has_docker_from,has_html_tag,md_header,kw_def,kw_class,kw_function,kw_import,kw_include,kw_package,kw_public,kw_private,kw_fn,kw_func,kw_let,kw_const,kw_var,kw_use,kw_echo,kw_select,kw_from,kw_end,kw_begin,kw_module,kw_return,kw_void,kw_namespace,kw_struct,cmt_slash,cmt_hash,cmt_block,cmt_sql,cmt_html,cmt_semi,cmt_pct,cmt_excl,r_brace,r_brace_c,r_semi,r_lt,r_gt,r_colon,r_eq,r_dollar,r_at,r_paren,r_bracket,r_comma,r_dquote,r_squote,r_pipe,avg_len,max_len,blank_r,tab_r,space4_r,arrow_fat,arrow_thin,scope_op,tag_r,triple_q,backtick,special_r,digit_r,upper_r,dot_r,end_brace,end_colon,line_count
python,python_0,0,0,0,0,0,0,0,0,0,1,1,0,0,0,0,0,0,0,0,0,1,0,0,0,0,0,0,0,0,0,1,0,0,0,0,1,0,0,0,0,0,0,0.0,0.0,0.010526315789473684,0.0,0.0,0.010526315789473684,0.010526315789473684,0.0,0.0,0.021052631578947368,0.0,0.010526315789473684,0.0,0.021052631578947368,0.0,18.2,26,0.0,0.0,0.4,0,0,0,0.0,0,0,0.05263157894736842,0.0,0.031578947368421054,0.010526315789473684,1,1,5
python,python_1,0,0,0,0,0,0,0,0,0,1,0,0,0,1,0,0,0,0,0,0,1,0,0,0,0,0,0,0,0,0,0,0,0,0,0,1,0,0,0,0,0,0,0.0,0.0,0.009900990099009901,0.0,0.0,0.0,0.019801980198019802,0.0,0.0,0.019801980198019802,0.0,0.0,0.0,0.019801980198019802,0.0,19.4,28,0.0,0.0,0.0,0,0,0,0.0,0,0,0.04950495049504951,0.0,0.0,0.039603960396039604,1,0,5
python,python_2,0,0,0,0,0,0,0,0,0,1,0,0,0,1,0,0,0,0,0,0,0,0,0,0,0,0,0,0,0,0,0,0,0,0,0,1,0,0,0,0,0,0,0.0,0.0,0.0,0.0,0.0,0.013157894736842105,0.013157894736842105,0.0,0.0,0.02631578947368421,0.0,0.0,0.0,0.02631578947368421,0.0,18.25,28,0.0,0.0,0.0,0,0,0,0.0,0,0,0.05263157894736842,0.0,0.05263157894736842,0.039473684210526314,0,0,4
python,python_3,0,0,0,0,0,0,0,0,0,1,0,0,0,1,0,0,0,0,0,0,0,0,0,0,0,0,0,0,0,0,0,0,0,0,0,2,0,0,0,0,0,0,0.0,0.0,0.0,0.0,0.0,0.0,0.011235955056179775,0.0,0.0,0.02247191011235955,0.0,0.0,0.0,0.02247191011235955,0.0,17.0,28,0.0,0.0,0.0,0,0,0,0.0,0,0,0.0449438202247191,0.0,0.0,0.033707865168539325,0,0,5
python,python_4,0,0,0,0,0,0,0,0,0,1,1,1,0,0,0,0,0,0,0,0,0,0,1,0,0,0,0,0,0,0,1,0,0,0,0,2,0,0,0,0,0,0,0.0,0.0,0.009009009009009009,0.0,0.0,0.018018018018018018,0.009009009009009009,0.0,0.0,0.009009009009009009,0.0,0.018018018018018018,0.0,0.018018018018018018,0.0,17.666666666666668,24,0.0,0.0,0.3333333333333333,0,0,0,0.0,0,0,0.02702702702702703,0.0,0.009009009009009009,0.0,1,2,6
python,python_5,0,0,0,0,0,0,0,0,0,0,1,0,0,0,0,0,0,0,0,0,0,0,0,0,0,0,0,0,0,0,1,0,0,0,0,0,0,0,0,0,0,0,0.0,0.0,0.0,0.0,0.0,0.01818181818181818,0.0,0.0,0.0,0.03636363636363636,0.0,0.01818181818181818,0.0,0.03636363636363636,0.0,17.666666666666668,26,0.0,0.0,0.6666666666666666,0,0,0,0.0,0,0,0.07272727272727272,0.0,0.05454545454545454,0.0,0,1,3
python,python_6,0,0,0,0,0,0,0,0,0,1,1,0,0,0,0,0,0,0,0,0,0,0,0,0,0,0,0,0,0,0,1,0,0,0,0,1,0,0,0,0,0,0,0.0,0.0,0.0,0.0,0.0,0.0273972602739726,0.0,0.0,0.0,0.0273972602739726,0.0,0.0136986301369863,0.0,0.0273972602739726,0.0,17.5,26,0.0,0.0,0.5,0,0,0,0.0,0,0,0.0547945205479452,0.0,0.0958904109589041,0.0,0,1,4
python,python_7,0,0,0,0,0,0,0,0,0,1,1,0,0,0,0,0,0,0,0,0,0,0,0,0,0,0,0,0,0,0,1,0,0,0,0,1,0,0,0,0,0,0,0.0,0.0,0.0,0.0,0.0,0.013888888888888888,0.0,0.0,0.0,0.027777777777777776,0.0,0.013888888888888888,0.0,0.027777777777777776,0.0,17.25,26,0.0,0.0,0.5,0,0,0,0.0,0,0,0.05555555555555555,0.0,0.041666666666666664,0.0,0,1,4
python,python_8,0,0,0,0,0,0,0,0,0,1,1,0,0,0,0,0,0,0,0,0,0,0,0,0,0,0,0,0,0,0,1,0,0,0,0,1,0,0,0,0,0,0,0.0,0.0,0.0,0.0,0.0,0.014492753623188406,0.0,0.0,0.0,0.028985507246376812,0.0,0.014492753623188406,0.0,0.028985507246376812,0.0,16.5,26,0.0,0.0,0.5,0,0,0,0.0,0,0,0.057971014492753624,0.0,0.043478260869565216,0.0,0,1,4
python,python_9,0,0,0,0,0,0,0,0,0,1,1,1,0,0,0,0,0,0,0,0,0,0,0,0,0,0,0,0,0,0,1,0,0,0,0,1,0,0,0,0,0,0,0.0,0.0,0.0,0.0,0.0,0.025974025974025976,0.0,0.0,0.0,0.012987012987012988,0.0,0.025974025974025976,0.0,0.0,0.0,18.5,24,0.0,0.0,0.5,0,0,0,0.0,0,0,0.025974025974025976,0.0,0.012987012987012988,0.0,0,2,4
python,python_10,0,0,0,0,0,0,0,0,0,1,0,0,0,1,0,0,0,0,0,0,0,0,0,0,0,0,0,0,0,0,0,0,0,0,0,1,0,0,0,0,0,0,0.0,0.0,0.0,0.0,0.0,0.0,0.013888888888888888,0.0,0.0,0.027777777777777776,0.0,0.0,0.0,0.027777777777777776,0.0,17.25,28,0.0,0.0,0.0,0,0,0,0.0,0,0,0.05555555555555555,0.0,0.0,0.041666666666666664,0,0,4
python,python_11,0,0,0,0,0,0,0,0,0,0,1,1,0,0,0,0,0,0,0,0,0,0,0,0,0,0,0,0,0,0,1,0,0,0,0,0,0,0,0,0,0,0,0.0,0.0,0.0,0.0,0.0,0.031746031746031744,0.0,0.0,0.0,0.015873015873015872,0.0,0.031746031746031744,0.0,0.0,0.0,20.333333333333332,24,0.0,0.0,0.6666666666666666,0,0,0,0.0,0,0,0.031746031746031744,0.0,0.015873015873015872,0.0,0,2,3
python,python_13,0,0,0,0,0,0,0,0,0,0,0,0,0,1,0,0,0,0,0,0,0,0,0,0,0,0,0,0,0,0,0,0,0,0,0,0,0,0,0,0,0,0,0.0,0.0,0.0,0.0,0.0,0.0,0.029411764705882353,0.0,0.0,0.029411764705882353,0.014705882352941176,0.029411764705882353,0.0,0.0,0.0,22.0,26,0.0,0.0,0.0,0,0,0,0.0,0,0,0.08823529411764706,0.04411764705882353,0.0,0.029411764705882353,0,0,3
python,python_14,0,0,0,0,0,0,0,0,0,1,0,0,0,0,0,0,0,0,0,0,0,0,0,0,0,0,0,0,0,0,0,0,0,0,0,2,0,0,0,0,0,0,0.0,0.0,0.0,0.0,0.0,0.03333333333333333,0.022222222222222223,0.0,0.0,0.022222222222222223,0.0,0.0,0.0,0.0,0.0,17.2,19,0.0,0.0,0.4,0,0,0,0.0,0,0,0.044444444444444446,0.044444444444444446,0.044444444444444446,0.0,0,2,5
python,python_15,0,0,0,0,0,0,0,0,0,1,0,0,0,1,0,0,0,0,0,0,1,0,0,0,0,0,0,0,0,0,0,0,0,0,0,1,0,0,0,0,0,0,0.0,0.0,0.00980392156862745,0.0,0.0,0.00980392156862745,0.0196078431372549,0.0,0.0,0.0196078431372549,0.0,0.0,0.0,0.0196078431372549,0.0,19.6,28,0.0,0.0,0.0,0,0,0,0.0,0,0,0.049019607843137254,0.0,0.0392156862745098,0.0392156862745098,1,0,5
python,python_16,0,0,0,0,0,0,0,0,0,1,0,0,0,1,0,0,0,0,0,0,0,0,0,0,0,0,0,0,0,0,0,0,0,0,0,2,0,0,0,0,0,0,0.0,0.0,0.0,0.0,0.0,0.0,0.010869565217391304,0.0,0.0,0.021739130434782608,0.0,0.0,0.0,0.021739130434782608,0.0,17.6,28,0.0,0.0,0.0,0,0,0,0.0,0,0,0.043478260869565216,0.0,0.0,0.03260869565217391,0,0,5
python,python_18,0,0,0,0,0,0,0,0,0,0,0,0,0,1,0,0,0,0,0,0,0,1,0,0,0,0,0,0,0,0,0,0,0,0,0,0,0,0,0,0,0,0,0.0,0.0,0.013513513513513514,0.0,0.0,0.0,0.02702702702702703,0.0,0.0,0.02702702702702703,0.0,0.0,0.0,0.02702702702702703,0.0,17.75,28,0.0,0.0,0.0,0,0,0,0.0,0,0,0.06756756756756757,0.02702702702702703,0.0,0.04054054054054054,1,0,4
python,python_19,0,0,0,0,0,0,0,0,0,1,1,1,0,0,0,0,0,0,0,0,0,1,0,0,0,0,0,0,0,0,1,0,0,0,0,1,0,0,0,0,0,0,0.0,0.0,0.010752688172043012,0.0,0.0,0.021505376344086023,0.010752688172043012,0.0,0.0,0.010752688172043012,0.0,0.021505376344086023,0.0,0.0,0.0,17.8,24,0.0,0.0,0.4,0,0,0,0.0,0,0,0.03225806451612903,0.021505376344086023,0.010752688172043012,0.0,1,2,5
python,python_21,0,0,0,0,0,0,0,0,0,0,0,0,0,1,0,0,0,0,0,0,1,0,0,0,0,0,0,0,0,0,0,0,0,0,0,0,0,0,0,0,0,0,0.0,0.0,0.011904761904761904,0.0,0.0,0.0,0.023809523809523808,0.0,0.0,0.023809523809523808,0.0,0.0,0.0,0.023809523809523808,0.0,20.25,28,0.0,0.0,0.0,0,0,0,0.0,0,0,0.05952380952380952,0.0,0.0,0.047619047619047616,1,0,4
python,python_22,0,0,0,0,0,0,0,0,0,1,0,0,0,1,0,0,0,0,0,0,0,1,0,0,0,0,0,0,0,0,0,0,0,0,0,1,0,0,0,0,0,0,0.0,0.0,0.007751937984496124,0.0,0.007751937984496124,0.0,0.023255813953488372,0.0,0.0,0.031007751937984496,0.0,0.015503875968992248,0.0,0.015503875968992248,0.0,25.0,53,0.0,0.0,0.0,1,0,0,0.0,0,0,0.07751937984496124,0.007751937984496124,0.0,0.031007751937984496,1,0,5
python,python_23,0,0,0,0,0,0,0,0,0,1,0,0,0,1,0,0,0,0,0,0,0,0,0,0,0,0,0,0,0,0,0,0,0,0,0,2,0,0,0,0,0,0,0.0,0.0,0.0,0.0,0.0,0.01,0.02,0.0,0.0,0.02,0.01,0.02,0.0,0.0,0.0,19.2,26,0.0,0.0,0.0,0,0,0,0.0,0,0,0.06,0.03,0.04,0.02,0,0,5
python,python_24,0,0,0,0,0,0,0,0,0,0,0,0,0,1,0,0,0,0,0,0,0,0,1,0,0,0,0,0,0,0,0,0,0,0,0,0,0,0,0,0,0,0,0.0,0.0,0.01282051282051282,0.0,0.0,0.0,0.02564102564102564,0.0,0.0,0.02564102564102564,0.0,0.0,0.0,0.05128205128205128,0.0,18.75,28,0.0,0.0,0.0,0,0,0,0.0,0,0,0.0641025641025641,0.0,0.0,0.038461538461538464,1,0,4
python,python_25,0,0,0,0,0,0,0,0,0,1,1,1,0,0,0,0,0,0,0,0,0,0,0,0,0,0,0,0,0,0,1,0,0,0,0,2,0,0,0,0,0,0,0.0,0.0,0.0,0.0,0.0,0.04040404040404041,0.0,0.0,0.0,0.010101010101010102,0.0,0.020202020202020204,0.0,0.0,0.0,19.0,24,0.0,0.0,0.4,0,0,0,0.0,0,0,0.020202020202020204,0.0,0.09090909090909091,0.0,0,2,5
python,python_26,0,0,0,0,0,0,0,0,0,1,1,1,0,0,0,0,0,0,0,0,0,0,0,0,0,0,0,0,0,0,1,0,0,0,0,1,0,0,0,0,0,0,0.0,0.0,0.0,0.0,0.0,0.037037037037037035,0.0,0.0,0.0,0.012345679012345678,0.0,0.024691358024691357,0.0,0.0,0.0,19.5,24,0.0,0.0,0.5,0,0,0,0.0,0,0,0.024691358024691357,0.0,0.06172839506172839,0.0,0,2,4
python,python_27,0,0,0,0,0,0,0,0,0,1,1,0,0,0,0,0,0,0,0,0,0,0,0,0,0,0,0,0,0,0,1,0,0,0,0,1,0,0,0,0,0,0,0.0,0.0,0.0,0.0,0.0,0.011627906976744186,0.0,0.0,0.0,0.03488372093023256,0.0,0.011627906976744186,0.0,0.046511627906976744,0.0,16.4,26,0.0,0.0,0.4,0,0,0,0.0,0,0,0.06976744186046512,0.0,0.03488372093023256,0.0,0,1,5
python,python_28,0,0,0,0,0,0,0,0,0,1,1,0,0,0,0,0,0,0,0,0,0,1,0,0,0,0,0,0,0,0,1,0,0,0,0,1,0,0,0,0,0,0,0.0,0.0,0.011235955056179775,0.0,0.0,0.02247191011235955,0.011235955056179775,0.0,0.0,0.02247191011235955,0.0,0.011235955056179775,0.0,0.02247191011235955,0.0,17.0,26,0.0,0.0,0.4,0,0,0,0.0,0,0,0.056179775280898875,0.02247191011235955,0.07865168539325842,0.0,1,1,5
python,python_29,0,0,0,0,0,0,0,0,0,1,1,0,0,0,0,0,0,0,0,0,0,0,0,0,0,0,0,0,0,0,1,0,0,0,0,2,0,0,0,0,0,0,0.0,0.0,0.0,0.0,0.0,0.011627906976744186,0.0,0.0,0.0,0.023255813953488372,0.0,0.011627906976744186,0.0,0.023255813953488372,0.0,16.4,26,0.0,0.0,0.4,0,0,0,0.0,0,0,0.046511627906976744,0.0,0.03488372093023256,0.0,0,1,5
python,python_30,0,0,0,0,0,0,0,0,0,1,0,0,0,1,0,0,0,0,0,0,0,0,0,0,0,0,0,0,0,0,0,0,0,0,0,1,0,0,0,0,0,0,0.0,0.0,0.0,0.0,0.0,0.0,0.023529411764705882,0.0,0.0,0.023529411764705882,0.011764705882352941,0.023529411764705882,0.0,0.0,0.0,20.5,26,0.0,0.0,0.0,0,0,0,0.0,0,0,0.07058823529411765,0.03529411764705882,0.0,0.023529411764705882,0,0,4
python,python_31,0,0,0,0,0,0,0,0,0,1,1,1,0,0,0,0,0,0,0,0,0,0,0,0,0,0,0,0,0,0,1,0,0,0,0,2,0,0,0,0,0,0,0.0,0.0,0.0,0.0,0.0,0.031578947368421054,0.0,0.0,0.0,0.010526315789473684,0.0,0.021052631578947368,0.0,0.0,0.0,18.2,24,0.0,0.0,0.4,0,0,0,0.0,0,0,0.021052631578947368,0.0,0.05263157894736842,0.0,0,2,5
python,python_33,0,0,0,0,0,0,0,0,0,1,0,0,0,1,0,0,0,0,0,0,0,0,1,0,0,0,0,0,0,0,0,0,0,0,0,2,0,0,0,0,0,0,0.0,0.0,0.009174311926605505,0.0,0.0,0.0,0.01834862385321101,0.0,0.0,0.01834862385321101,0.0,0.0,0.0,0.03669724770642202,0.0,17.333333333333332,28,0.0,0.0,0.0,0,0,0,0.0,0,0,0.045871559633027525,0.0,0.0,0.027522935779816515,1,0,6
python,python_35,0,0,0,0,0,0,0,0,0,1,0,0,0,1,0,0,0,0,0,0,0,0,0,0,0,0,0,0,0,0,0,0,0,0,0,1,0,0,0,0,0,0,0.0,0.0,0.0,0.0,0.0,0.0,0.024390243902439025,0.0,0.0,0.024390243902439025,0.012195121951219513,0.024390243902439025,0.0,0.0,0.0,19.75,26,0.0,0.0,0.0,0,0,0,0.0,0,0,0.07317073170731707,0.036585365853658534,0.0,0.024390243902439025,0,0,4
python,python_36,0,0,0,0,0,0,0,0,0,1,0,0,0,1,0,0,0,0,0,0,0,0,1,0,0,0,0,0,0,0,0,0,0,0,0,2,0,0,0,0,0,0,0.0,0.0,0.008333333333333333,0.0,0.0,0.008333333333333333,0.025,0.0,0.0,0.016666666666666666,0.008333333333333333,0.016666666666666666,0.0,0.016666666666666666,0.0,19.166666666666668,26,0.0,0.0,0.0,0,0,0,0.0,0,0,0.058333333333333334,0.025,0.03333333333333333,0.016666666666666666,1,0,6
python,python_39,0,0,0,0,0,0,0,0,0,1,1,0,0,0,0,0,0,0,0,0,1,0,0,0,0,0,0,0,0,0,1,0,0,0,0,1,0,0,0,0,0,0,0.0,0.0,0.01020408163265306,0.0,0.0,0.01020408163265306,0.01020408163265306,0.0,0.0,0.02040816326530612,0.0,0.01020408163265306,0.0,0.02040816326530612,0.0,18.8,26,0.0,0.0,0.4,0,0,0,0.0,0,0,0.05102040816326531,0.0,0.030612244897959183,0.01020408163265306,1,1,5
python,python_40,0,0,0,0,0,0,0,0,0,1,0,0,0,0,0,0,0,0,0,0,0,0,0,0,0,0,0,0,0,0,0,0,0,0,0,2,0,0,0,0,0,0,0.0,0.0,0.0,0.0,0.0,0.028846153846153848,0.019230769230769232,0.0,0.0,0.028846153846153848,0.0,0.0,0.0,0.019230769230769232,0.0,16.5,19,0.0,0.0,0.3333333333333333,0,0,0,0.0,0,0,0.057692307692307696,0.038461538461538464,0.038461538461538464,0.0,0,2,6
python,python_41,0,0,0,0,0,0,0,0,0,1,0,0,0,1,0,0,0,0,0,0,0,0,0,0,0,0,0,0,0,0,0,0,0,0,0,2,0,0,0,0,0,0,0.0,0.0,0.0,0.0,0.0,0.011111111111111112,0.011111111111111112,0.0,0.0,0.022222222222222223,0.0,0.0,0.0,0.022222222222222223,0.0,17.2,28,0.0,0.0,0.0,0,0,0,0.0,0,0,0.044444444444444446,0.0,0.044444444444444446,0.03333333333333333,0,0,5
python,python_42,0,0,0,0,0,0,0,0,0,1,0,0,0,1,0,0,0,0,0,0,0,0,0,0,0,0,0,0,0,0,0,0,0,0,0,2,0,0,0,0,0,0,0.0,0.0,0.0,0.0,0.0,0.0,0.020202020202020204,0.0,0.0,0.020202020202020204,0.010101010101010102,0.020202020202020204,0.0,0.0,0.0,19.0,26,0.0,0.0,0.0,0,0,0,0.0,0,0,0.06060606060606061,0.030303030303030304,0.0,0.020202020202020204,0,0,5
python,python_43,0,0,0,0,0,0,0,0,0,1,1,0,0,0,0,0,0,0,0,0,0,0,0,0,0,0,0,0,0,0,1,0,0,0,0,2,0,0,0,0,0,0,0.0,0.0,0.0,0.0,0.0,0.022222222222222223,0.0,0.0,0.0,0.022222222222222223,0.0,0.011111111111111112,0.0,0.022222222222222223,0.0,17.2,26,0.0,0.0,0.4,0,0,0,0.0,0,0,0.044444444444444446,0.0,0.07777777777777778,0.0,0,1,5
python,python_46,0,0,0,0,0,0,0,0,0,1,0,0,0,1,0,0,0,0,0,0,1,0,0,0,0,0,0,0,0,0,0,0,0,0,0,2,0,0,0,0,0,0,0.0,0.0,0.008403361344537815,0.0,0.0,0.008403361344537815,0.01680672268907563,0.0,0.0,0.01680672268907563,0.0,0.0,0.0,0.01680672268907563,0.0,19.0,28,0.0,0.0,0.0,0,0,0,0.0,0,0,0.04201680672268908,0.0,0.03361344537815126,0.03361344537815126,1,0,6
python,python_47,0,0,0,0,0,0,0,0,0,1,1,1,0,0,0,0,0,0,0,0,0,0,0,0,0,0,0,0,0,0,1,0,0,0,0,2,0,0,0,0,0,0,0.0,0.0,0.0,0.0,0.0,0.030612244897959183,0.0,0.0,0.0,0.01020408163265306,0.0,0.02040816326530612,0.0,0.0,0.0,18.8,24,0.0,0.0,0.4,0,0,0,0.0,0,0,0.02040816326530612,0.0,0.05102040816326531,0.0,0,2,5
python,python_48,0,0,0,0,0,0,0,0,0,1,0,0,0,1,0,0,0,0,0,0,0,0,1,0,0,0,0,0,0,0,0,0,0,0,0,1,0,0,0,0,0,0,0.0,0.0,0.010526315789473684,0.0,0.0,0.0,0.021052631578947368,0.0,0.0,0.021052631578947368,0.0,0.0,0.0,0.042105263157894736,0.0,18.2,28,0.0,0.0,0.0,0,0,0,0.0,0,0,0.05263157894736842,0.0,0.0,0.031578947368421054,1,0,5
python,python_49,0,0,0,0,0,0,0,0,0,1,1,0,0,0,0,0,0,0,0,0,0,0,0,0,0,0,0,0,0,0,1,0,0,0,0,2,0,0,0,0,0,0,0.0,0.0,0.0,0.0,0.0,0.022222222222222223,0.0,0.0,0.0,0.022222222222222223,0.0,0.011111111111111112,0.0,0.022222222222222223,0.0,17.2,26,0.0,0.0,0.4,0,0,0,0.0,0,0,0.044444444444444446,0.0,0.07777777777777778,0.0,0,1,5
python,python_51,0,0,0,0,0,0,0,0,0,1,0,0,0,1,0,0,0,0,0,0,0,0,0,0,0,0,0,0,0,0,0,0,0,0,0,2,0,0,0,0,0,0,0.0,0.0,0.0,0.0,0.0,0.0,0.011235955056179775,0.0,0.0,0.02247191011235955,0.0,0.0,0.0,0.02247191011235955,0.0,17.0,28,0.0,0.0,0.0,0,0,0,0.0,0,0,0.0449438202247191,0.0,0.0,0.033707865168539325,0,0,5
python,python_52,0,0,0,0,0,0,0,0,0,1,1,1,0,0,0,0,0,0,0,0,0,0,0,0,0,0,0,0,0,0,1,0,0,0,0,2,0,0,0,0,0,0,0.0,0.0,0.0,0.0,0.0,0.020618556701030927,0.0,0.0,0.0,0.010309278350515464,0.0,0.020618556701030927,0.0,0.0,0.0,18.6,24,0.0,0.0,0.4,0,0,0,0.0,0,0,0.020618556701030927,0.0,0.010309278350515464,0.0,0,2,5
python,python_56,0,0,0,0,0,0,0,0,0,1,1,1,0,0,0,0,0,0,0,0,0,1,0,0,0,0,0,0,0,0,1,0,0,0,0,1,0,0,0,0,0,0,0.0,0.0,0.010309278350515464,0.0,0.0,0.030927835051546393,0.010309278350515464,0.0,0.0,0.010309278350515464,0.0,0.020618556701030927,0.0,0.0,0.0,18.6,24,0.0,0.0,0.4,0,0,0,0.0,0,0,0.030927835051546393,0.020618556701030927,0.05154639175257732,0.0,1,2,5
python,python_58,0,0,0,0,0,0,0,0,0,1,0,0,0,1,0,0,0,0,0,0,0,1,0,0,0,0,0,0,0,0,0,0,0,0,0,1,0,0,0,0,0,0,0.0,0.0,0.007194244604316547,0.0,0.007194244604316547,0.0,0.02877697841726619,0.0,0.0,0.02877697841726619,0.007194244604316547,0.02877697841726619,0.0,0.0,0.0,27.0,53,0.0,0.0,0.0,1,0,0,0.0,0,0,0.08633093525179857,0.02877697841726619,0.0,0.02158273381294964,1,0,5
python,python_59,0,0,0,0,0,0,0,0,0,0,1,1,0,0,0,0,0,0,0,0,0,0,0,0,0,0,0,0,0,0,1,0,0,0,0,0,0,0,0,0,0,0,0.0,0.0,0.0,0.0,0.0,0.025974025974025976,0.0,0.0,0.0,0.025974025974025976,0.0,0.025974025974025976,0.0,0.025974025974025976,0.0,18.5,24,0.0,0.0,0.5,0,0,0,0.0,0,0,0.05194805194805195,0.0,0.012987012987012988,0.0,0,2,4
python,python_60,0,0,0,0,0,0,0,0,0,0,1,0,0,0,0,0,0,0,0,0,0,0,0,0,0,0,0,0,0,0,1,0,0,0,0,0,0,0,0,0,0,0,0.0,0.0,0.0,0.0,0.0,0.014492753623188406,0.0,0.0,0.0,0.043478260869565216,0.0,0.014492753623188406,0.0,0.057971014492753624,0.0,16.5,26,0.0,0.0,0.5,0,0,0,0.0,0,0,0.08695652173913043,0.0,0.043478260869565216,0.0,0,1,4
python,python_61,0,0,0,0,0,0,0,0,0,1,1,0,0,0,0,0,0,0,0,0,0,1,0,0,0,0,0,0,0,0,1,0,0,0,0,1,0,0,0,0,0,0,0.0,0.0,0.008130081300813009,0.0,0.008130081300813009,0.008130081300813009,0.016260162601626018,0.0,0.0,0.032520325203252036,0.0,0.024390243902439025,0.0,0.016260162601626018,0.0,23.8,53,0.0,0.0,0.4,1,0,0,0.0,0,0,0.08130081300813008,0.008130081300813009,0.024390243902439025,0.008130081300813009,1,1,5
python,python_62,0,0,0,0,0,0,0,0,0,0,0,0,0,0,0,0,0,0,0,0,0,1,0,0,0,0,0,0,0,0,0,0,0,0,0,0,0,0,0,0,0,0,0.0,0.0,0.014084507042253521,0.0,0.0,0.028169014084507043,0.04225352112676056,0.0,0.0,0.028169014084507043,0.0,0.0,0.0,0.0,0.0,17.0,19,0.0,0.0,0.5,0,0,0,0.0,0,0,0.07042253521126761,0.08450704225352113,0.0,0.0,1,2,4
python,python_63,0,0,0,0,0,0,0,0,0,0,0,0,0,1,0,0,0,0,0,0,0,0,0,0,0,0,0,0,0,0,0,0,0,0,0,0,0,0,0,0,0,0,0.0,0.0,0.0,0.0,0.0,0.0,0.017241379310344827,0.0,0.0,0.034482758620689655,0.0,0.0,0.0,0.034482758620689655,0.0,18.666666666666668,28,0.0,0.0,0.0,0,0,0,0.0,0,0,0.06896551724137931,0.0,0.0,0.05172413793103448,0,0,3
python,python_67,0,0,0,0,0,0,0,0,0,1,0,0,0,1,0,0,0,0,0,0,0,0,0,0,0,0,0,0,0,0,0,0,0,0,0,2,0,0,0,0,0,0,0.0,0.0,0.0,0.0,0.0,0.0,0.011627906976744186,0.0,0.0,0.023255813953488372,0.0,0.0,0.0,0.023255813953488372,0.0,16.4,28,0.0,0.0,0.0,0,0,0,0.0,0,0,0.046511627906976744,0.0,0.0,0.03488372093023256,0,0,5
python,python_68,0,0,0,0,0,0,0,0,0,0,0,0,0,0,0,0,0,0,0,0,0,0,0,0,0,0,0,0,0,0,0,0,0,0,0,0,0,0,0,0,0,0,0.0,0.0,0.0,0.0,0.0,0.03636363636363636,0.03636363636363636,0.0,0.0,0.03636363636363636,0.0,0.0,0.0,0.0,0.0,17.666666666666668,19,0.0,0.0,0.6666666666666666,0,0,0,0.0,0,0,0.07272727272727272,0.07272727272727272,0.0,0.0,0,2,3
python,python_71,0,0,0,0,0,0,0,0,0,1,1,1,0,0,0,0,0,0,0,0,0,1,0,0,0,0,0,0,0,0,1,0,0,0,0,2,0,0,0,0,0,0,0.0,0.0,0.00909090909090909,0.0,0.0,0.01818181818181818,0.00909090909090909,0.0,0.0,0.00909090909090909,0.0,0.01818181818181818,0.0,0.0,0.0,17.5,24,0.0,0.0,0.3333333333333333,0,0,0,0.0,0,0,0.02727272727272727,0.01818181818181818,0.00909090909090909,0.0,1,2,6
python,python_72,0,0,0,0,0,0,0,0,0,1,0,0,0,0,0,0,0,0,0,0,0,0,0,0,0,0,0,0,0,0,0,0,0,0,0,1,0,0,0,0,0,0,0.0,0.0,0.0,0.0,0.0,0.0410958904109589,0.0273972602739726,0.0,0.0,0.0273972602739726,0.0,0.0,0.0,0.0,0.0,17.5,19,0.0,0.0,0.5,0,0,0,0.0,0,0,0.0547945205479452,0.0547945205479452,0.0547945205479452,0.0,0,2,4
python,python_73,0,0,0,0,0,0,0,0,0,1,0,0,0,0,0,0,0,0,0,0,0,0,0,0,0,0,0,0,0,0,0,0,0,0,0,2,0,0,0,0,0,0,0.0,0.0,0.0,0.0,0.0,0.02247191011235955,0.02247191011235955,0.0,0.0,0.02247191011235955,0.0,0.0,0.0,0.0,0.0,17.0,19,0.0,0.0,0.4,0,0,0,0.0,0,0,0.0449438202247191,0.0449438202247191,0.0,0.0,0,2,5
python,python_74,0,0,0,0,0,0,0,0,0,1,0,0,0,1,0,0,0,0,0,0,0,0,0,0,0,0,0,0,0,0,0,0,0,0,0,2,0,0,0,0,0,0,0.0,0.0,0.0,0.0,0.0,0.009708737864077669,0.019417475728155338,0.0,0.0,0.019417475728155338,0.009708737864077669,0.019417475728155338,0.0,0.0,0.0,19.8,26,0.0,0.0,0.0,0,0,0,0.0,0,0,0.05825242718446602,0.02912621359223301,0.038834951456310676,0.019417475728155338,0,0,5
python,python_75,0,0,0,0,0,0,0,0,0,1,0,0,0,0,0,0,0,0,0,0,0,0,0,0,0,0,0,0,0,0,0,0,0,0,0,1,0,0,0,0,0,0,0.0,0.0,0.0,0.0,0.0,0.028985507246376812,0.028985507246376812,0.0,0.0,0.028985507246376812,0.0,0.0,0.0,0.0,0.0,16.5,19,0.0,0.0,0.5,0,0,0,0.0,0,0,0.057971014492753624,0.057971014492753624,0.0,0.0,0,2,4
python,python_78,0,0,0,0,0,0,0,0,0,1,0,0,0,1,0,0,0,0,0,0,0,1,0,0,0,0,0,0,0,0,0,0,0,0,0,1,0,0,0,0,0,0,0.0,0.0,0.01098901098901099,0.0,0.0,0.0,0.02197802197802198,0.0,0.0,0.02197802197802198,0.0,0.0,0.0,0.02197802197802198,0.0,17.4,28,0.0,0.0,0.0,0,0,0,0.0,0,0,0.054945054945054944,0.02197802197802198,0.0,0.03296703296703297,1,0,5
python,python_79,0,0,0,0,0,0,0,0,0,1,1,1,0,0,0,0,0,0,0,0,1,0,0,0,0,0,0,0,0,0,1,0,0,0,0,2,0,0,0,0,0,0,0.0,0.0,0.008,0.0,0.0,0.032,0.008,0.0,0.0,0.008,0.0,0.016,0.0,0.0,0.0,20.0,25,0.0,0.0,0.3333333333333333,0,0,0,0.0,0,0,0.024,0.0,0.072,0.008,1,2,6
python,python_80,0,0,0,0,0,0,0,0,0,1,0,0,0,1,0,0,0,0,0,0,0,0,1,0,0,0,0,0,0,0,0,0,0,0,0,1,0,0,0,0,0,0,0.0,0.0,0.00980392156862745,0.0,0.0,0.0,0.029411764705882353,0.0,0.0,0.0196078431372549,0.00980392156862745,0.0196078431372549,0.0,0.0196078431372549,0.0,19.6,26,0.0,0.0,0.0,0,0,0,0.0,0,0,0.06862745098039216,0.029411764705882353,0.0,0.0196078431372549,1,0,5
python,python_81,0,0,0,0,0,0,0,0,0,1,0,0,0,0,0,0,0,0,0,0,0,0,0,0,0,0,0,0,0,0,0,0,0,0,0,2,0,0,0,0,0,0,0.0,0.0,0.0,0.0,0.0,0.04395604395604396,0.02197802197802198,0.0,0.0,0.02197802197802198,0.0,0.0,0.0,0.0,0.0,17.4,19,0.0,0.0,0.4,0,0,0,0.0,0,0,0.04395604395604396,0.04395604395604396,0.08791208791208792,0.0,0,2,5
python,python_82,0,0,0,0,0,0,0,0,0,1,0,0,0,0,0,0,0,0,0,0,0,0,1,0,0,0,0,0,0,0,0,0,0,0,0,1,0,0,0,0,0,0,0.0,0.0,0.011235955056179775,0.0,0.0,0.02247191011235955,0.033707865168539325,0.0,0.0,0.02247191011235955,0.0,0.0,0.0,0.02247191011235955,0.0,17.0,19,0.0,0.0,0.4,0,0,0,0.0,0,0,0.056179775280898875,0.0449438202247191,0.0,0.0,1,2,5
python,python_86,0,0,0,0,0,0,0,0,0,1,0,0,0,0,0,0,0,0,0,0,0,0,1,0,0,0,0,0,0,0,0,0,0,0,0,2,0,0,0,0,0,0,0.0,0.0,0.009345794392523364,0.0,0.0,0.028037383177570093,0.028037383177570093,0.0,0.0,0.018691588785046728,0.0,0.0,0.0,0.018691588785046728,0.0,17.0,19,0.0,0.0,0.3333333333333333,0,0,0,0.0,0,0,0.04672897196261682,0.037383177570093455,0.037383177570093455,0.0,1,2,6
python,python_88,0,0,0,0,0,0,0,0,0,1,1,1,0,0,0,0,0,0,0,0,0,0,0,0,0,0,0,0,0,0,1,0,0,0,0,1,0,0,0,0,0,0,0.0,0.0,0.0,0.0,0.0,0.025,0.0,0.0,0.0,0.0125,0.0,0.025,0.0,0.0,0.0,19.25,24,0.0,0.0,0.5,0,0,0,0.0,0,0,0.025,0.0,0.0125,0.0,0,2,4
python,python_89,0,0,0,0,0,0,0,0,0,1,1,0,0,0,0,0,0,0,0,0,0,1,0,0,0,0,0,0,0,0,1,0,0,0,0,1,0,0,0,0,0,0,0.0,0.0,0.007936507936507936,0.0,0.007936507936507936,0.007936507936507936,0.015873015873015872,0.0,0.0,0.031746031746031744,0.0,0.023809523809523808,0.0,0.015873015873015872,0.0,24.4,53,0.0,0.0,0.4,1,0,0,0.0,0,0,0.07936507936507936,0.007936507936507936,0.023809523809523808,0.007936507936507936,1,1,5
python,python_90,0,0,0,0,0,0,0,0,0,0,1,0,0,0,0,0,0,0,0,0,0,1,0,0,0,0,0,0,0,0,1,0,0,0,0,0,0,0,0,0,0,0,0.0,0.0,0.014084507042253521,0.0,0.0,0.014084507042253521,0.014084507042253521,0.0,0.0,0.028169014084507043,0.0,0.014084507042253521,0.0,0.028169014084507043,0.0,17.0,26,0.0,0.0,0.5,0,0,0,0.0,0,0,0.07042253521126761,0.028169014084507043,0.04225352112676056,0.0,1,1,4
python,python_91,0,0,0,0,0,0,0,0,0,1,0,0,0,1,0,0,0,0,0,0,0,0,0,0,0,0,0,0,0,0,0,0,0,0,0,2,0,0,0,0,0,0,0.0,0.0,0.0,0.0,0.0,0.009708737864077669,0.019417475728155338,0.0,0.0,0.019417475728155338,0.009708737864077669,0.019417475728155338,0.0,0.0,0.0,19.8,26,0.0,0.0,0.0,0,0,0,0.0,0,0,0.05825242718446602,0.02912621359223301,0.038834951456310676,0.019417475728155338,0,0,5
python,python_94,0,0,0,0,0,0,0,0,0,0,0,0,0,0,0,0,0,0,0,0,0,0,0,0,0,0,0,0,0,0,0,0,0,0,0,0,0,0,0,0,0,0,0.0,0.0,0.0,0.0,0.0,0.028985507246376812,0.028985507246376812,0.0,0.0,0.043478260869565216,0.0,0.0,0.0,0.028985507246376812,0.0,16.5,19,0.0,0.0,0.5,0,0,0,0.0,0,0,0.08695652173913043,0.057971014492753624,0.0,0.0,0,2,4
python,python_96,0,0,0,0,0,0,0,0,0,1,1,1,0,0,0,0,0,0,0,0,0,0,0,0,0,0,0,0,0,0,1,0,0,0,0,1,0,0,0,0,0,0,0.0,0.0,0.0,0.0,0.0,0.031578947368421054,0.0,0.0,0.0,0.021052631578947368,0.0,0.021052631578947368,0.0,0.021052631578947368,0.0,18.2,24,0.0,0.0,0.4,0,0,0,0.0,0,0,0.042105263157894736,0.0,0.05263157894736842,0.0,0,2,5
python,python_97,0,0,0,0,0,0,0,0,0,0,0,0,0,0,0,0,0,0,0,0,0,1,0,0,0,0,0,0,0,0,0,0,0,0,0,0,0,0,0,0,0,0,0.0,0.0,0.009174311926605505,0.0,0.009174311926605505,0.01834862385321101,0.03669724770642202,0.0,0.0,0.03669724770642202,0.0,0.01834862385321101,0.0,0.0,0.0,26.5,53,0.0,0.0,0.5,1,0,0,0.0,0,0,0.09174311926605505,0.045871559633027525,0.0,0.009174311926605505,1,2,4
python,python_98,0,0,0,0,0,0,0,0,0,1,0,0,0,1,0,0,0,0,0,0,0,0,0,0,0,0,0,0,0,0,0,0,0,0,0,1,0,0,0,0,0,0,0.0,0.0,0.0,0.0,0.0,0.011627906976744186,0.023255813953488372,0.0,0.0,0.023255813953488372,0.011627906976744186,0.023255813953488372,0.0,0.0,0.0,20.75,26,0.0,0.0,0.0,0,0,0,0.0,0,0,0.06976744186046512,0.03488372093023256,0.046511627906976744,0.023255813953488372,0,0,4
python,python_100,0,0,0,0,0,0,0,0,0,1,1,0,0,0,0,0,0,0,0,0,0,0,1,0,0,0,0,0,0,0,1,0,0,0,0,1,0,0,0,0,0,0,0.0,0.0,0.011235955056179775,0.0,0.0,0.011235955056179775,0.011235955056179775,0.0,0.0,0.02247191011235955,0.0,0.011235955056179775,0.0,0.0449438202247191,0.0,17.0,26,0.0,0.0,0.4,0,0,0,0.0,0,0,0.056179775280898875,0.0,0.033707865168539325,0.0,1,1,5
python,python_101,0,0,0,0,0,0,0,0,0,1,1,1,0,0,0,0,0,0,0,0,1,0,0,0,0,0,0,0,0,0,1,0,0,0,0,1,0,0,0,0,0,0,0.0,0.0,0.009708737864077669,0.0,0.0,0.019417475728155338,0.009708737864077669,0.0,0.0,0.009708737864077669,0.0,0.019417475728155338,0.0,0.0,0.0,19.8,25,0.0,0.0,0.4,0,0,0,0.0,0,0,0.02912621359223301,0.0,0.009708737864077669,0.009708737864077669,1,2,5
python,python_102,0,0,0,0,0,0,0,0,0,1,1,1,0,0,0,0,0,0,0,0,0,0,0,0,0,0,0,0,0,0,1,0,0,0,0,2,0,0,0,0,0,0,0.0,0.0,0.0,0.0,0.0,0.030612244897959183,0.0,0.0,0.0,0.01020408163265306,0.0,0.02040816326530612,0.0,0.0,0.0,18.8,24,0.0,0.0,0.4,0,0,0,0.0,0,0,0.02040816326530612,0.0,0.05102040816326531,0.0,0,2,5
python,python_104,0,0,0,0,0,0,0,0,0,1,0,0,0,0,0,0,0,0,0,0,1,0,0,0,0,0,0,0,0,0,0,0,0,0,0,1,0,0,0,0,0,0,0.0,0.0,0.01020408163265306,0.0,0.0,0.02040816326530612,0.030612244897959183,0.0,0.0,0.02040816326530612,0.0,0.0,0.0,0.0,0.0,18.8,25,0.0,0.0,0.4,0,0,0,0.0,0,0,0.05102040816326531,0.04081632653061224,0.0,0.01020408163265306,1,2,5
python,python_108,0,0,0,0,0,0,0,0,0,1,0,0,0,1,0,0,0,0,0,0,0,0,0,0,0,0,0,0,0,0,0,0,0,0,0,1,0,0,0,0,0,0,0.0,0.0,0.0,0.0,0.0,0.0,0.020833333333333332,0.0,0.0,0.03125,0.010416666666666666,0.020833333333333332,0.0,0.020833333333333332,0.0,18.4,26,0.0,0.0,0.0,0,0,0,0.0,0,0,0.08333333333333333,0.03125,0.0,0.020833333333333332,0,0,5
python,python_111,0,0,0,0,0,0,0,0,0,1,0,0,0,0,0,0,0,0,0,0,0,0,0,0,0,0,0,0,0,0,0,0,0,0,0,1,0,0,0,0,0,0,0.0,0.0,0.0,0.0,0.0,0.027777777777777776,0.027777777777777776,0.0,0.0,0.027777777777777776,0.0,0.0,0.0,0.0,0.0,17.25,19,0.0,0.0,0.5,0,0,0,0.0,0,0,0.05555555555555555,0.05555555555555555,0.0,0.0,0,2,4
python,python_112,0,0,0,0,0,0,0,0,0,1,1,1,0,0,0,0,0,0,0,0,0,0,1,0,0,0,0,0,0,0,1,0,0,0,0,2,0,0,0,0,0,0,0.0,0.0,0.008547008547008548,0.0,0.0,0.017094017094017096,0.008547008547008548,0.0,0.0,0.008547008547008548,0.0,0.017094017094017096,0.0,0.017094017094017096,0.0,18.666666666666668,24,0.0,0.0,0.3333333333333333,0,0,0,0.0,0,0,0.02564102564102564,0.0,0.008547008547008548,0.0,1,2,6
python,python_114,0,0,0,0,0,0,0,0,0,0,1,0,0,0,0,0,0,0,0,0,0,0,1,0,0,0,0,0,0,0,1,0,0,0,0,0,0,0,0,0,0,0,0.0,0.0,0.013333333333333334,0.0,0.0,0.013333333333333334,0.013333333333333334,0.0,0.0,0.02666666666666667,0.0,0.013333333333333334,0.0,0.05333333333333334,0.0,18.0,26,0.0,0.0,0.5,0,0,0,0.0,0,0,0.06666666666666667,0.0,0.04,0.0,1,1,4
python,python_115,0,0,0,0,0,0,0,0,0,1,0,0,0,1,0,0,0,0,0,0,0,0,0,0,0,0,0,0,0,0,0,0,0,0,0,1,0,0,0,0,0,0,0.0,0.0,0.0,0.0,0.0,0.0,0.011627906976744186,0.0,0.0,0.03488372093023256,0.0,0.0,0.0,0.046511627906976744,0.0,16.4,28,0.0,0.0,0.0,0,0,0,0.0,0,0,0.06976744186046512,0.0,0.0,0.03488372093023256,0,0,5
python,python_117,0,0,0,0,0,0,0,0,0,1,0,0,0,1,0,0,0,0,0,0,1,0,0,0,0,0,0,0,0,0,0,0,0,0,0,1,0,0,0,0,0,0,0.0,0.0,0.009009009009009009,0.0,0.0,0.0,0.02702702702702703,0.0,0.0,0.018018018018018018,0.009009009009009009,0.018018018018018018,0.0,0.0,0.0,21.4,26,0.0,0.0,0.0,0,0,0,0.0,0,0,0.06306306306306306,0.02702702702702703,0.0,0.02702702702702703,1,0,5
python,python_122,0,0,0,0,0,0,0,0,0,1,0,0,0,1,0,0,0,0,0,0,0,0,0,0,0,0,0,0,0,0,0,0,0,0,0,1,0,0,0,0,0,0,0.0,0.0,0.0,0.0,0.0,0.0,0.013333333333333334,0.0,0.0,0.02666666666666667,0.0,0.0,0.0,0.02666666666666667,0.0,18.0,28,0.0,0.0,0.0,0,0,0,0.0,0,0,0.05333333333333334,0.0,0.0,0.04,0,0,4
python,python_128,0,0,0,0,0,0,0,0,0,1,0,0,0,0,0,0,0,0,0,0,0,1,0,0,0,0,0,0,0,0,0,0,0,0,0,1,0,0,0,0,0,0,0.0,0.0,0.011764705882352941,0.0,0.0,0.023529411764705882,0.03529411764705882,0.0,0.0,0.023529411764705882,0.0,0.0,0.0,0.0,0.0,16.2,19,0.0,0.0,0.4,0,0,0,0.0,0,0,0.058823529411764705,0.07058823529411765,0.0,0.0,1,2,5
python,python_129,0,0,0,0,0,0,0,0,0,0,0,0,0,0,0,0,0,0,0,0,0,0,1,0,0,0,0,0,0,0,0,0,0,0,0,0,0,0,0,0,0,0,0.0,0.0,0.013333333333333334,0.0,0.0,0.02666666666666667,0.04,0.0,0.0,0.02666666666666667,0.0,0.0,0.0,0.02666666666666667,0.0,18.0,19,0.0,0.0,0.5,0,0,0,0.0,0,0,0.06666666666666667,0.05333333333333334,0.0,0.0,1,2,4
python,python_132,0,0,0,0,0,0,0,0,0,1,0,0,0,0,0,0,0,0,0,0,0,0,0,0,0,0,0,0,0,0,0,0,0,0,0,1,0,0,0,0,0,0,0.0,0.0,0.0,0.0,0.0,0.024096385542168676,0.024096385542168676,0.0,0.0,0.03614457831325301,0.0,0.0,0.0,0.024096385542168676,0.0,15.8,19,0.0,0.0,0.4,0,0,0,0.0,0,0,0.07228915662650602,0.04819277108433735,0.0,0.0,0,2,5
python,python_134,0,0,0,0,0,0,0,0,0,1,0,0,0,1,0,0,0,0,0,0,0,1,0,0,0,0,0,0,0,0,0,0,0,0,0,1,0,0,0,0,0,0,0.0,0.0,0.011363636363636364,0.0,0.0,0.0,0.022727272727272728,0.0,0.0,0.022727272727272728,0.0,0.0,0.0,0.022727272727272728,0.0,16.8,28,0.0,0.0,0.0,0,0,0,0.0,0,0,0.056818181818181816,0.022727272727272728,0.0,0.03409090909090909,1,0,5
python,python_135,0,0,0,0,0,0,0,0,0,1,0,0,0,1,0,0,0,0,0,0,0,1,0,0,0,0,0,0,0,0,0,0,0,0,0,1,0,0,0,0,0,0,0.0,0.0,0.007142857142857143,0.0,0.007142857142857143,0.007142857142857143,0.02857142857142857,0.0,0.0,0.02857142857142857,0.007142857142857143,0.02857142857142857,0.0,0.0,0.0,27.2,53,0.0,0.0,0.0,1,0,0,0.0,0,0,0.08571428571428572,0.02857142857142857,0.02857142857142857,0.02142857142857143,1,0,5
python,python_136,0,0,0,0,0,0,0,0,0,1,0,0,0,0,0,0,0,0,0,0,1,0,0,0,0,0,0,0,0,0,0,0,0,0,0,1,0,0,0,0,0,0,0.0,0.0,0.010101010101010102,0.0,0.0,0.030303030303030304,0.030303030303030304,0.0,0.0,0.020202020202020204,0.0,0.0,0.0,0.0,0.0,19.0,25,0.0,0.0,0.4,0,0,0,0.0,0,0,0.050505050505050504,0.04040404040404041,0.04040404040404041,0.010101010101010102,1,2,5
python,python_137,0,0,0,0,0,0,0,0,0,1,1,0,0,0,0,0,0,0,0,0,0,0,0,0,0,0,0,0,0,0,1,0,0,0,0,2,0,0,0,0,0,0,0.0,0.0,0.0,0.0,0.0,0.01,0.0,0.0,0.0,0.03,0.0,0.01,0.0,0.04,0.0,15.833333333333334,26,0.0,0.0,0.3333333333333333,0,0,0,0.0,0,0,0.06,0.0,0.03,0.0,0,1,6
python,python_139,0,0,0,0,0,0,0,0,0,1,0,0,0,0,0,0,0,0,0,0,0,0,0,0,0,0,0,0,0,0,0,0,0,0,0,1,0,0,0,0,0,0,0.0,0.0,0.0,0.0,0.0,0.024096385542168676,0.024096385542168676,0.0,0.0,0.03614457831325301,0.0,0.0,0.0,0.024096385542168676,0.0,15.8,19,0.0,0.0,0.4,0,0,0,0.0,0,0,0.07228915662650602,0.04819277108433735,0.0,0.0,0,2,5
python,python_140,0,0,0,0,0,0,0,0,0,1,0,0,0,1,0,0,0,0,0,0,0,0,1,0,0,0,0,0,0,0,0,0,0,0,0,1,0,0,0,0,0,0,0.0,0.0,0.00980392156862745,0.0,0.0,0.0,0.029411764705882353,0.0,0.0,0.0196078431372549,0.00980392156862745,0.0196078431372549,0.0,0.0196078431372549,0.0,19.6,26,0.0,0.0,0.0,0,0,0,0.0,0,0,0.06862745098039216,0.029411764705882353,0.0,0.0196078431372549,1,0,5
python,python_142,0,0,0,0,0,0,0,0,0,1,0,0,0,1,0,0,0,0,0,0,0,0,0,0,0,0,0,0,0,0,0,0,0,0,0,1,0,0,0,0,0,0,0.0,0.0,0.0,0.0,0.0,0.0,0.020202020202020204,0.0,0.0,0.030303030303030304,0.010101010101010102,0.020202020202020204,0.0,0.020202020202020204,0.0,19.0,26,0.0,0.0,0.0,0,0,0,0.0,0,0,0.08080808080808081,0.030303030303030304,0.0,0.020202020202020204,0,0,5
python,python_143,0,0,0,0,0,0,0,0,0,1,0,0,0,0,0,0,0,0,0,0,1,0,0,0,0,0,0,0,0,0,0,0,0,0,0,1,0,0,0,0,0,0,0.0,0.0,0.010526315789473684,0.0,0.0,0.021052631578947368,0.031578947368421054,0.0,0.0,0.021052631578947368,0.0,0.0,0.0,0.0,0.0,18.2,25,0.0,0.0,0.4,0,0,0,0.0,0,0,0.05263157894736842,0.042105263157894736,0.0,0.010526315789473684,1,2,5
python,python_148,0,0,0,0,0,0,0,0,0,1,0,0,0,0,0,0,0,0,0,0,0,0,0,0,0,0,0,0,0,0,0,0,0,0,0,2,0,0,0,0,0,0,0.0,0.0,0.0,0.0,0.0,0.023255813953488372,0.023255813953488372,0.0,0.0,0.023255813953488372,0.0,0.0,0.0,0.0,0.0,16.4,19,0.0,0.0,0.4,0,0,0,0.0,0,0,0.046511627906976744,0.046511627906976744,0.0,0.0,0,2,5
python,python_149,0,0,0,0,0,0,0,0,0,1,1,1,0,0,0,0,0,0,0,0,0,0,1,0,0,0,0,0,0,0,1,0,0,0,0,1,0,0,0,0,0,0,0.0,0.0,0.01,0.0,0.0,0.02,0.01,0.0,0.0,0.01,0.0,0.02,0.0,0.02,0.0,19.2,24,0.0,0.0,0.4,0,0,0,0.0,0,0,0.03,0.0,0.01,0.0,1,2,5
python,python_160,0,0,0,0,0,0,0,0,0,1,1,0,0,0,0,0,0,0,0,0,0,1,0,0,0,0,0,0,0,0,1,0,0,0,0,1,0,0,0,0,0,0,0.0,0.0,0.007874015748031496,0.0,0.007874015748031496,0.015748031496062992,0.015748031496062992,0.0,0.0,0.031496062992125984,0.0,0.023622047244094488,0.0,0.015748031496062992,0.0,24.6,53,0.0,0.0,0.4,1,0,0,0.0,0,0,0.07874015748031496,0.007874015748031496,0.05511811023622047,0.007874015748031496,1,1,5
python,python_162,0,0,0,0,0,0,0,0,0,1,0,0,0,1,0,0,0,0,0,0,0,0,0,0,0,0,0,0,0,0,0,0,0,0,0,2,0,0,0,0,0,0,0.0,0.0,0.0,0.0,0.0,0.0,0.020833333333333332,0.0,0.0,0.020833333333333332,0.010416666666666666,0.020833333333333332,0.0,0.0,0.0,18.4,26,0.0,0.0,0.0,0,0,0,0.0,0,0,0.0625,0.03125,0.0,0.020833333333333332,0,0,5
python,python_163,0,0,0,0,0,0,0,0,0,0,0,0,0,0,0,0,0,0,0,0,1,0,0,0,0,0,0,0,0,0,0,0,0,0,0,0,0,0,0,0,0,0,0.0,0.0,0.012345679012345678,0.0,0.0,0.024691358024691357,0.037037037037037035,0.0,0.0,0.024691358024691357,0.0,0.0,0.0,0.0,0.0,19.5,25,0.0,0.0,0.5,0,0,0,0.0,0,0,0.06172839506172839,0.04938271604938271,0.0,0.012345679012345678,1,2,4
python,python_164,0,0,0,0,0,0,0,0,0,1,0,0,0,1,0,0,0,0,0,0,0,0,0,0,0,0,0,0,0,0,0,0,0,0,0,2,0,0,0,0,0,0,0.0,0.0,0.0,0.0,0.0,0.0,0.01,0.0,0.0,0.03,0.0,0.0,0.0,0.04,0.0,15.833333333333334,28,0.0,0.0,0.0,0,0,0,0.0,0,0,0.06,0.0,0.0,0.03,0,0,6
python,python_165,0,0,0,0,0,0,0,0,0,1,0,0,0,1,0,0,0,0,0,0,0,0,0,0,0,0,0,0,0,0,0,0,0,0,0,2,0,0,0,0,0,0,0.0,0.0,0.0,0.0,0.0,0.010752688172043012,0.010752688172043012,0.0,0.0,0.021505376344086023,0.0,0.0,0.0,0.021505376344086023,0.0,17.8,28,0.0,0.0,0.0,0,0,0,0.0,0,0,0.043010752688172046,0.0,0.043010752688172046,0.03225806451612903,0,0,5
python,python_168,0,0,0,0,0,0,0,0,0,1,1,0,0,0,0,0,0,0,0,0,0,0,1,0,0,0,0,0,0,0,1,0,0,0,0,2,0,0,0,0,0,0,0.0,0.0,0.009174311926605505,0.0,0.0,0.009174311926605505,0.009174311926605505,0.0,0.0,0.01834862385321101,0.0,0.009174311926605505,0.0,0.03669724770642202,0.0,17.333333333333332,26,0.0,0.0,0.3333333333333333,0,0,0,0.0,0,0,0.045871559633027525,0.0,0.027522935779816515,0.0,1,1,6
python,python_171,0,0,0,0,0,0,0,0,0,1,0,0,0,1,0,0,0,0,0,0,0,1,0,0,0,0,0,0,0,0,0,0,0,0,0,2,0,0,0,0,0,0,0.0,0.0,0.007142857142857143,0.0,0.007142857142857143,0.0,0.02142857142857143,0.0,0.0,0.02857142857142857,0.0,0.014285714285714285,0.0,0.014285714285714285,0.0,22.5,53,0.0,0.0,0.0,1,0,0,0.0,0,0,0.07142857142857142,0.007142857142857143,0.0,0.02857142857142857,1,0,6
python,python_172,0,0,0,0,0,0,0,0,0,1,1,1,0,0,0,0,0,0,0,0,0,1,0,0,0,0,0,0,0,0,1,0,0,0,0,2,0,0,0,0,0,0,0.0,0.0,0.006711409395973154,0.0,0.006711409395973154,0.020134228187919462,0.013422818791946308,0.0,0.0,0.020134228187919462,0.0,0.026845637583892617,0.0,0.0,0.0,24.0,53,0.0,0.0,0.3333333333333333,1,0,0,0.0,0,0,0.053691275167785234,0.006711409395973154,0.03355704697986577,0.006711409395973154,1,2,6
python,python_174,0,0,0,0,0,0,0,0,0,0,1,0,0,0,0,0,0,0,0,0,1,0,0,0,0,0,0,0,0,0,1,0,0,0,0,0,0,0,0,0,0,0,0.0,0.0,0.012345679012345678,0.0,0.0,0.012345679012345678,0.012345679012345678,0.0,0.0,0.024691358024691357,0.0,0.012345679012345678,0.0,0.024691358024691357,0.0,19.5,26,0.0,0.0,0.5,0,0,0,0.0,0,0,0.06172839506172839,0.0,0.037037037037037035,0.012345679012345678,1,1,4
python,python_178,0,0,0,0,0,0,0,0,0,1,1,0,0,0,0,0,0,0,0,0,0,0,0,0,0,0,0,0,0,0,1,0,0,0,0,2,0,0,0,0,0,0,0.0,0.0,0.0,0.0,0.0,0.012048192771084338,0.0,0.0,0.0,0.024096385542168676,0.0,0.012048192771084338,0.0,0.024096385542168676,0.0,15.8,26,0.0,0.0,0.4,0,0,0,0.0,0,0,0.04819277108433735,0.0,0.03614457831325301,0.0,0,1,5
python,python_180,0,0,0,0,0,0,0,0,0,1,0,0,0,0,0,0,0,0,0,0,0,0,0,0,0,0,0,0,0,0,0,0,0,0,0,2,0,0,0,0,0,0,0.0,0.0,0.0,0.0,0.0,0.034482758620689655,0.022988505747126436,0.0,0.0,0.022988505747126436,0.0,0.0,0.0,0.0,0.0,16.6,19,0.0,0.0,0.4,0,0,0,0.0,0,0,0.04597701149425287,0.04597701149425287,0.04597701149425287,0.0,0,2,5
python,python_184,0,0,0,0,0,0,0,0,0,1,0,0,0,1,0,0,0,0,0,0,0,0,0,0,0,0,0,0,0,0,0,0,0,0,0,1,0,0,0,0,0,0,0.0,0.0,0.0,0.0,0.0,0.0,0.011235955056179775,0.0,0.0,0.033707865168539325,0.0,0.0,0.0,0.0449438202247191,0.0,17.0,28,0.0,0.0,0.0,0,0,0,0.0,0,0,0.06741573033707865,0.0,0.0,0.033707865168539325,0,0,5
python,python_193,0,0,0,0,0,0,0,0,0,1,0,0,0,0,0,0,0,0,0,0,0,0,0,0,0,0,0,0,0,0,0,0,0,0,0,1,0,0,0,0,0,0,0.0,0.0,0.0,0.0,0.0,0.023255813953488372,0.023255813953488372,0.0,0.0,0.03488372093023256,0.0,0.0,0.0,0.023255813953488372,0.0,16.4,19,0.0,0.0,0.4,0,0,0,0.0,0,0,0.06976744186046512,0.046511627906976744,0.0,0.0,0,2,5
python,python_196,0,0,0,0,0,0,0,0,0,0,1,1,0,0,0,0,0,0,0,0,1,0,0,0,0,0,0,0,0,0,1,0,0,0,0,0,0,0,0,0,0,0,0.0,0.0,0.011235955056179775,0.0,0.0,0.02247191011235955,0.011235955056179775,0.0,0.0,0.011235955056179775,0.0,0.02247191011235955,0.0,0.0,0.0,21.5,25,0.0,0.0,0.5,0,0,0,0.0,0,0,0.033707865168539325,0.0,0.011235955056179775,0.011235955056179775,1,2,4
python,python_197,0,0,0,0,0,0,0,0,0,1,1,0,0,0,0,0,0,0,0,0,0,0,0,0,0,0,0,0,0,0,1,0,0,0,0,2,0,0,0,0,0,0,0.0,0.0,0.0,0.0,0.0,0.03296703296703297,0.0,0.0,0.0,0.02197802197802198,0.0,0.01098901098901099,0.0,0.02197802197802198,0.0,17.4,26,0.0,0.0,0.4,0,0,0,0.0,0,0,0.04395604395604396,0.0,0.12087912087912088,0.0,0,1,5
python,python_198,0,0,0,0,0,0,0,0,0,1,0,0,0,0,0,0,0,0,0,0,0,1,0,0,0,0,0,0,0,0,0,0,0,0,0,1,0,0,0,0,0,0,0.0,0.0,0.008130081300813009,0.0,0.008130081300813009,0.016260162601626018,0.032520325203252036,0.0,0.0,0.032520325203252036,0.0,0.016260162601626018,0.0,0.0,0.0,23.8,53,0.0,0.0,0.4,1,0,0,0.0,0,0,0.08130081300813008,0.04065040650406504,0.0,0.008130081300813009,1,2,5
python,python_199,0,0,0,0,0,0,0,0,0,1,1,0,0,0,0,0,0,0,0,0,0,1,0,0,0,0,0,0,0,0,1,0,0,0,0,2,0,0,0,0,0,0,0.0,0.0,0.009345794392523364,0.0,0.0,0.028037383177570093,0.009345794392523364,0.0,0.0,0.018691588785046728,0.0,0.009345794392523364,0.0,0.018691588785046728,0.0,17.0,26,0.0,0.0,0.3333333333333333,0,0,0,0.0,0,0,0.04672897196261682,0.018691588785046728,0.102803738317757,0.0,1,1,6
python,python_202,0,0,0,0,0,0,0,0,0,1,1,0,0,0,0,0,0,0,0,0,1,0,0,0,0,0,0,0,0,0,1,0,0,0,0,1,0,0,0,0,0,0,0.0,0.0,0.010101010101010102,0.0,0.0,0.020202020202020204,0.010101010101010102,0.0,0.0,0.020202020202020204,0.0,0.010101010101010102,0.0,0.020202020202020204,0.0,19.0,26,0.0,0.0,0.4,0,0,0,0.0,0,0,0.050505050505050504,0.0,0.0707070707070707,0.010101010101010102,1,1,5
python,python_203,0,0,0,0,0,0,0,0,0,1,0,0,0,1,0,0,0,0,0,0,0,1,0,0,0,0,0,0,0,0,0,0,0,0,0,1,0,0,0,0,0,0,0.0,0.0,0.00980392156862745,0.0,0.0,0.00980392156862745,0.029411764705882353,0.0,0.0,0.0196078431372549,0.00980392156862745,0.0196078431372549,0.0,0.0,0.0,19.6,26,0.0,0.0,0.0,0,0,0,0.0,0,0,0.06862745098039216,0.049019607843137254,0.0392156862745098,0.0196078431372549,1,0,5
python,python_207,0,0,0,0,0,0,0,0,0,1,1,0,0,0,0,0,0,0,0,0,0,0,0,0,0,0,0,0,0,0,1,0,0,0,0,1,0,0,0,0,0,0,0.0,0.0,0.0,0.0,0.0,0.012048192771084338,0.0,0.0,0.0,0.03614457831325301,0.0,0.012048192771084338,0.0,0.04819277108433735,0.0,15.8,26,0.0,0.0,0.4,0,0,0,0.0,0,0,0.07228915662650602,0.0,0.03614457831325301,0.0,0,1,5
python,python_215,0,0,0,0,0,0,0,0,0,1,0,0,0,1,0,0,0,0,0,0,0,0,1,0,0,0,0,0,0,0,0,0,0,0,0,1,0,0,0,0,0,0,0.0,0.0,0.010416666666666666,0.0,0.0,0.010416666666666666,0.020833333333333332,0.0,0.0,0.020833333333333332,0.0,0.0,0.0,0.041666666666666664,0.0,18.4,28,0.0,0.0,0.0,0,0,0,0.0,0,0,0.052083333333333336,0.0,0.041666666666666664,0.03125,1,0,5
python,python_216,0,0,0,0,0,0,0,0,0,0,1,1,0,0,0,0,0,0,0,0,0,1,0,0,0,0,0,0,0,0,1,0,0,0,0,0,0,0,0,0,0,0,0.0,0.0,0.012658227848101266,0.0,0.0,0.02531645569620253,0.012658227848101266,0.0,0.0,0.012658227848101266,0.0,0.02531645569620253,0.0,0.0,0.0,19.0,24,0.0,0.0,0.5,0,0,0,0.0,0,0,0.0379746835443038,0.02531645569620253,0.012658227848101266,0.0,1,2,4
python,python_221,0,0,0,0,0,0,0,0,0,1,1,1,0,0,0,0,0,0,0,0,0,1,0,0,0,0,0,0,0,0,1,0,0,0,0,1,0,0,0,0,0,0,0.0,0.0,0.007633587786259542,0.0,0.007633587786259542,0.015267175572519083,0.015267175572519083,0.0,0.0,0.022900763358778626,0.0,0.030534351145038167,0.0,0.0,0.0,25.4,53,0.0,0.0,0.4,1,0,0,0.0,0,0,0.061068702290076333,0.007633587786259542,0.007633587786259542,0.007633587786259542,1,2,5
python,python_223,0,0,0,0,0,0,0,0,0,0,0,0,0,1,0,0,0,0,0,0,0,0,0,0,0,0,0,0,0,0,0,0,0,0,0,0,0,0,0,0,0,0,0.0,0.0,0.0,0.0,0.0,0.0,0.013888888888888888,0.0,0.0,0.041666666666666664,0.0,0.0,0.0,0.05555555555555555,0.0,17.25,28,0.0,0.0,0.0,0,0,0,0.0,0,0,0.08333333333333333,0.0,0.0,0.041666666666666664,0,0,4
python,python_227,0,0,0,0,0,0,0,0,0,1,0,0,0,0,0,0,0,0,0,0,0,1,0,0,0,0,0,0,0,0,0,0,0,0,0,1,0,0,0,0,0,0,0.0,0.0,0.007936507936507936,0.0,0.007936507936507936,0.015873015873015872,0.031746031746031744,0.0,0.0,0.031746031746031744,0.0,0.015873015873015872,0.0,0.0,0.0,24.4,53,0.0,0.0,0.4,1,0,0,0.0,0,0,0.07936507936507936,0.03968253968253968,0.0,0.007936507936507936,1,2,5
python,python_231,0,0,0,0,0,0,0,0,0,1,0,0,0,0,0,0,0,0,0,0,0,0,0,0,0,0,0,0,0,0,0,0,0,0,0,2,0,0,0,0,0,0,0.0,0.0,0.0,0.0,0.0,0.024096385542168676,0.024096385542168676,0.0,0.0,0.024096385542168676,0.0,0.0,0.0,0.0,0.0,15.8,19,0.0,0.0,0.4,0,0,0,0.0,0,0,0.04819277108433735,0.04819277108433735,0.0,0.0,0,2,5
python,python_232,0,0,0,0,0,0,0,0,0,1,0,0,0,0,0,0,0,0,0,0,0,0,1,0,0,0,0,0,0,0,0,0,0,0,0,1,0,0,0,0,0,0,0.0,0.0,0.010869565217391304,0.0,0.0,0.021739130434782608,0.03260869565217391,0.0,0.0,0.021739130434782608,0.0,0.0,0.0,0.021739130434782608,0.0,17.6,19,0.0,0.0,0.4,0,0,0,0.0,0,0,0.05434782608695652,0.043478260869565216,0.0,0.0,1,2,5
python,python_236,0,0,0,0,0,0,0,0,0,1,0,0,0,1,0,0,0,0,0,0,1,0,0,0,0,0,0,0,0,0,0,0,0,0,0,1,0,0,0,0,0,0,0.0,0.0,0.00980392156862745,0.0,0.0,0.00980392156862745,0.0196078431372549,0.0,0.0,0.0196078431372549,0.0,0.0,0.0,0.0196078431372549,0.0,19.6,28,0.0,0.0,0.0,0,0,0,0.0,0,0,0.049019607843137254,0.0,0.0392156862745098,0.0392156862745098,1,0,5
python,python_238,0,0,0,0,0,0,0,0,0,1,0,0,0,0,0,0,0,0,0,0,0,0,1,0,0,0,0,0,0,0,0,0,0,0,0,1,0,0,0,0,0,0,0.0,0.0,0.010752688172043012,0.0,0.0,0.03225806451612903,0.03225806451612903,0.0,0.0,0.021505376344086023,0.0,0.0,0.0,0.021505376344086023,0.0,17.8,19,0.0,0.0,0.4,0,0,0,0.0,0,0,0.053763440860215055,0.043010752688172046,0.043010752688172046,0.0,1,2,5
python,python_240,0,0,0,0,0,0,0,0,0,1,0,0,0,1,0,0,0,0,0,0,0,0,0,0,0,0,0,0,0,0,0,0,0,0,0,2,0,0,0,0,0,0,0.0,0.0,0.0,0.0,0.0,0.01,0.02,0.0,0.0,0.02,0.01,0.02,0.0,0.0,0.0,19.2,26,0.0,0.0,0.0,0,0,0,0.0,0,0,0.06,0.03,0.04,0.02,0,0,5
python,python_248,0,0,0,0,0,0,0,0,0,1,1,0,0,0,0,0,0,0,0,0,0,1,0,0,0,0,0,0,0,0,1,0,0,0,0,1,0,0,0,0,0,0,0.0,0.0,0.011363636363636364,0.0,0.0,0.011363636363636364,0.011363636363636364,0.0,0.0,0.022727272727272728,0.0,0.011363636363636364,0.0,0.022727272727272728,0.0,16.8,26,0.0,0.0,0.4,0,0,0,0.0,0,0,0.056818181818181816,0.022727272727272728,0.03409090909090909,0.0,1,1,5
python,python_249,0,0,0,0,0,0,0,0,0,1,0,0,0,1,0,0,0,0,0,0,1,0,0,0,0,0,0,0,0,0,0,0,0,0,0,1,0,0,0,0,0,0,0.0,0.0,0.008928571428571428,0.0,0.0,0.008928571428571428,0.026785714285714284,0.0,0.0,0.017857142857142856,0.008928571428571428,0.017857142857142856,0.0,0.0,0.0,21.6,26,0.0,0.0,0.0,0,0,0,0.0,0,0,0.0625,0.026785714285714284,0.03571428571428571,0.026785714285714284,1,0,5
python,python_252,0,0,0,0,0,0,0,0,0,1,0,0,0,1,0,0,0,0,0,0,0,0,0,0,0,0,0,0,0,0,0,0,0,0,0,2,0,0,0,0,0,0,0.0,0.0,0.0,0.0,0.0,0.02127659574468085,0.010638297872340425,0.0,0.0,0.02127659574468085,0.0,0.0,0.0,0.02127659574468085,0.0,18.0,28,0.0,0.0,0.0,0,0,0,0.0,0,0,0.0425531914893617,0.0,0.0851063829787234,0.031914893617021274,0,0,5
python,python_258,0,0,0,0,0,0,0,0,0,0,0,0,0,1,0,0,0,0,0,0,0,1,0,0,0,0,0,0,0,0,0,0,0,0,0,0,0,0,0,0,0,0,0.0,0.0,0.011904761904761904,0.0,0.0,0.0,0.03571428571428571,0.0,0.0,0.023809523809523808,0.011904761904761904,0.023809523809523808,0.0,0.0,0.0,20.25,26,0.0,0.0,0.0,0,0,0,0.0,0,0,0.08333333333333333,0.05952380952380952,0.0,0.023809523809523808,1,0,4
python,python_259,0,0,0,0,0,0,0,0,0,1,0,0,0,1,0,0,0,0,0,0,0,1,0,0,0,0,0,0,0,0,0,0,0,0,0,1,0,0,0,0,0,0,0.0,0.0,0.010869565217391304,0.0,0.0,0.010869565217391304,0.021739130434782608,0.0,0.0,0.021739130434782608,0.0,0.0,0.0,0.021739130434782608,0.0,17.6,28,0.0,0.0,0.0,0,0,0,0.0,0,0,0.05434782608695652,0.021739130434782608,0.043478260869565216,0.03260869565217391,1,0,5
python,python_262,0,0,0,0,0,0,0,0,0,1,1,1,0,0,0,0,0,0,0,0,1,0,0,0,0,0,0,0,0,0,1,0,0,0,0,1,0,0,0,0,0,0,0.0,0.0,0.009345794392523364,0.0,0.0,0.028037383177570093,0.009345794392523364,0.0,0.0,0.009345794392523364,0.0,0.018691588785046728,0.0,0.0,0.0,20.6,25,0.0,0.0,0.4,0,0,0,0.0,0,0,0.028037383177570093,0.0,0.04672897196261682,0.009345794392523364,1,2,5
python,python_264,0,0,0,0,0,0,0,0,0,1,1,1,0,0,0,0,0,0,0,0,0,1,0,0,0,0,0,0,0,0,1,0,0,0,0,1,0,0,0,0,0,0,0.0,0.0,0.010416666666666666,0.0,0.0,0.020833333333333332,0.010416666666666666,0.0,0.0,0.010416666666666666,0.0,0.020833333333333332,0.0,0.0,0.0,18.4,24,0.0,0.0,0.4,0,0,0,0.0,0,0,0.03125,0.020833333333333332,0.010416666666666666,0.0,1,2,5
python,python_265,0,0,0,0,0,0,0,0,0,1,0,0,0,1,0,0,0,0,0,0,0,1,0,0,0,0,0,0,0,0,0,0,0,0,0,1,0,0,0,0,0,0,0.0,0.0,0.007692307692307693,0.0,0.007692307692307693,0.007692307692307693,0.023076923076923078,0.0,0.0,0.03076923076923077,0.0,0.015384615384615385,0.0,0.015384615384615385,0.0,25.2,53,0.0,0.0,0.0,1,0,0,0.0,0,0,0.07692307692307693,0.007692307692307693,0.03076923076923077,0.03076923076923077,1,0,5
python,python_266,0,0,0,0,0,0,0,0,0,1,0,0,0,1,0,0,0,0,0,0,1,0,0,0,0,0,0,0,0,0,0,0,0,0,0,1,0,0,0,0,0,0,0.0,0.0,0.01020408163265306,0.0,0.0,0.0,0.02040816326530612,0.0,0.0,0.02040816326530612,0.0,0.0,0.0,0.02040816326530612,0.0,18.8,28,0.0,0.0,0.0,0,0,0,0.0,0,0,0.05102040816326531,0.0,0.0,0.04081632653061224,1,0,5
python,python_270,0,0,0,0,0,0,0,0,0,0,0,0,0,1,0,0,0,0,0,0,0,0,0,0,0,0,0,0,0,0,0,0,0,0,0,0,0,0,0,0,0,0,0.0,0.0,0.0,0.0,0.0,0.0,0.024390243902439025,0.0,0.0,0.036585365853658534,0.012195121951219513,0.024390243902439025,0.0,0.024390243902439025,0.0,19.75,26,0.0,0.0,0.0,0,0,0,0.0,0,0,0.0975609756097561,0.036585365853658534,0.0,0.024390243902439025,0,0,4
python,python_273,0,0,0,0,0,0,0,0,0,1,0,0,0,0,0,0,0,0,0,0,0,0,0,0,0,0,0,0,0,0,0,0,0,0,0,1,0,0,0,0,0,0,0.0,0.0,0.0,0.0,0.0,0.034482758620689655,0.022988505747126436,0.0,0.0,0.034482758620689655,0.0,0.0,0.0,0.022988505747126436,0.0,16.6,19,0.0,0.0,0.4,0,0,0,0.0,0,0,0.06896551724137931,0.04597701149425287,0.04597701149425287,0.0,0,2,5
python,python_275,0,0,0,0,0,0,0,0,0,1,0,0,0,1,0,0,0,0,0,0,0,0,0,0,0,0,0,0,0,0,0,0,0,0,0,1,0,0,0,0,0,0,0.0,0.0,0.0,0.0,0.0,0.01,0.02,0.0,0.0,0.03,0.01,0.02,0.0,0.02,0.0,19.2,26,0.0,0.0,0.0,0,0,0,0.0,0,0,0.08,0.03,0.04,0.02,0,0,5
python,python_276,0,0,0,0,0,0,0,0,0,1,1,1,0,0,0,0,0,0,0,0,0,1,0,0,0,0,0,0,0,0,1,0,0,0,0,1,0,0,0,0,0,0,0.0,0.0,0.007407407407407408,0.0,0.007407407407407408,0.022222222222222223,0.014814814814814815,0.0,0.0,0.022222222222222223,0.0,0.02962962962962963,0.0,0.0,0.0,26.2,53,0.0,0.0,0.4,1,0,0,0.0,0,0,0.05925925925925926,0.007407407407407408,0.037037037037037035,0.007407407407407408,1,2,5
python,python_283,0,0,0,0,0,0,0,0,0,0,1,1,0,0,0,0,0,0,0,0,0,1,0,0,0,0,0,0,0,0,1,0,0,0,0,0,0,0,0,0,0,0,0.0,0.0,0.008547008547008548,0.0,0.008547008547008548,0.017094017094017096,0.017094017094017096,0.0,0.0,0.02564102564102564,0.0,0.03418803418803419,0.0,0.0,0.0,28.5,53,0.0,0.0,0.5,1,0,0,0.0,0,0,0.06837606837606838,0.008547008547008548,0.008547008547008548,0.008547008547008548,1,2,4
python,python_284,0,0,0,0,0,0,0,0,0,1,1,1,0,0,0,0,0,0,0,0,0,0,1,0,0,0,0,0,0,0,1,0,0,0,0,2,0,0,0,0,0,0,0.0,0.0,0.008771929824561403,0.0,0.0,0.017543859649122806,0.008771929824561403,0.0,0.0,0.008771929824561403,0.0,0.017543859649122806,0.0,0.017543859649122806,0.0,18.166666666666668,24,0.0,0.0,0.3333333333333333,0,0,0,0.0,0,0,0.02631578947368421,0.0,0.008771929824561403,0.0,1,2,6
python,python_289,0,0,0,0,0,0,0,0,0,1,0,0,0,1,0,0,0,0,0,0,0,0,1,0,0,0,0,0,0,0,0,0,0,0,0,1,0,0,0,0,0,0,0.0,0.0,0.009523809523809525,0.0,0.0,0.0,0.02857142857142857,0.0,0.0,0.01904761904761905,0.009523809523809525,0.01904761904761905,0.0,0.01904761904761905,0.0,20.2,26,0.0,0.0,0.0,0,0,0,0.0,0,0,0.06666666666666667,0.02857142857142857,0.0,0.01904761904761905,1,0,5
python,python_291,0,0,0,0,0,0,0,0,0,1,0,0,0,0,0,0,0,0,0,0,0,0,0,0,0,0,0,0,0,0,0,0,0,0,0,2,0,0,0,0,0,0,0.0,0.0,0.0,0.0,0.0,0.0297029702970297,0.019801980198019802,0.0,0.0,0.0297029702970297,0.0,0.0,0.0,0.019801980198019802,0.0,16.0,19,0.0,0.0,0.3333333333333333,0,0,0,0.0,0,0,0.0594059405940594,0.039603960396039604,0.039603960396039604,0.0,0,2,6
python,python_292,0,0,0,0,0,0,0,0,0,1,1,0,0,0,0,0,0,0,0,0,0,0,0,0,0,0,0,0,0,0,1,0,0,0,0,2,0,0,0,0,0,0,0.0,0.0,0.0,0.0,0.0,0.022988505747126436,0.0,0.0,0.0,0.022988505747126436,0.0,0.011494252873563218,0.0,0.022988505747126436,0.0,16.6,26,0.0,0.0,0.4,0,0,0,0.0,0,0,0.04597701149425287,0.0,0.08045977011494253,0.0,0,1,5
python,python_293,0,0,0,0,0,0,0,0,0,0,0,0,0,1,0,0,0,0,0,0,0,1,0,0,0,0,0,0,0,0,0,0,0,0,0,0,0,0,0,0,0,0,0.0,0.0,0.00819672131147541,0.0,0.00819672131147541,0.0,0.03278688524590164,0.0,0.0,0.03278688524590164,0.00819672131147541,0.03278688524590164,0.0,0.0,0.0,29.75,53,0.0,0.0,0.0,1,0,0,0.0,0,0,0.09836065573770492,0.03278688524590164,0.0,0.02459016393442623,1,0,4
python,python_296,0,0,0,0,0,0,0,0,0,0,1,1,0,0,0,0,0,0,0,0,0,0,1,0,0,0,0,0,0,0,1,0,0,0,0,0,0,0,0,0,0,0,0.0,0.0,0.012048192771084338,0.0,0.0,0.024096385542168676,0.012048192771084338,0.0,0.0,0.012048192771084338,0.0,0.024096385542168676,0.0,0.024096385542168676,0.0,20.0,24,0.0,0.0,0.5,0,0,0,0.0,0,0,0.03614457831325301,0.0,0.012048192771084338,0.0,1,2,4
python,python_304,0,0,0,0,0,0,0,0,0,1,0,0,0,1,0,0,0,0,0,0,0,0,1,0,0,0,0,0,0,0,0,0,0,0,0,1,0,0,0,0,0,0,0.0,0.0,0.009433962264150943,0.0,0.0,0.009433962264150943,0.02830188679245283,0.0,0.0,0.018867924528301886,0.009433962264150943,0.018867924528301886,0.0,0.018867924528301886,0.0,20.4,26,0.0,0.0,0.0,0,0,0,0.0,0,0,0.0660377358490566,0.02830188679245283,0.03773584905660377,0.018867924528301886,1,0,5
python,python_306,0,0,0,0,0,0,0,0,0,1,0,0,0,1,0,0,0,0,0,0,0,1,0,0,0,0,0,0,0,0,0,0,0,0,0,2,0,0,0,0,0,0,0.0,0.0,0.006993006993006993,0.0,0.006993006993006993,0.0,0.02097902097902098,0.0,0.0,0.027972027972027972,0.0,0.013986013986013986,0.0,0.013986013986013986,0.0,23.0,53,0.0,0.0,0.0,1,0,0,0.0,0,0,0.06993006993006994,0.006993006993006993,0.0,0.027972027972027972,1,0,6
python,python_313,0,0,0,0,0,0,0,0,0,1,0,0,0,1,0,0,0,0,0,0,0,0,1,0,0,0,0,0,0,0,0,0,0,0,0,2,0,0,0,0,0,0,0.0,0.0,0.008403361344537815,0.0,0.0,0.0,0.025210084033613446,0.0,0.0,0.01680672268907563,0.008403361344537815,0.01680672268907563,0.0,0.01680672268907563,0.0,19.0,26,0.0,0.0,0.0,0,0,0,0.0,0,0,0.058823529411764705,0.025210084033613446,0.0,0.01680672268907563,1,0,6
python,python_317,0,0,0,0,0,0,0,0,0,0,0,0,0,1,0,0,0,0,0,0,0,0,1,0,0,0,0,0,0,0,0,0,0,0,0,0,0,0,0,0,0,0,0.0,0.0,0.011363636363636364,0.0,0.0,0.0,0.03409090909090909,0.0,0.0,0.022727272727272728,0.011363636363636364,0.022727272727272728,0.0,0.022727272727272728,0.0,21.25,26,0.0,0.0,0.0,0,0,0,0.0,0,0,0.07954545454545454,0.03409090909090909,0.0,0.022727272727272728,1,0,4
python,python_324,0,0,0,0,0,0,0,0,0,1,1,1,0,0,0,0,0,0,0,0,0,0,1,0,0,0,0,0,0,0,1,0,0,0,0,1,0,0,0,0,0,0,0.0,0.0,0.010309278350515464,0.0,0.0,0.020618556701030927,0.010309278350515464,0.0,0.0,0.010309278350515464,0.0,0.020618556701030927,0.0,0.020618556701030927,0.0,18.6,24,0.0,0.0,0.4,0,0,0,0.0,0,0,0.030927835051546393,0.0,0.010309278350515464,0.0,1,2,5
python,python_331,0,0,0,0,0,0,0,0,0,1,0,0,0,1,0,0,0,0,0,0,0,0,0,0,0,0,0,0,0,0,0,0,0,0,0,1,0,0,0,0,0,0,0.0,0.0,0.0,0.0,0.0,0.011111111111111112,0.011111111111111112,0.0,0.0,0.03333333333333333,0.0,0.0,0.0,0.044444444444444446,0.0,17.2,28,0.0,0.0,0.0,0,0,0,0.0,0,0,0.06666666666666667,0.0,0.044444444444444446,0.03333333333333333,0,0,5
python,python_341,0,0,0,0,0,0,0,0,0,1,0,0,0,1,0,0,0,0,0,0,0,1,0,0,0,0,0,0,0,0,0,0,0,0,0,2,0,0,0,0,0,0,0.0,0.0,0.00684931506849315,0.0,0.00684931506849315,0.0,0.02054794520547945,0.0,0.0,0.0273972602739726,0.0,0.0136986301369863,0.0,0.0136986301369863,0.0,23.5,53,0.0,0.0,0.0,1,0,0,0.0,0,0,0.0684931506849315,0.00684931506849315,0.0,0.0273972602739726,1,0,6
python,python_350,0,0,0,0,0,0,0,0,0,0,0,0,0,1,0,0,0,0,0,0,1,0,0,0,0,0,0,0,0,0,0,0,0,0,0,0,0,0,0,0,0,0,0.0,0.0,0.010638297872340425,0.0,0.0,0.0,0.031914893617021274,0.0,0.0,0.02127659574468085,0.010638297872340425,0.02127659574468085,0.0,0.0,0.0,22.75,26,0.0,0.0,0.0,0,0,0,0.0,0,0,0.07446808510638298,0.031914893617021274,0.0,0.031914893617021274,1,0,4
python,python_353,0,0,0,0,0,0,0,0,0,0,0,0,0,1,0,0,0,0,0,0,0,1,0,0,0,0,0,0,0,0,0,0,0,0,0,0,0,0,0,0,0,0,0.0,0.0,0.008928571428571428,0.0,0.008928571428571428,0.0,0.026785714285714284,0.0,0.0,0.03571428571428571,0.0,0.017857142857142856,0.0,0.017857142857142856,0.0,27.25,53,0.0,0.0,0.0,1,0,0,0.0,0,0,0.08928571428571429,0.008928571428571428,0.0,0.03571428571428571,1,0,4
python,python_355,0,0,0,0,0,0,0,0,0,1,0,0,0,1,0,0,0,0,0,0,0,1,0,0,0,0,0,0,0,0,0,0,0,0,0,1,0,0,0,0,0,0,0.0,0.0,0.009900990099009901,0.0,0.0,0.0,0.0297029702970297,0.0,0.0,0.019801980198019802,0.009900990099009901,0.019801980198019802,0.0,0.0,0.0,19.4,26,0.0,0.0,0.0,0,0,0,0.0,0,0,0.06930693069306931,0.04950495049504951,0.0,0.019801980198019802,1,0,5
python,python_359,0,0,0,0,0,0,0,0,0,1,1,1,0,0,0,0,0,0,0,0,0,0,1,0,0,0,0,0,0,0,1,0,0,0,0,1,0,0,0,0,0,0,0.0,0.0,0.01,0.0,0.0,0.02,0.01,0.0,0.0,0.01,0.0,0.02,0.0,0.02,0.0,19.2,24,0.0,0.0,0.4,0,0,0,0.0,0,0,0.03,0.0,0.01,0.0,1,2,5
python,python_365,0,0,0,0,0,0,0,0,0,1,0,0,0,0,0,0,0,0,0,0,1,0,0,0,0,0,0,0,0,0,0,0,0,0,0,2,0,0,0,0,0,0,0.0,0.0,0.008547008547008548,0.0,0.0,0.03418803418803419,0.02564102564102564,0.0,0.0,0.017094017094017096,0.0,0.0,0.0,0.0,0.0,18.666666666666668,25,0.0,0.0,0.3333333333333333,0,0,0,0.0,0,0,0.042735042735042736,0.03418803418803419,0.06837606837606838,0.008547008547008548,1,2,6
python,python_370,0,0,0,0,0,0,0,0,0,1,1,1,0,0,0,0,0,0,0,0,0,0,1,0,0,0,0,0,0,0,1,0,0,0,0,1,0,0,0,0,0,0,0.0,0.0,0.010309278350515464,0.0,0.0,0.020618556701030927,0.010309278350515464,0.0,0.0,0.010309278350515464,0.0,0.020618556701030927,0.0,0.020618556701030927,0.0,18.6,24,0.0,0.0,0.4,0,0,0,0.0,0,0,0.030927835051546393,0.0,0.010309278350515464,0.0,1,2,5
python,python_377,0,0,0,0,0,0,0,0,0,1,1,0,0,0,0,0,0,0,0,0,0,0,1,0,0,0,0,0,0,0,1,0,0,0,0,1,0,0,0,0,0,0,0.0,0.0,0.010752688172043012,0.0,0.0,0.021505376344086023,0.010752688172043012,0.0,0.0,0.021505376344086023,0.0,0.010752688172043012,0.0,0.043010752688172046,0.0,17.8,26,0.0,0.0,0.4,0,0,0,0.0,0,0,0.053763440860215055,0.0,0.07526881720430108,0.0,1,1,5
python,python_383,0,0,0,0,0,0,0,0,0,1,1,1,0,0,0,0,0,0,0,0,0,0,0,0,0,0,0,0,0,0,1,0,0,0,0,2,0,0,0,0,0,0,0.0,0.0,0.0,0.0,0.0,0.031578947368421054,0.0,0.0,0.0,0.010526315789473684,0.0,0.021052631578947368,0.0,0.0,0.0,18.2,24,0.0,0.0,0.4,0,0,0,0.0,0,0,0.021052631578947368,0.0,0.05263157894736842,0.0,0,2,5
python,python_388,0,0,0,0,0,0,0,0,0,1,0,0,0,1,0,0,0,0,0,0,1,0,0,0,0,0,0,0,0,0,0,0,0,0,0,2,0,0,0,0,0,0,0.0,0.0,0.008620689655172414,0.0,0.0,0.008620689655172414,0.017241379310344827,0.0,0.0,0.017241379310344827,0.0,0.0,0.0,0.017241379310344827,0.0,18.5,28,0.0,0.0,0.0,0,0,0,0.0,0,0,0.04310344827586207,0.0,0.034482758620689655,0.034482758620689655,1,0,6
python,python_389,0,0,0,0,0,0,0,0,0,1,0,0,0,1,0,0,0,0,0,0,0,1,0,0,0,0,0,0,0,0,0,0,0,0,0,1,0,0,0,0,0,0,0.0,0.0,0.007352941176470588,0.0,0.007352941176470588,0.0,0.029411764705882353,0.0,0.0,0.029411764705882353,0.007352941176470588,0.029411764705882353,0.0,0.0,0.0,26.4,53,0.0,0.0,0.0,1,0,0,0.0,0,0,0.08823529411764706,0.029411764705882353,0.0,0.022058823529411766,1,0,5
python,python_395,0,0,0,0,0,0,0,0,0,1,1,1,0,0,0,0,0,0,0,0,0,0,0,0,0,0,0,0,0,0,1,0,0,0,0,2,0,0,0,0,0,0,0.0,0.0,0.0,0.0,0.0,0.027522935779816515,0.0,0.0,0.0,0.01834862385321101,0.0,0.01834862385321101,0.0,0.01834862385321101,0.0,17.333333333333332,24,0.0,0.0,0.3333333333333333,0,0,0,0.0,0,0,0.03669724770642202,0.0,0.045871559633027525,0.0,0,2,6
python,python_398,0,0,0,0,0,0,0,0,0,1,1,1,0,0,0,0,0,0,0,0,0,0,1,0,0,0,0,0,0,0,1,0,0,0,0,1,0,0,0,0,0,0,0.0,0.0,0.009900990099009901,0.0,0.0,0.0297029702970297,0.009900990099009901,0.0,0.0,0.009900990099009901,0.0,0.019801980198019802,0.0,0.019801980198019802,0.0,19.4,24,0.0,0.0,0.4,0,0,0,0.0,0,0,0.0297029702970297,0.0,0.04950495049504951,0.0,1,2,5
python,python_408,0,0,0,0,0,0,0,0,0,0,1,0,0,0,0,0,0,0,0,0,0,1,0,0,0,0,0,0,0,0,1,0,0,0,0,0,0,0,0,0,0,0,0.0,0.0,0.009174311926605505,0.0,0.009174311926605505,0.009174311926605505,0.01834862385321101,0.0,0.0,0.03669724770642202,0.0,0.027522935779816515,0.0,0.01834862385321101,0.0,26.5,53,0.0,0.0,0.5,1,0,0,0.0,0,0,0.09174311926605505,0.009174311926605505,0.027522935779816515,0.009174311926605505,1,1,4
python,python_412,0,0,0,0,0,0,0,0,0,1,0,0,0,0,0,0,0,0,0,0,0,1,0,0,0,0,0,0,0,0,0,0,0,0,0,1,0,0,0,0,0,0,0.0,0.0,0.011363636363636364,0.0,0.0,0.022727272727272728,0.03409090909090909,0.0,0.0,0.022727272727272728,0.0,0.0,0.0,0.0,0.0,16.8,19,0.0,0.0,0.4,0,0,0,0.0,0,0,0.056818181818181816,0.06818181818181818,0.0,0.0,1,2,5
python,python_422,0,0,0,0,0,0,0,0,0,1,0,0,0,1,0,0,0,0,0,0,0,0,0,0,0,0,0,0,0,0,0,0,0,0,0,2,0,0,0,0,0,0,0.0,0.0,0.0,0.0,0.0,0.0,0.0196078431372549,0.0,0.0,0.0196078431372549,0.00980392156862745,0.0196078431372549,0.0,0.0,0.0,19.6,26,0.0,0.0,0.0,0,0,0,0.0,0,0,0.058823529411764705,0.029411764705882353,0.0,0.0196078431372549,0,0,5
python,python_424,0,0,0,0,0,0,0,0,0,1,0,0,0,1,0,0,0,0,0,0,0,0,0,0,0,0,0,0,0,0,0,0,0,0,0,1,0,0,0,0,0,0,0.0,0.0,0.0,0.0,0.0,0.011111111111111112,0.011111111111111112,0.0,0.0,0.03333333333333333,0.0,0.0,0.0,0.044444444444444446,0.0,17.2,28,0.0,0.0,0.0,0,0,0,0.0,0,0,0.06666666666666667,0.0,0.044444444444444446,0.03333333333333333,0,0,5
python,python_445,0,0,0,0,0,0,0,0,0,1,0,0,0,1,0,0,0,0,0,0,0,0,0,0,0,0,0,0,0,0,0,0,0,0,0,2,0,0,0,0,0,0,0.0,0.0,0.0,0.0,0.0,0.019230769230769232,0.019230769230769232,0.0,0.0,0.019230769230769232,0.009615384615384616,0.019230769230769232,0.0,0.0,0.0,20.0,26,0.0,0.0,0.0,0,0,0,0.0,0,0,0.057692307692307696,0.028846153846153848,0.07692307692307693,0.019230769230769232,0,0,5
python,python_449,0,0,0,0,0,0,0,0,0,1,1,0,0,0,0,0,0,0,0,0,0,0,0,0,0,0,0,0,0,0,1,0,0,0,0,2,0,0,0,0,0,0,0.0,0.0,0.0,0.0,0.0,0.011627906976744186,0.0,0.0,0.0,0.023255813953488372,0.0,0.011627906976744186,0.0,0.023255813953488372,0.0,16.4,26,0.0,0.0,0.4,0,0,0,0.0,0,0,0.046511627906976744,0.0,0.03488372093023256,0.0,0,1,5
python,python_452,0,0,0,0,0,0,0,0,0,1,1,1,0,0,0,0,0,0,0,0,1,0,0,0,0,0,0,0,0,0,1,0,0,0,0,1,0,0,0,0,0,0,0.0,0.0,0.009345794392523364,0.0,0.0,0.028037383177570093,0.009345794392523364,0.0,0.0,0.009345794392523364,0.0,0.018691588785046728,0.0,0.0,0.0,20.6,25,0.0,0.0,0.4,0,0,0,0.0,0,0,0.028037383177570093,0.0,0.04672897196261682,0.009345794392523364,1,2,5
python,python_456,0,0,0,0,0,0,0,0,0,1,0,0,0,1,0,0,0,0,0,0,0,1,0,0,0,0,0,0,0,0,0,0,0,0,0,1,0,0,0,0,0,0,0.0,0.0,0.00980392156862745,0.0,0.0,0.00980392156862745,0.029411764705882353,0.0,0.0,0.0196078431372549,0.00980392156862745,0.0196078431372549,0.0,0.0,0.0,19.6,26,0.0,0.0,0.0,0,0,0,0.0,0,0,0.06862745098039216,0.049019607843137254,0.0392156862745098,0.0196078431372549,1,0,5
python,python_467,0,0,0,0,0,0,0,0,0,1,1,1,0,0,0,0,0,0,0,0,0,1,0,0,0,0,0,0,0,0,1,0,0,0,0,1,0,0,0,0,0,0,0.0,0.0,0.010309278350515464,0.0,0.0,0.030927835051546393,0.010309278350515464,0.0,0.0,0.010309278350515464,0.0,0.020618556701030927,0.0,0.0,0.0,18.6,24,0.0,0.0,0.4,0,0,0,0.0,0,0,0.030927835051546393,0.020618556701030927,0.05154639175257732,0.0,1,2,5
python,python_468,0,0,0,0,0,0,0,0,0,1,0,0,0,0,0,0,0,0,0,0,0,0,0,0,0,0,0,0,0,0,0,0,0,0,0,2,0,0,0,0,0,0,0.0,0.0,0.0,0.0,0.0,0.02,0.02,0.0,0.0,0.03,0.0,0.0,0.0,0.02,0.0,15.833333333333334,19,0.0,0.0,0.3333333333333333,0,0,0,0.0,0,0,0.06,0.04,0.0,0.0,0,2,6
python,python_475,0,0,0,0,0,0,0,0,0,1,1,1,0,0,0,0,0,0,0,0,1,0,0,0,0,0,0,0,0,0,1,0,0,0,0,2,0,0,0,0,0,0,0.0,0.0,0.008547008547008548,0.0,0.0,0.017094017094017096,0.008547008547008548,0.0,0.0,0.008547008547008548,0.0,0.017094017094017096,0.0,0.0,0.0,18.666666666666668,25,0.0,0.0,0.3333333333333333,0,0,0,0.0,0,0,0.02564102564102564,0.0,0.008547008547008548,0.008547008547008548,1,2,6
python,python_478,0,0,0,0,0,0,0,0,0,1,1,1,0,0,0,0,0,0,0,0,0,1,0,0,0,0,0,0,0,0,1,0,0,0,0,2,0,0,0,0,0,0,0.0,0.0,0.006535947712418301,0.0,0.006535947712418301,0.026143790849673203,0.013071895424836602,0.0,0.0,0.0196078431372549,0.0,0.026143790849673203,0.0,0.0,0.0,24.666666666666668,53,0.0,0.0,0.3333333333333333,1,0,0,0.0,0,0,0.05228758169934641,0.006535947712418301,0.058823529411764705,0.006535947712418301,1,2,6
python,python_479,0,0,0,0,0,0,0,0,0,1,0,0,0,0,0,0,0,0,0,0,0,0,0,0,0,0,0,0,0,0,0,0,0,0,0,2,0,0,0,0,0,0,0.0,0.0,0.0,0.0,0.0,0.023255813953488372,0.023255813953488372,0.0,0.0,0.023255813953488372,0.0,0.0,0.0,0.0,0.0,16.4,19,0.0,0.0,0.4,0,0,0,0.0,0,0,0.046511627906976744,0.046511627906976744,0.0,0.0,0,2,5
python,python_484,0,0,0,0,0,0,0,0,0,1,1,1,0,0,0,0,0,0,0,0,1,0,0,0,0,0,0,0,0,0,1,0,0,0,0,2,0,0,0,0,0,0,0.0,0.0,0.008064516129032258,0.0,0.0,0.024193548387096774,0.008064516129032258,0.0,0.0,0.008064516129032258,0.0,0.016129032258064516,0.0,0.0,0.0,19.833333333333332,25,0.0,0.0,0.3333333333333333,0,0,0,0.0,0,0,0.024193548387096774,0.0,0.04032258064516129,0.008064516129032258,1,2,6
python,python_486,0,0,0,0,0,0,0,0,0,1,0,0,0,1,0,0,0,0,0,0,0,1,0,0,0,0,0,0,0,0,0,0,0,0,0,2,0,0,0,0,0,0,0.0,0.0,0.008620689655172414,0.0,0.0,0.008620689655172414,0.02586206896551724,0.0,0.0,0.017241379310344827,0.008620689655172414,0.017241379310344827,0.0,0.0,0.0,18.5,26,0.0,0.0,0.0,0,0,0,0.0,0,0,0.0603448275862069,0.04310344827586207,0.034482758620689655,0.017241379310344827,1,0,6
python,python_488,0,0,0,0,0,0,0,0,0,1,0,0,0,1,0,0,0,0,0,0,1,0,0,0,0,0,0,0,0,0,0,0,0,0,0,2,0,0,0,0,0,0,0.0,0.0,0.008928571428571428,0.0,0.0,0.0,0.017857142857142856,0.0,0.0,0.017857142857142856,0.0,0.0,0.0,0.017857142857142856,0.0,17.833333333333332,28,0.0,0.0,0.0,0,0,0,0.0,0,0,0.044642857142857144,0.0,0.0,0.03571428571428571,1,0,6
python,python_489,0,0,0,0,0,0,0,0,0,1,0,0,0,1,0,0,0,0,0,0,0,0,1,0,0,0,0,0,0,0,0,0,0,0,0,1,0,0,0,0,0,0,0.0,0.0,0.010526315789473684,0.0,0.0,0.0,0.021052631578947368,0.0,0.0,0.021052631578947368,0.0,0.0,0.0,0.042105263157894736,0.0,18.2,28,0.0,0.0,0.0,0,0,0,0.0,0,0,0.05263157894736842,0.0,0.0,0.031578947368421054,1,0,5
python,python_490,0,0,0,0,0,0,0,0,0,1,1,0,0,0,0,0,0,0,0,0,0,0,1,0,0,0,0,0,0,0,1,0,0,0,0,1,0,0,0,0,0,0,0.0,0.0,0.010869565217391304,0.0,0.0,0.010869565217391304,0.010869565217391304,0.0,0.0,0.021739130434782608,0.0,0.010869565217391304,0.0,0.043478260869565216,0.0,17.6,26,0.0,0.0,0.4,0,0,0,0.0,0,0,0.05434782608695652,0.0,0.03260869565217391,0.0,1,1,5
python,python_491,0,0,0,0,0,0,0,0,0,1,0,0,0,1,0,0,0,0,0,0,0,1,0,0,0,0,0,0,0,0,0,0,0,0,0,2,0,0,0,0,0,0,0.0,0.0,0.009174311926605505,0.0,0.0,0.009174311926605505,0.01834862385321101,0.0,0.0,0.01834862385321101,0.0,0.0,0.0,0.01834862385321101,0.0,17.333333333333332,28,0.0,0.0,0.0,0,0,0,0.0,0,0,0.045871559633027525,0.01834862385321101,0.03669724770642202,0.027522935779816515,1,0,6
python,python_494,0,0,0,0,0,0,0,0,0,1,1,1,0,0,0,0,0,0,0,0,0,0,0,0,0,0,0,0,0,0,1,0,0,0,0,1,0,0,0,0,0,0,0.0,0.0,0.0,0.0,0.0,0.02127659574468085,0.0,0.0,0.0,0.02127659574468085,0.0,0.02127659574468085,0.0,0.02127659574468085,0.0,18.0,24,0.0,0.0,0.4,0,0,0,0.0,0,0,0.0425531914893617,0.0,0.010638297872340425,0.0,0,2,5
python,python_495,0,0,0,0,0,0,0,0,0,1,0,0,0,0,0,0,0,0,0,0,0,0,0,0,0,0,0,0,0,0,0,0,0,0,0,2,0,0,0,0,0,0,0.0,0.0,0.0,0.0,0.0,0.034482758620689655,0.022988505747126436,0.0,0.0,0.022988505747126436,0.0,0.0,0.0,0.0,0.0,16.6,19,0.0,0.0,0.4,0,0,0,0.0,0,0,0.04597701149425287,0.04597701149425287,0.04597701149425287,0.0,0,2,5
python,python_497,0,0,0,0,0,0,0,0,0,1,1,1,0,0,0,0,0,0,0,0,0,0,0,0,0,0,0,0,0,0,1,0,0,0,0,1,0,0,0,0,0,0,0.0,0.0,0.0,0.0,0.0,0.02197802197802198,0.0,0.0,0.0,0.02197802197802198,0.0,0.02197802197802198,0.0,0.02197802197802198,0.0,17.4,24,0.0,0.0,0.4,0,0,0,0.0,0,0,0.04395604395604396,0.0,0.01098901098901099,0.0,0,2,5
python,python_498,0,0,0,0,0,0,0,0,0,1,1,1,0,0,0,0,0,0,0,0,0,0,0,0,0,0,0,0,0,0,1,0,0,0,0,2,0,0,0,0,0,0,0.0,0.0,0.0,0.0,0.0,0.02197802197802198,0.0,0.0,0.0,0.01098901098901099,0.0,0.02197802197802198,0.0,0.0,0.0,17.4,24,0.0,0.0,0.4,0,0,0,0.0,0,0,0.02197802197802198,0.0,0.01098901098901099,0.0,0,2,5
python,python_505,0,0,0,0,0,0,0,0,0,1,1,0,0,0,0,0,0,0,0,0,0,0,0,0,0,0,0,0,0,0,1,0,0,0,0,2,0,0,0,0,0,0,0.0,0.0,0.0,0.0,0.0,0.009708737864077669,0.0,0.0,0.0,0.02912621359223301,0.0,0.009708737864077669,0.0,0.038834951456310676,0.0,16.333333333333332,26,0.0,0.0,0.3333333333333333,0,0,0,0.0,0,0,0.05825242718446602,0.0,0.02912621359223301,0.0,0,1,6
python,python_513,0,0,0,0,0,0,0,0,0,1,0,0,0,1,0,0,0,0,0,0,0,0,0,0,0,0,0,0,0,0,0,0,0,0,0,2,0,0,0,0,0,0,0.0,0.0,0.0,0.0,0.0,0.018518518518518517,0.009259259259259259,0.0,0.0,0.027777777777777776,0.0,0.0,0.0,0.037037037037037035,0.0,17.166666666666668,28,0.0,0.0,0.0,0,0,0,0.0,0,0,0.05555555555555555,0.0,0.07407407407407407,0.027777777777777776,0,0,6
python,python_514,0,0,0,0,0,0,0,0,0,1,0,0,0,0,0,0,0,0,0,0,0,1,0,0,0,0,0,0,0,0,0,0,0,0,0,1,0,0,0,0,0,0,0.0,0.0,0.007874015748031496,0.0,0.007874015748031496,0.023622047244094488,0.031496062992125984,0.0,0.0,0.031496062992125984,0.0,0.015748031496062992,0.0,0.0,0.0,24.6,53,0.0,0.0,0.4,1,0,0,0.0,0,0,0.07874015748031496,0.03937007874015748,0.031496062992125984,0.007874015748031496,1,2,5
python,python_518,0,0,0,0,0,0,0,0,0,1,0,0,0,0,0,0,0,0,0,0,0,0,1,0,0,0,0,0,0,0,0,0,0,0,0,1,0,0,0,0,0,0,0.0,0.0,0.011235955056179775,0.0,0.0,0.02247191011235955,0.033707865168539325,0.0,0.0,0.02247191011235955,0.0,0.0,0.0,0.02247191011235955,0.0,17.0,19,0.0,0.0,0.4,0,0,0,0.0,0,0,0.056179775280898875,0.0449438202247191,0.0,0.0,1,2,5
python,python_519,0,0,0,0,0,0,0,0,0,1,0,0,0,1,0,0,0,0,0,0,0,1,0,0,0,0,0,0,0,0,0,0,0,0,0,2,0,0,0,0,0,0,0.0,0.0,0.00641025641025641,0.0,0.00641025641025641,0.0,0.02564102564102564,0.0,0.0,0.02564102564102564,0.00641025641025641,0.02564102564102564,0.0,0.0,0.0,25.166666666666668,53,0.0,0.0,0.0,1,0,0,0.0,0,0,0.07692307692307693,0.02564102564102564,0.0,0.019230769230769232,1,0,6
python,python_535,0,0,0,0,0,0,0,0,0,1,0,0,0,1,0,0,0,0,0,0,0,0,1,0,0,0,0,0,0,0,0,0,0,0,0,1,0,0,0,0,0,0,0.0,0.0,0.009433962264150943,0.0,0.0,0.009433962264150943,0.02830188679245283,0.0,0.0,0.018867924528301886,0.009433962264150943,0.018867924528301886,0.0,0.018867924528301886,0.0,20.4,26,0.0,0.0,0.0,0,0,0,0.0,0,0,0.0660377358490566,0.02830188679245283,0.03773584905660377,0.018867924528301886,1,0,5
python,python_539,0,0,0,0,0,0,0,0,0,1,0,0,0,1,0,0,0,0,0,0,1,0,0,0,0,0,0,0,0,0,0,0,0,0,0,2,0,0,0,0,0,0,0.0,0.0,0.008620689655172414,0.0,0.0,0.008620689655172414,0.017241379310344827,0.0,0.0,0.017241379310344827,0.0,0.0,0.0,0.017241379310344827,0.0,18.5,28,0.0,0.0,0.0,0,0,0,0.0,0,0,0.04310344827586207,0.0,0.034482758620689655,0.034482758620689655,1,0,6
python,python_561,0,0,0,0,0,0,0,0,0,1,1,1,0,0,0,0,0,0,0,0,0,1,0,0,0,0,0,0,0,0,1,0,0,0,0,1,0,0,0,0,0,0,0.0,0.0,0.007407407407407408,0.0,0.007407407407407408,0.022222222222222223,0.014814814814814815,0.0,0.0,0.022222222222222223,0.0,0.02962962962962963,0.0,0.0,0.0,26.2,53,0.0,0.0,0.4,1,0,0,0.0,0,0,0.05925925925925926,0.007407407407407408,0.037037037037037035,0.007407407407407408,1,2,5
python,python_575,0,0,0,0,0,0,0,0,0,1,1,1,0,0,0,0,0,0,0,0,0,1,0,0,0,0,0,0,0,0,1,0,0,0,0,1,0,0,0,0,0,0,0.0,0.0,0.007462686567164179,0.0,0.007462686567164179,0.014925373134328358,0.014925373134328358,0.0,0.0,0.022388059701492536,0.0,0.029850746268656716,0.0,0.0,0.0,26.0,53,0.0,0.0,0.4,1,0,0,0.0,0,0,0.05970149253731343,0.007462686567164179,0.007462686567164179,0.007462686567164179,1,2,5
python,python_580,0,0,0,0,0,0,0,0,0,1,0,0,0,0,0,0,0,0,0,0,0,1,0,0,0,0,0,0,0,0,0,0,0,0,0,2,0,0,0,0,0,0,0.0,0.0,0.010101010101010102,0.0,0.0,0.020202020202020204,0.030303030303030304,0.0,0.0,0.020202020202020204,0.0,0.0,0.0,0.0,0.0,15.666666666666666,19,0.0,0.0,0.3333333333333333,0,0,0,0.0,0,0,0.050505050505050504,0.06060606060606061,0.0,0.0,1,2,6
python,python_583,0,0,0,0,0,0,0,0,0,1,0,0,0,0,0,0,0,0,0,0,0,0,0,0,0,0,0,0,0,0,0,0,0,0,0,2,0,0,0,0,0,0,0.0,0.0,0.0,0.0,0.0,0.03333333333333333,0.022222222222222223,0.0,0.0,0.022222222222222223,0.0,0.0,0.0,0.0,0.0,17.2,19,0.0,0.0,0.4,0,0,0,0.0,0,0,0.044444444444444446,0.044444444444444446,0.044444444444444446,0.0,0,2,5
python,python_596,0,0,0,0,0,0,0,0,0,1,1,1,0,0,0,0,0,0,0,0,0,1,0,0,0,0,0,0,0,0,1,0,0,0,0,2,0,0,0,0,0,0,0.0,0.0,0.008849557522123894,0.0,0.0,0.017699115044247787,0.008849557522123894,0.0,0.0,0.008849557522123894,0.0,0.017699115044247787,0.0,0.0,0.0,18.0,24,0.0,0.0,0.3333333333333333,0,0,0,0.0,0,0,0.02654867256637168,0.017699115044247787,0.008849557522123894,0.0,1,2,6
python,python_611,0,0,0,0,0,0,0,0,0,1,1,0,0,0,0,0,0,0,0,0,0,0,0,0,0,0,0,0,0,0,1,0,0,0,0,2,0,0,0,0,0,0,0.0,0.0,0.0,0.0,0.0,0.011235955056179775,0.0,0.0,0.0,0.02247191011235955,0.0,0.011235955056179775,0.0,0.02247191011235955,0.0,17.0,26,0.0,0.0,0.4,0,0,0,0.0,0,0,0.0449438202247191,0.0,0.033707865168539325,0.0,0,1,5
python,python_614,0,0,0,0,0,0,0,0,0,1,1,1,0,0,0,0,0,0,0,0,1,0,0,0,0,0,0,0,0,0,1,0,0,0,0,1,0,0,0,0,0,0,0.0,0.0,0.009708737864077669,0.0,0.0,0.019417475728155338,0.009708737864077669,0.0,0.0,0.009708737864077669,0.0,0.019417475728155338,0.0,0.0,0.0,19.8,25,0.0,0.0,0.4,0,0,0,0.0,0,0,0.02912621359223301,0.0,0.009708737864077669,0.009708737864077669,1,2,5
python,python_617,0,0,0,0,0,0,0,0,0,1,1,0,0,0,0,0,0,0,0,0,0,0,0,0,0,0,0,0,0,0,1,0,0,0,0,1,0,0,0,0,0,0,0.0,0.0,0.0,0.0,0.0,0.012048192771084338,0.0,0.0,0.0,0.03614457831325301,0.0,0.012048192771084338,0.0,0.04819277108433735,0.0,15.8,26,0.0,0.0,0.4,0,0,0,0.0,0,0,0.07228915662650602,0.0,0.03614457831325301,0.0,0,1,5
python,python_618,0,0,0,0,0,0,0,0,0,1,0,0,0,1,0,0,0,0,0,0,0,0,1,0,0,0,0,0,0,0,0,0,0,0,0,1,0,0,0,0,0,0,0.0,0.0,0.010416666666666666,0.0,0.0,0.010416666666666666,0.020833333333333332,0.0,0.0,0.020833333333333332,0.0,0.0,0.0,0.041666666666666664,0.0,18.4,28,0.0,0.0,0.0,0,0,0,0.0,0,0,0.052083333333333336,0.0,0.041666666666666664,0.03125,1,0,5
python,python_636,0,0,0,0,0,0,0,0,0,1,1,1,0,0,0,0,0,0,0,0,0,1,0,0,0,0,0,0,0,0,1,0,0,0,0,2,0,0,0,0,0,0,0.0,0.0,0.006756756756756757,0.0,0.006756756756756757,0.013513513513513514,0.013513513513513514,0.0,0.0,0.02027027027027027,0.0,0.02702702702702703,0.0,0.0,0.0,23.833333333333332,53,0.0,0.0,0.3333333333333333,1,0,0,0.0,0,0,0.05405405405405406,0.006756756756756757,0.006756756756756757,0.006756756756756757,1,2,6
python,python_646,0,0,0,0,0,0,0,0,0,1,1,1,0,0,0,0,0,0,0,0,0,0,0,0,0,0,0,0,0,0,1,0,0,0,0,1,0,0,0,0,0,0,0.0,0.0,0.0,0.0,0.0,0.02127659574468085,0.0,0.0,0.0,0.02127659574468085,0.0,0.02127659574468085,0.0,0.02127659574468085,0.0,18.0,24,0.0,0.0,0.4,0,0,0,0.0,0,0,0.0425531914893617,0.0,0.010638297872340425,0.0,0,2,5
python,python_653,0,0,0,0,0,0,0,0,0,1,0,0,0,1,0,0,0,0,0,0,0,0,0,0,0,0,0,0,0,0,0,0,0,0,0,2,0,0,0,0,0,0,0.0,0.0,0.0,0.0,0.0,0.009345794392523364,0.009345794392523364,0.0,0.0,0.028037383177570093,0.0,0.0,0.0,0.037383177570093455,0.0,17.0,28,0.0,0.0,0.0,0,0,0,0.0,0,0,0.056074766355140186,0.0,0.037383177570093455,0.028037383177570093,0,0,6
python,python_658,0,0,0,0,0,0,0,0,0,1,0,0,0,1,0,0,0,0,0,0,0,1,0,0,0,0,0,0,0,0,0,0,0,0,0,2,0,0,0,0,0,0,0.0,0.0,0.006802721088435374,0.0,0.006802721088435374,0.006802721088435374,0.02040816326530612,0.0,0.0,0.027210884353741496,0.0,0.013605442176870748,0.0,0.013605442176870748,0.0,23.666666666666668,53,0.0,0.0,0.0,1,0,0,0.0,0,0,0.06802721088435375,0.006802721088435374,0.027210884353741496,0.027210884353741496,1,0,6
python,python_660,0,0,0,0,0,0,0,0,0,1,0,0,0,1,0,0,0,0,0,0,0,1,0,0,0,0,0,0,0,0,0,0,0,0,0,2,0,0,0,0,0,0,0.0,0.0,0.009174311926605505,0.0,0.0,0.009174311926605505,0.01834862385321101,0.0,0.0,0.01834862385321101,0.0,0.0,0.0,0.01834862385321101,0.0,17.333333333333332,28,0.0,0.0,0.0,0,0,0,0.0,0,0,0.045871559633027525,0.01834862385321101,0.03669724770642202,0.027522935779816515,1,0,6
python,python_683,0,0,0,0,0,0,0,0,0,1,0,0,0,1,0,0,0,0,0,0,0,1,0,0,0,0,0,0,0,0,0,0,0,0,0,2,0,0,0,0,0,0,0.0,0.0,0.009433962264150943,0.0,0.0,0.009433962264150943,0.018867924528301886,0.0,0.0,0.018867924528301886,0.0,0.0,0.0,0.018867924528301886,0.0,16.833333333333332,28,0.0,0.0,0.0,0,0,0,0.0,0,0,0.04716981132075472,0.018867924528301886,0.03773584905660377,0.02830188679245283,1,0,6
python,python_684,0,0,0,0,0,0,0,0,0,1,0,0,0,1,0,0,0,0,0,0,0,0,0,0,0,0,0,0,0,0,0,0,0,0,0,1,0,0,0,0,0,0,0.0,0.0,0.0,0.0,0.0,0.0,0.020202020202020204,0.0,0.0,0.030303030303030304,0.010101010101010102,0.020202020202020204,0.0,0.020202020202020204,0.0,19.0,26,0.0,0.0,0.0,0,0,0,0.0,0,0,0.08080808080808081,0.030303030303030304,0.0,0.020202020202020204,0,0,5
python,python_709,0,0,0,0,0,0,0,0,0,1,1,0,0,0,0,0,0,0,0,0,1,0,0,0,0,0,0,0,0,0,1,0,0,0,0,2,0,0,0,0,0,0,0.0,0.0,0.008849557522123894,0.0,0.0,0.017699115044247787,0.008849557522123894,0.0,0.0,0.017699115044247787,0.0,0.008849557522123894,0.0,0.017699115044247787,0.0,18.0,26,0.0,0.0,0.3333333333333333,0,0,0,0.0,0,0,0.04424778761061947,0.0,0.061946902654867256,0.008849557522123894,1,1,6
python,python_730,0,0,0,0,0,0,0,0,0,1,1,1,0,0,0,0,0,0,0,0,0,1,0,0,0,0,0,0,0,0,1,0,0,0,0,2,0,0,0,0,0,0,0.0,0.0,0.006896551724137931,0.0,0.006896551724137931,0.013793103448275862,0.013793103448275862,0.0,0.0,0.020689655172413793,0.0,0.027586206896551724,0.0,0.0,0.0,23.333333333333332,53,0.0,0.0,0.3333333333333333,1,0,0,0.0,0,0,0.05517241379310345,0.006896551724137931,0.006896551724137931,0.006896551724137931,1,2,6
python,python_739,0,0,0,0,0,0,0,0,0,1,1,1,0,0,0,0,0,0,0,0,0,0,0,0,0,0,0,0,0,0,1,0,0,0,0,2,0,0,0,0,0,0,0.0,0.0,0.0,0.0,0.0,0.026785714285714284,0.0,0.0,0.0,0.017857142857142856,0.0,0.017857142857142856,0.0,0.017857142857142856,0.0,17.833333333333332,24,0.0,0.0,0.3333333333333333,0,0,0,0.0,0,0,0.03571428571428571,0.0,0.044642857142857144,0.0,0,2,6
python,python_743,0,0,0,0,0,0,0,0,0,1,1,0,0,0,0,0,0,0,0,0,0,1,0,0,0,0,0,0,0,0,1,0,0,0,0,1,0,0,0,0,0,0,0.0,0.0,0.007936507936507936,0.0,0.007936507936507936,0.007936507936507936,0.015873015873015872,0.0,0.0,0.031746031746031744,0.0,0.023809523809523808,0.0,0.015873015873015872,0.0,24.4,53,0.0,0.0,0.4,1,0,0,0.0,0,0,0.07936507936507936,0.007936507936507936,0.023809523809523808,0.007936507936507936,1,1,5
python,python_747,0,0,0,0,0,0,0,0,0,1,0,0,0,0,0,0,0,0,0,0,0,0,0,0,0,0,0,0,0,0,0,0,0,0,0,2,0,0,0,0,0,0,0.0,0.0,0.0,0.0,0.0,0.028846153846153848,0.019230769230769232,0.0,0.0,0.028846153846153848,0.0,0.0,0.0,0.019230769230769232,0.0,16.5,19,0.0,0.0,0.3333333333333333,0,0,0,0.0,0,0,0.057692307692307696,0.038461538461538464,0.038461538461538464,0.0,0,2,6
python,python_748,0,0,0,0,0,0,0,0,0,1,1,1,0,0,0,0,0,0,0,0,1,0,0,0,0,0,0,0,0,0,1,0,0,0,0,2,0,0,0,0,0,0,0.0,0.0,0.008064516129032258,0.0,0.0,0.024193548387096774,0.008064516129032258,0.0,0.0,0.008064516129032258,0.0,0.016129032258064516,0.0,0.0,0.0,19.833333333333332,25,0.0,0.0,0.3333333333333333,0,0,0,0.0,0,0,0.024193548387096774,0.0,0.04032258064516129,0.008064516129032258,1,2,6
python,python_775,0,0,0,0,0,0,0,0,0,1,0,0,0,1,0,0,0,0,0,0,0,0,1,0,0,0,0,0,0,0,0,0,0,0,0,2,0,0,0,0,0,0,0.0,0.0,0.008849557522123894,0.0,0.0,0.008849557522123894,0.017699115044247787,0.0,0.0,0.017699115044247787,0.0,0.0,0.0,0.035398230088495575,0.0,18.0,28,0.0,0.0,0.0,0,0,0,0.0,0,0,0.04424778761061947,0.0,0.035398230088495575,0.02654867256637168,1,0,6
python,python_776,0,0,0,0,0,0,0,0,0,1,1,0,0,0,0,0,0,0,0,0,0,0,0,0,0,0,0,0,0,0,1,0,0,0,0,1,0,0,0,0,0,0,0.0,0.0,0.0,0.0,0.0,0.022988505747126436,0.0,0.0,0.0,0.034482758620689655,0.0,0.011494252873563218,0.0,0.04597701149425287,0.0,16.6,26,0.0,0.0,0.4,0,0,0,0.0,0,0,0.06896551724137931,0.0,0.08045977011494253,0.0,0,1,5
python,python_778,0,0,0,0,0,0,0,0,0,1,0,0,0,1,0,0,0,0,0,0,1,0,0,0,0,0,0,0,0,0,0,0,0,0,0,2,0,0,0,0,0,0,0.0,0.0,0.008,0.0,0.0,0.0,0.024,0.0,0.0,0.016,0.008,0.016,0.0,0.0,0.0,20.0,26,0.0,0.0,0.0,0,0,0,0.0,0,0,0.056,0.024,0.0,0.024,1,0,6
python,python_786,0,0,0,0,0,0,0,0,0,1,1,0,0,0,0,0,0,0,0,0,0,1,0,0,0,0,0,0,0,0,1,0,0,0,0,1,0,0,0,0,0,0,0.0,0.0,0.011764705882352941,0.0,0.0,0.011764705882352941,0.011764705882352941,0.0,0.0,0.023529411764705882,0.0,0.011764705882352941,0.0,0.023529411764705882,0.0,16.2,26,0.0,0.0,0.4,0,0,0,0.0,0,0,0.058823529411764705,0.023529411764705882,0.03529411764705882,0.0,1,1,5
python,python_792,0,0,0,0,0,0,0,0,0,1,0,0,0,1,0,0,0,0,0,0,0,0,0,0,0,0,0,0,0,0,0,0,0,0,0,2,0,0,0,0,0,0,0.0,0.0,0.0,0.0,0.0,0.010752688172043012,0.010752688172043012,0.0,0.0,0.021505376344086023,0.0,0.0,0.0,0.021505376344086023,0.0,17.8,28,0.0,0.0,0.0,0,0,0,0.0,0,0,0.043010752688172046,0.0,0.043010752688172046,0.03225806451612903,0,0,5
python,python_799,0,0,0,0,0,0,0,0,0,1,1,1,0,0,0,0,0,0,0,0,0,1,0,0,0,0,0,0,0,0,1,0,0,0,0,2,0,0,0,0,0,0,0.0,0.0,0.006578947368421052,0.0,0.006578947368421052,0.019736842105263157,0.013157894736842105,0.0,0.0,0.019736842105263157,0.0,0.02631578947368421,0.0,0.0,0.0,24.5,53,0.0,0.0,0.3333333333333333,1,0,0,0.0,0,0,0.05263157894736842,0.006578947368421052,0.03289473684210526,0.006578947368421052,1,2,6
python,python_809,0,0,0,0,0,0,0,0,0,1,0,0,0,1,0,0,0,0,0,0,0,1,0,0,0,0,0,0,0,0,0,0,0,0,0,2,0,0,0,0,0,0,0.0,0.0,0.006493506493506494,0.0,0.006493506493506494,0.006493506493506494,0.025974025974025976,0.0,0.0,0.025974025974025976,0.006493506493506494,0.025974025974025976,0.0,0.0,0.0,24.833333333333332,53,0.0,0.0,0.0,1,0,0,0.0,0,0,0.07792207792207792,0.025974025974025976,0.025974025974025976,0.01948051948051948,1,0,6
python,python_816,0,0,0,0,0,0,0,0,0,1,0,0,0,0,0,0,0,0,0,0,0,1,0,0,0,0,0,0,0,0,0,0,0,0,0,2,0,0,0,0,0,0,0.0,0.0,0.006944444444444444,0.0,0.006944444444444444,0.020833333333333332,0.027777777777777776,0.0,0.0,0.027777777777777776,0.0,0.013888888888888888,0.0,0.0,0.0,23.166666666666668,53,0.0,0.0,0.3333333333333333,1,0,0,0.0,0,0,0.06944444444444445,0.034722222222222224,0.027777777777777776,0.006944444444444444,1,2,6
python,python_836,0,0,0,0,0,0,0,0,0,1,0,0,0,1,0,0,0,0,0,0,1,0,0,0,0,0,0,0,0,0,0,0,0,0,0,1,0,0,0,0,0,0,0.0,0.0,0.008928571428571428,0.0,0.0,0.008928571428571428,0.026785714285714284,0.0,0.0,0.017857142857142856,0.008928571428571428,0.017857142857142856,0.0,0.0,0.0,21.6,26,0.0,0.0,0.0,0,0,0,0.0,0,0,0.0625,0.026785714285714284,0.03571428571428571,0.026785714285714284,1,0,5
python,python_839,0,0,0,0,0,0,0,0,0,1,1,1,0,0,0,0,0,0,0,0,0,0,0,0,0,0,0,0,0,0,1,0,0,0,0,2,0,0,0,0,0,0,0.0,0.0,0.0,0.0,0.0,0.02127659574468085,0.0,0.0,0.0,0.010638297872340425,0.0,0.02127659574468085,0.0,0.0,0.0,18.0,24,0.0,0.0,0.4,0,0,0,0.0,0,0,0.02127659574468085,0.0,0.010638297872340425,0.0,0,2,5
python,python_862,0,0,0,0,0,0,0,0,0,1,0,0,0,0,0,0,0,0,0,0,0,1,0,0,0,0,0,0,0,0,0,0,0,0,0,1,0,0,0,0,0,0,0.0,0.0,0.011764705882352941,0.0,0.0,0.023529411764705882,0.03529411764705882,0.0,0.0,0.023529411764705882,0.0,0.0,0.0,0.0,0.0,16.2,19,0.0,0.0,0.4,0,0,0,0.0,0,0,0.058823529411764705,0.07058823529411765,0.0,0.0,1,2,5
python,python_878,0,0,0,0,0,0,0,0,0,1,1,1,0,0,0,0,0,0,0,0,0,1,0,0,0,0,0,0,0,0,1,0,0,0,0,1,0,0,0,0,0,0,0.0,0.0,0.010416666666666666,0.0,0.0,0.020833333333333332,0.010416666666666666,0.0,0.0,0.010416666666666666,0.0,0.020833333333333332,0.0,0.0,0.0,18.4,24,0.0,0.0,0.4,0,0,0,0.0,0,0,0.03125,0.020833333333333332,0.010416666666666666,0.0,1,2,5
python,python_881,0,0,0,0,0,0,0,0,0,1,0,0,0,1,0,0,0,0,0,0,0,1,0,0,0,0,0,0,0,0,0,0,0,0,0,2,0,0,0,0,0,0,0.0,0.0,0.006666666666666667,0.0,0.006666666666666667,0.0,0.02666666666666667,0.0,0.0,0.02666666666666667,0.006666666666666667,0.02666666666666667,0.0,0.0,0.0,24.166666666666668,53,0.0,0.0,0.0,1,0,0,0.0,0,0,0.08,0.02666666666666667,0.0,0.02,1,0,6
python,python_892,0,0,0,0,0,0,0,0,0,1,0,0,0,1,0,0,0,0,0,0,0,0,1,0,0,0,0,0,0,0,0,0,0,0,0,2,0,0,0,0,0,0,0.0,0.0,0.008333333333333333,0.0,0.0,0.008333333333333333,0.025,0.0,0.0,0.016666666666666666,0.008333333333333333,0.016666666666666666,0.0,0.016666666666666666,0.0,19.166666666666668,26,0.0,0.0,0.0,0,0,0,0.0,0,0,0.058333333333333334,0.025,0.03333333333333333,0.016666666666666666,1,0,6
python,python_897,0,0,0,0,0,0,0,0,0,1,0,0,0,1,0,0,0,0,0,0,0,0,0,0,0,0,0,0,0,0,0,0,0,0,0,1,0,0,0,0,0,0,0.0,0.0,0.0,0.0,0.0,0.0,0.020833333333333332,0.0,0.0,0.03125,0.010416666666666666,0.020833333333333332,0.0,0.020833333333333332,0.0,18.4,26,0.0,0.0,0.0,0,0,0,0.0,0,0,0.08333333333333333,0.03125,0.0,0.020833333333333332,0,0,5
python,python_900,0,0,0,0,0,0,0,0,0,1,0,0,0,1,0,0,0,0,0,0,0,0,0,0,0,0,0,0,0,0,0,0,0,0,0,2,0,0,0,0,0,0,0.0,0.0,0.0,0.0,0.0,0.0,0.020202020202020204,0.0,0.0,0.020202020202020204,0.010101010101010102,0.020202020202020204,0.0,0.0,0.0,19.0,26,0.0,0.0,0.0,0,0,0,0.0,0,0,0.06060606060606061,0.030303030303030304,0.0,0.020202020202020204,0,0,5
python,python_928,0,0,0,0,0,0,0,0,0,1,0,0,0,1,0,0,0,0,0,0,0,1,0,0,0,0,0,0,0,0,0,0,0,0,0,1,0,0,0,0,0,0,0.0,0.0,0.007194244604316547,0.0,0.007194244604316547,0.0,0.02877697841726619,0.0,0.0,0.02877697841726619,0.007194244604316547,0.02877697841726619,0.0,0.0,0.0,27.0,53,0.0,0.0,0.0,1,0,0,0.0,0,0,0.08633093525179857,0.02877697841726619,0.0,0.02158273381294964,1,0,5
python,python_935,0,0,0,0,0,0,0,0,0,1,0,0,0,0,0,0,0,0,0,0,0,1,0,0,0,0,0,0,0,0,0,0,0,0,0,1,0,0,0,0,0,0,0.0,0.0,0.008130081300813009,0.0,0.008130081300813009,0.016260162601626018,0.032520325203252036,0.0,0.0,0.032520325203252036,0.0,0.016260162601626018,0.0,0.0,0.0,23.8,53,0.0,0.0,0.4,1,0,0,0.0,0,0,0.08130081300813008,0.04065040650406504,0.0,0.008130081300813009,1,2,5
python,python_942,0,0,0,0,0,0,0,0,0,1,1,1,0,0,0,0,0,0,0,0,0,1,0,0,0,0,0,0,0,0,1,0,0,0,0,2,0,0,0,0,0,0,0.0,0.0,0.00909090909090909,0.0,0.0,0.01818181818181818,0.00909090909090909,0.0,0.0,0.00909090909090909,0.0,0.01818181818181818,0.0,0.0,0.0,17.5,24,0.0,0.0,0.3333333333333333,0,0,0,0.0,0,0,0.02727272727272727,0.01818181818181818,0.00909090909090909,0.0,1,2,6
python,python_948,0,0,0,0,0,0,0,0,0,1,1,0,0,0,0,0,0,0,0,0,0,1,0,0,0,0,0,0,0,0,1,0,0,0,0,1,0,0,0,0,0,0,0.0,0.0,0.011764705882352941,0.0,0.0,0.011764705882352941,0.011764705882352941,0.0,0.0,0.023529411764705882,0.0,0.011764705882352941,0.0,0.023529411764705882,0.0,16.2,26,0.0,0.0,0.4,0,0,0,0.0,0,0,0.058823529411764705,0.023529411764705882,0.03529411764705882,0.0,1,1,5
python,python_949,0,0,0,0,0,0,0,0,0,1,0,0,0,1,0,0,0,0,0,0,0,0,0,0,0,0,0,0,0,0,0,0,0,0,0,2,0,0,0,0,0,0,0.0,0.0,0.0,0.0,0.0,0.011111111111111112,0.011111111111111112,0.0,0.0,0.022222222222222223,0.0,0.0,0.0,0.022222222222222223,0.0,17.2,28,0.0,0.0,0.0,0,0,0,0.0,0,0,0.044444444444444446,0.0,0.044444444444444446,0.03333333333333333,0,0,5
python,python_952,0,0,0,0,0,0,0,0,0,1,0,0,0,0,0,0,0,0,0,0,0,1,0,0,0,0,0,0,0,0,0,0,0,0,0,1,0,0,0,0,0,0,0.0,0.0,0.011235955056179775,0.0,0.0,0.033707865168539325,0.033707865168539325,0.0,0.0,0.02247191011235955,0.0,0.0,0.0,0.0,0.0,17.0,19,0.0,0.0,0.4,0,0,0,0.0,0,0,0.056179775280898875,0.06741573033707865,0.0449438202247191,0.0,1,2,5
python,python_960,0,0,0,0,0,0,0,0,0,1,0,0,0,0,0,0,0,0,0,0,1,0,0,0,0,0,0,0,0,0,0,0,0,0,0,1,0,0,0,0,0,0,0.0,0.0,0.010101010101010102,0.0,0.0,0.030303030303030304,0.030303030303030304,0.0,0.0,0.020202020202020204,0.0,0.0,0.0,0.0,0.0,19.0,25,0.0,0.0,0.4,0,0,0,0.0,0,0,0.050505050505050504,0.04040404040404041,0.04040404040404041,0.010101010101010102,1,2,5
python,python_970,0,0,0,0,0,0,0,0,0,1,1,1,0,0,0,0,0,0,0,0,0,0,0,0,0,0,0,0,0,0,1,0,0,0,0,2,0,0,0,0,0,0,0.0,0.0,0.0,0.0,0.0,0.018518518518518517,0.0,0.0,0.0,0.018518518518518517,0.0,0.018518518518518517,0.0,0.018518518518518517,0.0,17.166666666666668,24,0.0,0.0,0.3333333333333333,0,0,0,0.0,0,0,0.037037037037037035,0.0,0.009259259259259259,0.0,0,2,6
python,python_971,0,0,0,0,0,0,0,0,0,1,0,0,0,1,0,0,0,0,0,0,0,1,0,0,0,0,0,0,0,0,0,0,0,0,0,2,0,0,0,0,0,0,0.0,0.0,0.008695652173913044,0.0,0.0,0.0,0.02608695652173913,0.0,0.0,0.017391304347826087,0.008695652173913044,0.017391304347826087,0.0,0.0,0.0,18.333333333333332,26,0.0,0.0,0.0,0,0,0,0.0,0,0,0.06086956521739131,0.043478260869565216,0.0,0.017391304347826087,1,0,6
java,java_0,0,0,0,0,0,0,0,0,0,0,0,1,0,0,0,0,2,0,0,0,0,1,0,0,0,0,0,0,0,0,0,1,0,0,0,0,0,0,0,0,0,0,0.015267175572519083,0.015267175572519083,0.015267175572519083,0.0,0.0,0.0,0.007633587786259542,0.0,0.0,0.015267175572519083,0.007633587786259542,0.0,0.015267175572519083,0.0,0.0,21.0,44,0.0,0.0,0.5,0,0,0,0.0,0,0,0.0916030534351145,0.015267175572519083,0.03816793893129771,0.015267175572519083,6,0,6
java,java_1,0,0,0,0,0,0,0,0,0,0,0,1,0,0,0,0,2,0,0,0,0,0,0,0,0,0,0,0,0,0,0,1,0,0,2,0,0,0,0,0,0,0,0.013986013986013986,0.013986013986013986,0.006993006993006993,0.0,0.0,0.0,0.0,0.0,0.0,0.013986013986013986,0.006993006993006993,0.0,0.013986013986013986,0.0,0.0,19.571428571428573,44,0.0,0.0,0.42857142857142855,0,0,0,0.0,0,0,0.1048951048951049,0.0,0.03496503496503497,0.013986013986013986,5,0,7
java,java_2,0,0,0,0,0,0,0,0,0,0,0,0,0,0,0,0,0,0,0,0,0,0,0,0,0,0,0,0,0,0,0,0,0,0,0,0,0,0,0,0,0,0,0.02631578947368421,0.02631578947368421,0.02631578947368421,0.0,0.0,0.0,0.013157894736842105,0.0,0.0,0.02631578947368421,0.0,0.0,0.0,0.0,0.0,14.4,24,0.0,0.0,0.4,0,0,0,0.0,0,0,0.14473684210526316,0.039473684210526314,0.039473684210526314,0.013157894736842105,5,0,5
java,java_3,0,0,0,0,0,0,0,0,0,0,0,1,0,0,0,0,2,0,0,0,0,0,0,0,0,0,0,0,0,0,1,0,0,0,1,0,0,0,0,0,0,0,0.017857142857142856,0.017857142857142856,0.008928571428571428,0.0,0.0,0.0,0.0,0.0,0.0,0.008928571428571428,0.0,0.008928571428571428,0.0,0.0,0.0,17.833333333333332,34,0.0,0.0,0.5,0,0,0,0.0,0,0,0.08035714285714286,0.0,0.008928571428571428,0.0,5,0,6
java,java_4,0,0,0,0,0,0,0,0,0,0,0,0,0,0,0,0,1,0,0,0,0,0,0,0,0,0,0,0,0,0,0,1,0,0,1,0,0,0,0,0,0,0,0.016129032258064516,0.016129032258064516,0.016129032258064516,0.0,0.0,0.0,0.0,0.0,0.0,0.016129032258064516,0.0,0.0,0.0,0.0,0.0,14.75,26,0.0,0.0,0.25,0,0,0,0.0,0,0,0.11290322580645161,0.0,0.016129032258064516,0.0,3,0,4
java,java_5,0,0,0,0,0,0,0,0,0,0,0,1,0,0,0,0,2,0,0,0,0,0,0,0,0,0,0,0,0,0,0,1,0,0,1,0,0,0,0,0,0,0,0.015503875968992248,0.015503875968992248,0.007751937984496124,0.0,0.0,0.0,0.0,0.0,0.0,0.015503875968992248,0.007751937984496124,0.0,0.015503875968992248,0.0,0.0,20.666666666666668,44,0.0,0.0,0.5,0,0,0,0.0,0,0,0.10077519379844961,0.0,0.03875968992248062,0.015503875968992248,5,0,6
java,java_6,0,0,0,0,0,0,0,0,0,0,0,0,0,0,0,0,0,0,0,0,0,0,0,0,0,0,0,0,0,0,0,0,0,0,0,0,0,0,0,0,0,0,0.0,0.0,0.03278688524590164,0.03278688524590164,0.03278688524590164,0.0,0.01639344262295082,0.0,0.0,0.03278688524590164,0.0,0.0,0.03278688524590164,0.0,0.0,30.0,43,0.0,0.0,0.0,0,0,0,0.5,0,0,0.16393442622950818,0.0,0.08196721311475409,0.01639344262295082,2,0,2
java,java_8,0,0,0,0,0,0,0,0,0,0,0,0,0,0,0,0,1,0,0,0,0,0,0,0,0,0,0,0,0,0,0,1,0,0,1,0,0,0,0,0,0,0,0.014285714285714285,0.014285714285714285,0.014285714285714285,0.0,0.0,0.0,0.0,0.0,0.0,0.014285714285714285,0.0,0.0,0.0,0.0,0.0,16.75,26,0.0,0.0,0.25,0,0,0,0.0,0,0,0.1,0.0,0.014285714285714285,0.0,3,0,4
java,java_9,0,0,0,0,0,0,0,0,0,0,0,1,0,0,0,0,2,0,0,0,1,0,0,0,0,0,0,0,0,0,0,1,0,0,1,0,0,0,0,0,0,0,0.012903225806451613,0.012903225806451613,0.012903225806451613,0.0,0.0,0.0,0.0064516129032258064,0.0,0.0,0.012903225806451613,0.0064516129032258064,0.0,0.012903225806451613,0.0,0.0,21.285714285714285,44,0.0,0.0,0.42857142857142855,0,0,0,0.0,0,0,0.09032258064516129,0.0,0.03225806451612903,0.01935483870967742,6,0,7
java,java_10,0,0,0,0,0,0,0,0,0,0,0,0,0,0,0,0,0,0,0,0,0,0,1,0,0,0,0,0,0,0,0,0,0,0,0,0,0,0,0,0,0,0,0.020833333333333332,0.020833333333333332,0.03125,0.0,0.0,0.0,0.020833333333333332,0.0,0.0,0.020833333333333332,0.0,0.0,0.0,0.020833333333333332,0.0,15.166666666666666,24,0.0,0.0,0.3333333333333333,0,0,0,0.0,0,0,0.125,0.03125,0.03125,0.010416666666666666,6,0,6
java,java_11,0,0,0,0,0,0,0,0,0,0,0,0,0,0,0,0,0,0,0,0,0,0,0,0,0,0,0,0,0,0,0,0,0,0,2,0,0,0,0,0,0,0,0.0,0.0,0.020618556701030927,0.020618556701030927,0.020618556701030927,0.0,0.010309278350515464,0.0,0.0,0.020618556701030927,0.0,0.0,0.020618556701030927,0.0,0.0,23.5,43,0.0,0.0,0.0,0,0,0,0.25,0,0,0.14432989690721648,0.0,0.05154639175257732,0.010309278350515464,2,0,4
java,java_12,0,0,0,0,0,0,0,0,0,0,0,1,0,0,0,0,2,0,0,0,0,0,0,0,0,0,0,0,0,0,0,1,0,0,0,0,0,0,0,0,0,0,0.014705882352941176,0.014705882352941176,0.014705882352941176,0.0,0.0,0.0,0.0,0.0,0.0,0.022058823529411766,0.007352941176470588,0.0,0.014705882352941176,0.014705882352941176,0.0,21.833333333333332,44,0.0,0.0,0.5,0,0,0,0.0,0,0,0.10294117647058823,0.0,0.03676470588235294,0.022058823529411766,6,0,6
java,java_13,0,0,0,0,0,0,0,0,0,0,0,0,0,0,0,0,0,0,0,0,0,0,0,0,0,0,0,0,0,0,0,0,0,0,1,0,0,0,0,0,0,0,0.02127659574468085,0.02127659574468085,0.02127659574468085,0.0,0.0,0.0,0.010638297872340425,0.0,0.0,0.02127659574468085,0.0,0.0,0.0,0.0,0.0,14.833333333333334,24,0.0,0.0,0.3333333333333333,0,0,0,0.0,0,0,0.13829787234042554,0.031914893617021274,0.07446808510638298,0.010638297872340425,5,0,6
java,java_14,0,0,0,0,0,0,0,0,0,0,0,0,0,0,0,0,0,0,0,0,0,0,0,0,0,0,0,0,0,0,0,0,0,0,1,0,0,0,0,0,0,0,0.0,0.0,0.024096385542168676,0.024096385542168676,0.024096385542168676,0.0,0.012048192771084338,0.0,0.0,0.024096385542168676,0.0,0.0,0.024096385542168676,0.0,0.0,27.0,43,0.0,0.0,0.0,0,0,0,0.3333333333333333,0,0,0.14457831325301204,0.0,0.060240963855421686,0.012048192771084338,2,0,3
java,java_15,0,0,0,0,0,0,0,0,0,0,0,0,0,0,0,0,1,0,0,0,0,0,0,0,0,0,0,0,0,0,0,1,0,0,2,0,0,0,0,0,0,0,0.013157894736842105,0.013157894736842105,0.013157894736842105,0.0,0.0,0.0,0.0,0.0,0.0,0.013157894736842105,0.0,0.0,0.0,0.0,0.0,14.4,26,0.0,0.0,0.2,0,0,0,0.0,0,0,0.11842105263157894,0.0,0.013157894736842105,0.0,3,0,5
java,java_16,0,0,0,0,0,0,0,0,0,0,0,0,0,0,0,0,0,0,0,0,0,0,0,0,0,0,0,0,0,0,0,0,0,0,1,0,0,0,0,0,0,0,0.0,0.0,0.02531645569620253,0.02531645569620253,0.02531645569620253,0.0,0.012658227848101266,0.0,0.0,0.02531645569620253,0.0,0.0,0.02531645569620253,0.0,0.0,25.666666666666668,43,0.0,0.0,0.0,0,0,0,0.3333333333333333,0,0,0.1518987341772152,0.0,0.11392405063291139,0.012658227848101266,2,0,3
java,java_17,0,0,0,0,0,0,0,0,0,0,0,0,0,0,0,0,1,0,0,0,0,0,0,0,0,0,0,0,0,0,0,1,0,0,0,0,0,0,0,0,0,0,0.020833333333333332,0.020833333333333332,0.020833333333333332,0.0,0.0,0.0,0.0,0.0,0.0,0.020833333333333332,0.0,0.0,0.0,0.0,0.0,15.333333333333334,26,0.0,0.0,0.3333333333333333,0,0,0,0.0,0,0,0.10416666666666667,0.0,0.020833333333333332,0.0,3,0,3
java,java_19,0,0,0,0,0,0,0,0,0,0,0,1,0,0,0,0,2,0,0,0,0,0,0,0,0,0,0,0,0,0,1,0,0,0,2,0,0,0,0,0,0,0,0.015873015873015872,0.015873015873015872,0.007936507936507936,0.0,0.0,0.0,0.0,0.0,0.0,0.007936507936507936,0.0,0.007936507936507936,0.0,0.0,0.0,17.142857142857142,34,0.0,0.0,0.42857142857142855,0,0,0,0.0,0,0,0.0873015873015873,0.0,0.007936507936507936,0.0,5,0,7
java,java_20,0,0,0,0,0,0,0,0,0,0,0,0,0,0,0,0,1,0,0,0,0,0,0,0,0,0,0,0,0,0,0,1,0,0,1,0,0,0,0,0,0,0,0.015151515151515152,0.015151515151515152,0.015151515151515152,0.0,0.0,0.0,0.0,0.0,0.0,0.015151515151515152,0.0,0.0,0.0,0.0,0.0,15.75,26,0.0,0.0,0.25,0,0,0,0.0,0,0,0.10606060606060606,0.0,0.07575757575757576,0.0,3,0,4
java,java_25,0,0,0,0,0,0,0,0,0,0,0,0,0,0,0,0,0,0,0,0,0,0,0,0,0,0,0,0,0,0,0,0,0,0,1,0,0,0,0,0,0,0,0.0,0.0,0.028846153846153848,0.019230769230769232,0.019230769230769232,0.0,0.009615384615384616,0.0,0.0,0.028846153846153848,0.0,0.0,0.019230769230769232,0.019230769230769232,0.0,25.25,43,0.0,0.0,0.0,0,0,0,0.25,0,0,0.14423076923076922,0.0,0.04807692307692308,0.019230769230769232,3,0,4
java,java_26,0,0,0,0,0,0,0,0,0,0,0,0,0,0,0,0,0,0,0,0,0,0,0,0,0,0,0,0,0,0,0,0,0,0,1,0,0,0,0,0,0,0,0.02040816326530612,0.02040816326530612,0.02040816326530612,0.0,0.0,0.0,0.01020408163265306,0.0,0.0,0.02040816326530612,0.0,0.0,0.0,0.0,0.0,15.5,24,0.0,0.0,0.3333333333333333,0,0,0,0.0,0,0,0.1326530612244898,0.030612244897959183,0.030612244897959183,0.01020408163265306,5,0,6
java,java_27,0,0,0,0,0,0,0,0,0,0,0,0,0,0,0,0,0,0,0,0,0,1,0,0,0,0,0,0,0,0,0,0,0,0,1,0,0,0,0,0,0,0,0.018867924528301886,0.018867924528301886,0.02830188679245283,0.0,0.0,0.0,0.018867924528301886,0.0,0.0,0.018867924528301886,0.0,0.0,0.0,0.0,0.0,14.285714285714286,24,0.0,0.0,0.2857142857142857,0,0,0,0.0,0,0,0.1320754716981132,0.04716981132075472,0.02830188679245283,0.009433962264150943,6,0,7
java,java_28,0,0,0,0,0,0,0,0,0,0,0,1,0,0,0,0,2,0,0,0,0,0,1,0,0,0,0,0,0,0,0,1,0,0,0,0,0,0,0,0,0,0,0.014814814814814815,0.014814814814814815,0.014814814814814815,0.0,0.0,0.0,0.007407407407407408,0.0,0.0,0.014814814814814815,0.007407407407407408,0.0,0.014814814814814815,0.014814814814814815,0.0,21.666666666666668,44,0.0,0.0,0.5,0,0,0,0.0,0,0,0.08888888888888889,0.0,0.037037037037037035,0.014814814814814815,6,0,6
java,java_29,0,0,0,0,0,0,0,0,0,0,0,1,0,0,0,0,2,0,0,0,0,0,0,0,0,0,0,0,0,0,1,0,0,0,1,0,0,0,0,0,0,0,0.018518518518518517,0.018518518518518517,0.009259259259259259,0.0,0.0,0.0,0.0,0.0,0.0,0.009259259259259259,0.0,0.009259259259259259,0.0,0.0,0.0,17.166666666666668,34,0.0,0.0,0.5,0,0,0,0.0,0,0,0.08333333333333333,0.0,0.046296296296296294,0.0,5,0,6
java,java_30,0,0,0,0,0,0,0,0,0,0,0,1,0,0,0,0,2,0,0,0,0,0,1,0,0,0,0,0,0,0,0,1,0,0,1,0,0,0,0,0,0,0,0.013422818791946308,0.013422818791946308,0.013422818791946308,0.0,0.0,0.0,0.006711409395973154,0.0,0.0,0.013422818791946308,0.006711409395973154,0.0,0.013422818791946308,0.013422818791946308,0.0,20.428571428571427,44,0.0,0.0,0.42857142857142855,0,0,0,0.0,0,0,0.09395973154362416,0.0,0.03355704697986577,0.013422818791946308,6,0,7
java,java_34,0,0,0,0,0,0,0,0,0,0,0,0,0,0,0,0,0,0,0,0,0,0,0,0,0,0,0,0,0,0,0,0,0,0,0,0,0,0,0,0,0,0,0.020618556701030927,0.020618556701030927,0.030927835051546393,0.0,0.0,0.0,0.010309278350515464,0.0,0.0,0.030927835051546393,0.0,0.0,0.0,0.020618556701030927,0.0,15.333333333333334,24,0.0,0.0,0.3333333333333333,0,0,0,0.0,0,0,0.14432989690721648,0.030927835051546393,0.030927835051546393,0.020618556701030927,6,0,6
java,java_36,0,0,0,0,0,0,0,0,0,0,0,0,0,0,0,0,1,0,0,0,0,0,1,0,0,0,0,0,0,0,0,1,0,0,2,0,0,0,0,0,0,0,0.010416666666666666,0.010416666666666666,0.020833333333333332,0.0,0.0,0.0,0.010416666666666666,0.0,0.0,0.010416666666666666,0.0,0.0,0.0,0.020833333333333332,0.0,15.166666666666666,26,0.0,0.0,0.16666666666666666,0,0,0,0.0,0,0,0.10416666666666667,0.0,0.010416666666666666,0.0,4,0,6
java,java_37,0,0,0,0,0,0,0,0,0,0,0,0,0,0,0,0,0,0,0,0,0,1,0,0,0,0,0,0,0,0,0,0,0,0,2,0,0,0,0,0,0,0,0.0,0.0,0.02857142857142857,0.01904761904761905,0.01904761904761905,0.0,0.01904761904761905,0.0,0.0,0.01904761904761905,0.0,0.0,0.01904761904761905,0.0,0.0,20.2,43,0.0,0.0,0.0,0,0,0,0.2,0,0,0.14285714285714285,0.01904761904761905,0.047619047619047616,0.009523809523809525,3,0,5
java,java_38,0,0,0,0,0,0,0,0,0,0,0,1,0,0,0,0,2,0,0,0,0,0,0,0,0,0,0,0,0,0,0,1,0,0,0,0,0,0,0,0,0,0,0.017391304347826087,0.017391304347826087,0.008695652173913044,0.0,0.0,0.0,0.0,0.0,0.0,0.017391304347826087,0.008695652173913044,0.0,0.017391304347826087,0.0,0.0,22.2,44,0.0,0.0,0.6,0,0,0,0.0,0,0,0.09565217391304348,0.0,0.043478260869565216,0.017391304347826087,5,0,5
java,java_40,0,0,0,0,0,0,0,0,0,0,0,0,0,0,0,0,0,0,0,0,0,0,0,0,0,0,0,0,0,0,0,0,0,0,1,0,0,0,0,0,0,0,0.022222222222222223,0.022222222222222223,0.022222222222222223,0.0,0.0,0.0,0.011111111111111112,0.0,0.0,0.022222222222222223,0.0,0.0,0.0,0.0,0.0,14.166666666666666,24,0.0,0.0,0.3333333333333333,0,0,0,0.0,0,0,0.14444444444444443,0.03333333333333333,0.03333333333333333,0.011111111111111112,5,0,6
java,java_41,0,0,0,0,0,0,0,0,0,0,0,1,0,0,0,0,2,0,0,0,0,0,0,0,0,0,0,0,0,0,0,1,0,0,1,0,0,0,0,0,0,0,0.015037593984962405,0.015037593984962405,0.007518796992481203,0.0,0.0,0.0,0.0,0.0,0.0,0.015037593984962405,0.007518796992481203,0.0,0.015037593984962405,0.0,0.0,21.333333333333332,44,0.0,0.0,0.5,0,0,0,0.0,0,0,0.09774436090225563,0.0,0.06766917293233082,0.015037593984962405,5,0,6
java,java_44,0,0,0,0,0,0,0,0,0,0,0,1,0,0,0,0,2,0,0,0,0,0,0,0,0,0,0,0,0,0,0,1,0,0,2,0,0,0,0,0,0,0,0.012903225806451613,0.012903225806451613,0.0064516129032258064,0.0,0.0,0.0,0.0,0.0,0.0,0.012903225806451613,0.0064516129032258064,0.0,0.012903225806451613,0.0,0.0,21.285714285714285,44,0.0,0.0,0.42857142857142855,0,0,0,0.0,0,0,0.0967741935483871,0.0,0.05806451612903226,0.012903225806451613,5,0,7
java,java_45,0,0,0,0,0,0,0,0,0,0,0,1,0,0,0,0,2,0,0,0,0,0,0,0,0,0,0,0,0,0,0,1,0,0,1,0,0,0,0,0,0,0,0.014598540145985401,0.014598540145985401,0.0072992700729927005,0.0,0.0,0.0,0.0,0.0,0.0,0.014598540145985401,0.0072992700729927005,0.0,0.014598540145985401,0.0,0.0,22.0,44,0.0,0.0,0.5,0,0,0,0.0,0,0,0.0948905109489051,0.0,0.0364963503649635,0.014598540145985401,5,0,6
java,java_47,0,0,0,0,0,0,0,0,0,0,0,0,0,0,0,0,1,0,0,0,0,0,1,0,0,0,0,0,0,0,0,1,0,0,1,0,0,0,0,0,0,0,0.011627906976744186,0.011627906976744186,0.023255813953488372,0.0,0.0,0.0,0.011627906976744186,0.0,0.0,0.011627906976744186,0.0,0.0,0.0,0.023255813953488372,0.0,16.4,26,0.0,0.0,0.2,0,0,0,0.0,0,0,0.09302325581395349,0.0,0.05813953488372093,0.0,4,0,5
java,java_48,0,0,0,0,0,0,0,0,0,0,0,1,0,0,0,0,2,0,0,0,1,0,0,0,0,0,0,0,0,0,0,1,0,0,1,0,0,0,0,0,0,0,0.012578616352201259,0.012578616352201259,0.012578616352201259,0.0,0.0,0.0,0.006289308176100629,0.0,0.0,0.012578616352201259,0.006289308176100629,0.0,0.012578616352201259,0.0,0.0,21.857142857142858,44,0.0,0.0,0.42857142857142855,0,0,0,0.0,0,0,0.0880503144654088,0.0,0.05660377358490566,0.018867924528301886,6,0,7
java,java_49,0,0,0,0,0,0,0,0,0,0,0,0,0,0,0,0,0,0,0,0,1,0,0,0,0,0,0,0,0,0,0,0,0,0,1,0,0,0,0,0,0,0,0.0,0.0,0.027522935779816515,0.01834862385321101,0.01834862385321101,0.0,0.01834862385321101,0.0,0.0,0.01834862385321101,0.0,0.0,0.01834862385321101,0.0,0.0,26.5,43,0.0,0.0,0.0,0,0,0,0.25,0,0,0.11926605504587157,0.0,0.045871559633027525,0.01834862385321101,3,0,4
java,java_50,0,0,0,0,0,0,0,0,0,0,0,1,0,0,0,0,2,0,0,0,0,0,1,0,0,0,0,0,0,0,1,0,0,0,1,0,0,0,0,0,0,0,0.016129032258064516,0.016129032258064516,0.016129032258064516,0.0,0.0,0.0,0.008064516129032258,0.0,0.0,0.008064516129032258,0.0,0.008064516129032258,0.0,0.016129032258064516,0.0,16.857142857142858,34,0.0,0.0,0.42857142857142855,0,0,0,0.0,0,0,0.08064516129032258,0.0,0.008064516129032258,0.0,6,0,7
java,java_51,0,0,0,0,0,0,0,0,0,0,0,0,0,0,0,0,1,0,0,0,0,1,0,0,0,0,0,0,0,0,0,1,0,0,1,0,0,0,0,0,0,0,0.012195121951219513,0.012195121951219513,0.024390243902439025,0.0,0.0,0.0,0.012195121951219513,0.0,0.0,0.012195121951219513,0.0,0.0,0.0,0.0,0.0,15.6,26,0.0,0.0,0.2,0,0,0,0.0,0,0,0.0975609756097561,0.024390243902439025,0.06097560975609756,0.0,4,0,5
java,java_52,0,0,0,0,0,0,0,0,0,0,0,0,0,0,0,0,1,0,0,0,0,1,0,0,0,0,0,0,0,0,0,1,0,0,1,0,0,0,0,0,0,0,0.011627906976744186,0.011627906976744186,0.023255813953488372,0.0,0.0,0.0,0.011627906976744186,0.0,0.0,0.011627906976744186,0.0,0.0,0.0,0.0,0.0,16.4,26,0.0,0.0,0.2,0,0,0,0.0,0,0,0.09302325581395349,0.023255813953488372,0.011627906976744186,0.0,4,0,5
java,java_53,0,0,0,0,0,0,0,0,0,0,0,1,0,0,0,0,2,0,0,0,0,0,0,0,0,0,0,0,0,0,0,1,0,0,2,0,0,0,0,0,0,0,0.013245033112582781,0.013245033112582781,0.006622516556291391,0.0,0.0,0.0,0.0,0.0,0.0,0.013245033112582781,0.006622516556291391,0.0,0.013245033112582781,0.0,0.0,20.714285714285715,44,0.0,0.0,0.42857142857142855,0,0,0,0.0,0,0,0.09933774834437085,0.0,0.033112582781456956,0.013245033112582781,5,0,7
java,java_54,0,0,0,0,0,0,0,0,0,0,0,0,0,0,0,0,0,0,0,0,0,1,0,0,0,0,0,0,0,0,0,0,0,0,2,0,0,0,0,0,0,0,0.012658227848101266,0.012658227848101266,0.0189873417721519,0.0,0.006329113924050633,0.0,0.0189873417721519,0.0,0.0,0.02531645569620253,0.0,0.012658227848101266,0.0,0.0,0.0,18.875,53,0.0,0.0,0.25,1,0,0,0.0,0,0,0.13291139240506328,0.02531645569620253,0.0189873417721519,0.012658227848101266,6,0,8
java,java_59,0,0,0,0,0,0,0,0,0,0,0,1,0,0,0,0,2,0,0,0,0,1,0,0,0,0,0,0,0,0,1,0,0,0,1,0,0,0,0,0,0,0,0.016129032258064516,0.016129032258064516,0.016129032258064516,0.0,0.0,0.0,0.008064516129032258,0.0,0.0,0.008064516129032258,0.0,0.008064516129032258,0.0,0.0,0.0,16.857142857142858,34,0.0,0.0,0.42857142857142855,0,0,0,0.0,0,0,0.08064516129032258,0.016129032258064516,0.04032258064516129,0.0,6,0,7
java,java_60,0,0,0,0,0,0,0,0,0,0,0,1,0,0,0,0,2,0,0,0,0,1,0,0,0,0,0,0,0,0,1,0,0,0,1,0,0,0,0,0,0,0,0.016666666666666666,0.016666666666666666,0.016666666666666666,0.0,0.0,0.0,0.008333333333333333,0.0,0.0,0.008333333333333333,0.0,0.008333333333333333,0.0,0.0,0.0,16.285714285714285,34,0.0,0.0,0.42857142857142855,0,0,0,0.0,0,0,0.08333333333333333,0.016666666666666666,0.008333333333333333,0.0,6,0,7
java,java_62,0,0,0,0,0,0,0,0,0,0,0,1,0,0,0,0,2,0,0,0,0,1,0,0,0,0,0,0,0,0,0,1,0,0,1,0,0,0,0,0,0,0,0.0106951871657754,0.0106951871657754,0.0106951871657754,0.0,0.0053475935828877,0.0,0.0106951871657754,0.0,0.0,0.0213903743315508,0.0053475935828877,0.0106951871657754,0.0106951871657754,0.0,0.0,25.857142857142858,53,0.0,0.0,0.42857142857142855,1,0,0,0.0,0,0,0.10160427807486631,0.0053475935828877,0.0481283422459893,0.016042780748663103,6,0,7
java,java_63,0,0,0,0,0,0,0,0,0,0,0,1,0,0,0,0,2,0,0,0,0,0,1,0,0,0,0,0,0,0,0,1,0,0,1,0,0,0,0,0,0,0,0.012738853503184714,0.012738853503184714,0.012738853503184714,0.0,0.0,0.0,0.006369426751592357,0.0,0.0,0.012738853503184714,0.006369426751592357,0.0,0.012738853503184714,0.012738853503184714,0.0,21.571428571428573,44,0.0,0.0,0.42857142857142855,0,0,0,0.0,0,0,0.08917197452229299,0.0,0.03184713375796178,0.012738853503184714,6,0,7
java,java_64,0,0,0,0,0,0,0,0,0,0,0,0,0,0,0,0,0,0,0,0,0,0,1,0,0,0,0,0,0,0,0,0,0,0,2,0,0,0,0,0,0,0,0.0,0.0,0.02564102564102564,0.017094017094017096,0.017094017094017096,0.0,0.017094017094017096,0.0,0.0,0.017094017094017096,0.0,0.0,0.017094017094017096,0.017094017094017096,0.0,22.6,43,0.0,0.0,0.0,0,0,0,0.2,0,0,0.1282051282051282,0.0,0.042735042735042736,0.008547008547008548,3,0,5
java,java_65,0,0,0,0,0,0,0,0,0,0,0,1,0,0,0,0,2,0,0,0,0,0,0,0,0,0,0,0,0,0,1,0,0,0,2,0,0,0,0,0,0,0,0.01639344262295082,0.01639344262295082,0.00819672131147541,0.0,0.0,0.0,0.0,0.0,0.0,0.00819672131147541,0.0,0.00819672131147541,0.0,0.0,0.0,16.571428571428573,34,0.0,0.0,0.42857142857142855,0,0,0,0.0,0,0,0.09016393442622951,0.0,0.040983606557377046,0.0,5,0,7
java,java_67,0,0,0,0,0,0,0,0,0,0,0,1,0,0,0,0,2,0,0,0,0,0,0,0,0,0,0,0,0,0,0,1,0,0,1,0,0,0,0,0,0,0,0.012658227848101266,0.012658227848101266,0.012658227848101266,0.0,0.0,0.0,0.0,0.0,0.0,0.0189873417721519,0.006329113924050633,0.0,0.012658227848101266,0.012658227848101266,0.0,21.714285714285715,44,0.0,0.0,0.42857142857142855,0,0,0,0.0,0,0,0.10126582278481013,0.0,0.03164556962025317,0.0189873417721519,6,0,7
java,java_68,0,0,0,0,0,0,0,0,0,0,0,1,0,0,0,0,2,0,0,0,0,0,0,0,0,0,0,0,0,0,0,1,0,0,2,0,0,0,0,0,0,0,0.013605442176870748,0.013605442176870748,0.006802721088435374,0.0,0.0,0.0,0.0,0.0,0.0,0.013605442176870748,0.006802721088435374,0.0,0.013605442176870748,0.0,0.0,20.142857142857142,44,0.0,0.0,0.42857142857142855,0,0,0,0.0,0,0,0.10204081632653061,0.0,0.061224489795918366,0.013605442176870748,5,0,7
java,java_70,0,0,0,0,0,0,0,0,0,0,0,0,0,0,0,0,0,0,0,0,0,1,0,0,0,0,0,0,0,0,0,0,0,0,1,0,0,0,0,0,0,0,0.013888888888888888,0.013888888888888888,0.020833333333333332,0.0,0.006944444444444444,0.0,0.020833333333333332,0.0,0.0,0.027777777777777776,0.0,0.013888888888888888,0.0,0.0,0.0,19.714285714285715,53,0.0,0.0,0.2857142857142857,1,0,0,0.0,0,0,0.13194444444444445,0.027777777777777776,0.020833333333333332,0.013888888888888888,6,0,7
java,java_71,0,0,0,0,0,0,0,0,0,0,0,0,0,0,0,0,1,0,0,0,0,1,0,0,0,0,0,0,0,0,0,1,0,0,1,0,0,0,0,0,0,0,0.012195121951219513,0.012195121951219513,0.024390243902439025,0.0,0.0,0.0,0.012195121951219513,0.0,0.0,0.012195121951219513,0.0,0.0,0.0,0.0,0.0,15.6,26,0.0,0.0,0.2,0,0,0,0.0,0,0,0.0975609756097561,0.024390243902439025,0.06097560975609756,0.0,4,0,5
java,java_72,0,0,0,0,0,0,0,0,0,0,0,0,0,0,0,0,1,0,0,0,0,1,0,0,0,0,0,0,0,0,0,1,0,0,1,0,0,0,0,0,0,0,0.008333333333333333,0.008333333333333333,0.016666666666666666,0.0,0.008333333333333333,0.0,0.016666666666666666,0.0,0.0,0.025,0.0,0.016666666666666666,0.0,0.0,0.0,23.2,53,0.0,0.0,0.2,1,0,0,0.0,0,0,0.10833333333333334,0.008333333333333333,0.041666666666666664,0.008333333333333333,4,0,5
java,java_76,0,0,0,0,0,0,0,0,0,0,0,0,0,0,0,0,0,0,0,0,0,0,0,0,0,0,0,0,0,0,0,0,0,0,1,0,0,0,0,0,0,0,0.0,0.0,0.028846153846153848,0.019230769230769232,0.019230769230769232,0.0,0.009615384615384616,0.0,0.0,0.028846153846153848,0.0,0.0,0.019230769230769232,0.019230769230769232,0.0,25.25,43,0.0,0.0,0.0,0,0,0,0.25,0,0,0.14423076923076922,0.0,0.04807692307692308,0.019230769230769232,3,0,4
java,java_77,0,0,0,0,0,0,0,0,0,0,0,0,0,0,0,0,1,0,0,0,0,0,1,0,0,0,0,0,0,0,0,1,0,0,1,0,0,0,0,0,0,0,0.011111111111111112,0.011111111111111112,0.022222222222222223,0.0,0.0,0.0,0.011111111111111112,0.0,0.0,0.011111111111111112,0.0,0.0,0.0,0.022222222222222223,0.0,17.2,26,0.0,0.0,0.2,0,0,0,0.0,0,0,0.08888888888888889,0.0,0.011111111111111112,0.0,4,0,5
java,java_81,0,0,0,0,0,0,0,0,0,0,0,1,0,0,0,0,2,0,0,0,0,1,0,0,0,0,0,0,0,0,1,0,0,0,1,0,0,0,0,0,0,0,0.012345679012345678,0.012345679012345678,0.012345679012345678,0.0,0.006172839506172839,0.0,0.012345679012345678,0.0,0.0,0.018518518518518517,0.0,0.018518518518518517,0.0,0.0,0.0,22.285714285714285,53,0.0,0.0,0.42857142857142855,1,0,0,0.0,0,0,0.09259259259259259,0.006172839506172839,0.030864197530864196,0.006172839506172839,6,0,7
java,java_82,0,0,0,0,0,0,0,0,0,0,0,1,0,0,0,0,2,0,0,0,0,1,0,0,0,0,0,0,0,0,1,0,0,0,1,0,0,0,0,0,0,0,0.012658227848101266,0.012658227848101266,0.012658227848101266,0.0,0.006329113924050633,0.0,0.012658227848101266,0.0,0.0,0.0189873417721519,0.0,0.0189873417721519,0.0,0.0,0.0,21.714285714285715,53,0.0,0.0,0.42857142857142855,1,0,0,0.0,0,0,0.0949367088607595,0.006329113924050633,0.006329113924050633,0.006329113924050633,6,0,7
java,java_84,0,0,0,0,0,0,0,0,0,0,0,1,0,0,0,0,2,0,0,0,0,1,0,0,0,0,0,0,0,0,1,0,0,0,2,0,0,0,0,0,0,0,0.010869565217391304,0.010869565217391304,0.010869565217391304,0.0,0.005434782608695652,0.0,0.010869565217391304,0.0,0.0,0.016304347826086956,0.0,0.016304347826086956,0.0,0.0,0.0,22.125,53,0.0,0.0,0.375,1,0,0,0.0,0,0,0.09239130434782608,0.005434782608695652,0.02717391304347826,0.005434782608695652,6,0,8
java,java_85,0,0,0,0,0,0,0,0,0,0,0,0,0,0,0,0,0,0,0,0,0,0,1,0,0,0,0,0,0,0,0,0,0,0,1,0,0,0,0,0,0,0,0.01818181818181818,0.01818181818181818,0.02727272727272727,0.0,0.0,0.0,0.01818181818181818,0.0,0.0,0.01818181818181818,0.0,0.0,0.0,0.01818181818181818,0.0,14.857142857142858,24,0.0,0.0,0.2857142857142857,0,0,0,0.0,0,0,0.12727272727272726,0.02727272727272727,0.02727272727272727,0.00909090909090909,6,0,7
java,java_86,0,0,0,0,0,0,0,0,0,0,0,0,0,0,0,0,0,0,0,0,0,0,0,0,0,0,0,0,0,0,0,0,0,0,1,0,0,0,0,0,0,0,0.0,0.0,0.02666666666666667,0.02666666666666667,0.02666666666666667,0.0,0.013333333333333334,0.0,0.0,0.02666666666666667,0.0,0.0,0.02666666666666667,0.0,0.0,24.333333333333332,43,0.0,0.0,0.0,0,0,0,0.3333333333333333,0,0,0.16,0.0,0.06666666666666667,0.013333333333333334,2,0,3
java,java_89,0,0,0,0,0,0,0,0,0,0,0,1,0,0,0,0,2,0,0,0,0,0,0,0,0,0,0,0,0,0,1,0,0,0,1,0,0,0,0,0,0,0,0.019230769230769232,0.019230769230769232,0.009615384615384616,0.0,0.0,0.0,0.0,0.0,0.0,0.009615384615384616,0.0,0.009615384615384616,0.0,0.0,0.0,16.5,34,0.0,0.0,0.5,0,0,0,0.0,0,0,0.08653846153846154,0.0,0.009615384615384616,0.0,5,0,6
java,java_90,0,0,0,0,0,0,0,0,0,0,0,0,0,0,0,0,0,0,0,0,0,0,0,0,0,0,0,0,0,0,0,0,0,0,1,0,0,0,0,0,0,0,0.018018018018018018,0.018018018018018018,0.02702702702702703,0.0,0.0,0.0,0.009009009009009009,0.0,0.0,0.02702702702702703,0.0,0.0,0.0,0.018018018018018018,0.0,15.0,24,0.0,0.0,0.2857142857142857,0,0,0,0.0,0,0,0.14414414414414414,0.02702702702702703,0.02702702702702703,0.018018018018018018,6,0,7
java,java_96,0,0,0,0,0,0,0,0,0,0,0,0,0,0,0,0,0,0,0,0,1,0,0,0,0,0,0,0,0,0,0,0,0,0,0,0,0,0,0,0,0,0,0.0196078431372549,0.0196078431372549,0.029411764705882353,0.0,0.0,0.0,0.0196078431372549,0.0,0.0,0.0196078431372549,0.0,0.0,0.0,0.0,0.0,16.166666666666668,25,0.0,0.0,0.3333333333333333,0,0,0,0.0,0,0,0.11764705882352941,0.029411764705882353,0.029411764705882353,0.0196078431372549,6,0,6
java,java_98,0,0,0,0,0,0,0,0,0,0,0,1,0,0,0,0,2,0,0,0,0,0,0,0,0,0,0,0,0,0,1,0,0,0,0,0,0,0,0,0,0,0,0.022222222222222223,0.022222222222222223,0.011111111111111112,0.0,0.0,0.0,0.0,0.0,0.0,0.011111111111111112,0.0,0.011111111111111112,0.0,0.0,0.0,17.2,34,0.0,0.0,0.6,0,0,0,0.0,0,0,0.07777777777777778,0.0,0.011111111111111112,0.0,5,0,5
java,java_102,0,0,0,0,0,0,0,0,0,0,0,0,0,0,0,0,1,0,0,0,0,1,0,0,0,0,0,0,0,0,0,1,0,0,1,0,0,0,0,0,0,0,0.008064516129032258,0.008064516129032258,0.016129032258064516,0.0,0.008064516129032258,0.0,0.016129032258064516,0.0,0.0,0.024193548387096774,0.0,0.016129032258064516,0.0,0.0,0.0,24.0,53,0.0,0.0,0.2,1,0,0,0.0,0,0,0.10483870967741936,0.008064516129032258,0.008064516129032258,0.008064516129032258,4,0,5
java,java_105,0,0,0,0,0,0,0,0,0,0,0,1,0,0,0,0,2,0,0,0,0,0,0,0,0,0,0,0,0,0,0,1,0,0,2,0,0,0,0,0,0,0,0.013245033112582781,0.013245033112582781,0.006622516556291391,0.0,0.0,0.0,0.0,0.0,0.0,0.013245033112582781,0.006622516556291391,0.0,0.013245033112582781,0.0,0.0,20.714285714285715,44,0.0,0.0,0.42857142857142855,0,0,0,0.0,0,0,0.09933774834437085,0.0,0.08609271523178808,0.013245033112582781,5,0,7
java,java_107,0,0,0,0,0,0,0,0,0,0,0,0,0,0,0,0,0,0,0,0,0,1,0,0,0,0,0,0,0,0,0,0,0,0,0,0,0,0,0,0,0,0,0.0,0.0,0.03896103896103896,0.025974025974025976,0.025974025974025976,0.0,0.025974025974025976,0.0,0.0,0.025974025974025976,0.0,0.0,0.025974025974025976,0.0,0.0,25.0,43,0.0,0.0,0.0,0,0,0,0.3333333333333333,0,0,0.14285714285714285,0.025974025974025976,0.06493506493506493,0.012987012987012988,3,0,3
java,java_109,0,0,0,0,0,0,0,0,0,0,0,0,0,0,0,0,0,0,0,0,0,1,0,0,0,0,0,0,0,0,0,0,0,0,1,0,0,0,0,0,0,0,0.0,0.0,0.021897810218978103,0.014598540145985401,0.021897810218978103,0.0,0.021897810218978103,0.0,0.0,0.029197080291970802,0.0,0.014598540145985401,0.014598540145985401,0.0,0.0,33.5,53,0.0,0.0,0.0,1,0,0,0.25,0,0,0.13138686131386862,0.0072992700729927005,0.0364963503649635,0.014598540145985401,3,0,4
java,java_110,0,0,0,0,0,0,0,0,0,0,0,0,0,0,0,0,0,0,0,0,0,1,0,0,0,0,0,0,0,0,0,0,0,0,1,0,0,0,0,0,0,0,0.01818181818181818,0.01818181818181818,0.02727272727272727,0.0,0.0,0.0,0.01818181818181818,0.0,0.0,0.01818181818181818,0.0,0.0,0.0,0.0,0.0,14.857142857142858,24,0.0,0.0,0.2857142857142857,0,0,0,0.0,0,0,0.12727272727272726,0.045454545454545456,0.06363636363636363,0.00909090909090909,6,0,7
java,java_112,0,0,0,0,0,0,0,0,0,0,0,1,0,0,0,0,2,0,0,0,0,0,0,0,0,0,0,0,0,0,1,0,0,0,2,0,0,0,0,0,0,0,0.01639344262295082,0.01639344262295082,0.00819672131147541,0.0,0.0,0.0,0.0,0.0,0.0,0.00819672131147541,0.0,0.00819672131147541,0.0,0.0,0.0,16.571428571428573,34,0.0,0.0,0.42857142857142855,0,0,0,0.0,0,0,0.09016393442622951,0.0,0.040983606557377046,0.0,5,0,7
java,java_116,0,0,0,0,0,0,0,0,0,0,0,1,0,0,0,0,2,0,0,0,1,0,0,0,0,0,0,0,0,0,1,0,0,0,1,0,0,0,0,0,0,0,0.014492753623188406,0.014492753623188406,0.014492753623188406,0.0,0.0,0.0,0.007246376811594203,0.0,0.0,0.007246376811594203,0.0,0.007246376811594203,0.0,0.0,0.0,18.857142857142858,34,0.0,0.0,0.42857142857142855,0,0,0,0.0,0,0,0.07246376811594203,0.0,0.007246376811594203,0.007246376811594203,6,0,7
java,java_122,0,0,0,0,0,0,0,0,0,0,0,1,0,0,0,0,2,0,0,0,0,0,0,0,0,0,0,0,0,0,0,1,0,0,2,0,0,0,0,0,0,0,0.011363636363636364,0.011363636363636364,0.011363636363636364,0.0,0.0,0.0,0.0,0.0,0.0,0.017045454545454544,0.005681818181818182,0.0,0.011363636363636364,0.011363636363636364,0.0,21.125,44,0.0,0.0,0.375,0,0,0,0.0,0,0,0.10227272727272728,0.0,0.05113636363636364,0.017045454545454544,6,0,8
java,java_126,0,0,0,0,0,0,0,0,0,0,0,0,0,0,0,0,1,0,0,0,0,0,1,0,0,0,0,0,0,0,0,1,0,0,1,0,0,0,0,0,0,0,0.012195121951219513,0.012195121951219513,0.024390243902439025,0.0,0.0,0.0,0.012195121951219513,0.0,0.0,0.012195121951219513,0.0,0.0,0.0,0.024390243902439025,0.0,15.6,26,0.0,0.0,0.2,0,0,0,0.0,0,0,0.0975609756097561,0.0,0.012195121951219513,0.0,4,0,5
java,java_128,0,0,0,0,0,0,0,0,0,0,0,1,0,0,0,0,2,0,0,0,1,0,0,0,0,0,0,0,0,0,0,1,0,0,1,0,0,0,0,0,0,0,0.012578616352201259,0.012578616352201259,0.012578616352201259,0.0,0.0,0.0,0.006289308176100629,0.0,0.0,0.012578616352201259,0.006289308176100629,0.0,0.012578616352201259,0.0,0.0,21.857142857142858,44,0.0,0.0,0.42857142857142855,0,0,0,0.0,0,0,0.0880503144654088,0.0,0.05660377358490566,0.018867924528301886,6,0,7
java,java_129,0,0,0,0,0,0,0,0,0,0,0,0,0,0,0,0,0,0,0,0,0,0,0,0,0,0,0,0,0,0,0,0,0,0,2,0,0,0,0,0,0,0,0.017241379310344827,0.017241379310344827,0.017241379310344827,0.0,0.0,0.0,0.008620689655172414,0.0,0.0,0.017241379310344827,0.0,0.0,0.0,0.0,0.0,15.714285714285714,24,0.0,0.0,0.2857142857142857,0,0,0,0.0,0,0,0.12931034482758622,0.02586206896551724,0.0603448275862069,0.008620689655172414,5,0,7
java,java_131,0,0,0,0,0,0,0,0,0,0,0,0,0,0,0,0,0,0,0,0,0,1,0,0,0,0,0,0,0,0,0,0,0,0,2,0,0,0,0,0,0,0,0.0,0.0,0.02040816326530612,0.013605442176870748,0.02040816326530612,0.0,0.02040816326530612,0.0,0.0,0.027210884353741496,0.0,0.013605442176870748,0.013605442176870748,0.0,0.0,28.6,53,0.0,0.0,0.0,1,0,0,0.2,0,0,0.1360544217687075,0.006802721088435374,0.061224489795918366,0.013605442176870748,3,0,5
java,java_134,0,0,0,0,0,0,0,0,0,0,0,0,0,0,0,0,0,0,0,0,0,0,1,0,0,0,0,0,0,0,0,0,0,0,2,0,0,0,0,0,0,0,0.015151515151515152,0.015151515151515152,0.022727272727272728,0.0,0.0,0.0,0.015151515151515152,0.0,0.0,0.015151515151515152,0.0,0.0,0.0,0.015151515151515152,0.0,15.625,24,0.0,0.0,0.25,0,0,0,0.0,0,0,0.12121212121212122,0.022727272727272728,0.022727272727272728,0.007575757575757576,6,0,8
java,java_135,0,0,0,0,0,0,0,0,0,0,0,1,0,0,0,0,2,0,0,0,1,0,0,0,0,0,0,0,0,0,1,0,0,0,0,0,0,0,0,0,0,0,0.017241379310344827,0.017241379310344827,0.017241379310344827,0.0,0.0,0.0,0.008620689655172414,0.0,0.0,0.008620689655172414,0.0,0.008620689655172414,0.0,0.0,0.0,18.5,34,0.0,0.0,0.5,0,0,0,0.0,0,0,0.06896551724137931,0.0,0.008620689655172414,0.008620689655172414,6,0,6
java,java_136,0,0,0,0,0,0,0,0,0,0,0,0,0,0,0,0,0,0,0,0,0,0,0,0,0,0,0,0,0,0,0,0,0,0,2,0,0,0,0,0,0,0,0.016666666666666666,0.016666666666666666,0.016666666666666666,0.0,0.0,0.0,0.008333333333333333,0.0,0.0,0.016666666666666666,0.0,0.0,0.0,0.0,0.0,16.285714285714285,24,0.0,0.0,0.2857142857142857,0,0,0,0.0,0,0,0.125,0.025,0.025,0.008333333333333333,5,0,7
java,java_138,0,0,0,0,0,0,0,0,0,0,0,1,0,0,0,0,2,0,0,0,0,0,1,0,0,0,0,0,0,0,0,1,0,0,1,0,0,0,0,0,0,0,0.013071895424836602,0.013071895424836602,0.013071895424836602,0.0,0.0,0.0,0.006535947712418301,0.0,0.0,0.013071895424836602,0.006535947712418301,0.0,0.013071895424836602,0.013071895424836602,0.0,21.0,44,0.0,0.0,0.42857142857142855,0,0,0,0.0,0,0,0.0915032679738562,0.0,0.058823529411764705,0.013071895424836602,6,0,7
java,java_139,0,0,0,0,0,0,0,0,0,0,0,0,0,0,0,0,0,0,0,0,0,0,0,0,0,0,0,0,0,0,0,0,0,0,1,0,0,0,0,0,0,0,0.01680672268907563,0.01680672268907563,0.025210084033613446,0.0,0.0,0.0,0.008403361344537815,0.0,0.0,0.025210084033613446,0.0,0.0,0.0,0.01680672268907563,0.0,16.142857142857142,24,0.0,0.0,0.2857142857142857,0,0,0,0.0,0,0,0.13445378151260504,0.025210084033613446,0.025210084033613446,0.01680672268907563,6,0,7
java,java_142,0,0,0,0,0,0,0,0,0,0,0,1,0,0,0,0,2,0,0,0,0,1,0,0,0,0,0,0,0,0,1,0,0,0,0,0,0,0,0,0,0,0,0.013888888888888888,0.013888888888888888,0.013888888888888888,0.0,0.006944444444444444,0.0,0.013888888888888888,0.0,0.0,0.020833333333333332,0.0,0.020833333333333332,0.0,0.0,0.0,23.166666666666668,53,0.0,0.0,0.5,1,0,0,0.0,0,0,0.09027777777777778,0.006944444444444444,0.006944444444444444,0.006944444444444444,6,0,6
java,java_143,0,0,0,0,0,0,0,0,0,0,0,0,0,0,0,0,0,0,0,0,0,0,1,0,0,0,0,0,0,0,0,0,0,0,1,0,0,0,0,0,0,0,0.01694915254237288,0.01694915254237288,0.025423728813559324,0.0,0.0,0.0,0.01694915254237288,0.0,0.0,0.01694915254237288,0.0,0.0,0.0,0.01694915254237288,0.0,16.0,24,0.0,0.0,0.2857142857142857,0,0,0,0.0,0,0,0.11864406779661017,0.025423728813559324,0.025423728813559324,0.00847457627118644,6,0,7
java,java_145,0,0,0,0,0,0,0,0,0,0,0,0,0,0,0,0,1,0,0,0,0,0,1,0,0,0,0,0,0,0,0,1,0,0,2,0,0,0,0,0,0,0,0.009259259259259259,0.009259259259259259,0.018518518518518517,0.0,0.0,0.0,0.009259259259259259,0.0,0.0,0.009259259259259259,0.0,0.0,0.0,0.018518518518518517,0.0,17.166666666666668,26,0.0,0.0,0.16666666666666666,0,0,0,0.0,0,0,0.09259259259259259,0.0,0.046296296296296294,0.0,4,0,6
java,java_146,0,0,0,0,0,0,0,0,0,0,0,0,0,0,0,0,0,0,0,0,0,1,0,0,0,0,0,0,0,0,0,0,0,0,1,0,0,0,0,0,0,0,0.0,0.0,0.023255813953488372,0.015503875968992248,0.023255813953488372,0.0,0.023255813953488372,0.0,0.0,0.031007751937984496,0.0,0.015503875968992248,0.015503875968992248,0.0,0.0,31.5,53,0.0,0.0,0.0,1,0,0,0.25,0,0,0.13953488372093023,0.007751937984496124,0.03875968992248062,0.015503875968992248,3,0,4
java,java_147,0,0,0,0,0,0,0,0,0,0,0,0,0,0,0,0,0,0,0,0,0,0,0,0,0,0,0,0,0,0,0,0,0,0,2,0,0,0,0,0,0,0,0.0,0.0,0.019801980198019802,0.019801980198019802,0.019801980198019802,0.0,0.009900990099009901,0.0,0.0,0.019801980198019802,0.0,0.0,0.019801980198019802,0.0,0.0,24.5,43,0.0,0.0,0.0,0,0,0,0.25,0,0,0.13861386138613863,0.0,0.0891089108910891,0.009900990099009901,2,0,4
java,java_149,0,0,0,0,0,0,0,0,0,0,0,0,0,0,0,0,0,0,0,0,0,0,0,0,0,0,0,0,0,0,0,0,0,0,1,0,0,0,0,0,0,0,0.01680672268907563,0.01680672268907563,0.025210084033613446,0.0,0.0,0.0,0.008403361344537815,0.0,0.0,0.025210084033613446,0.0,0.0,0.0,0.01680672268907563,0.0,16.142857142857142,24,0.0,0.0,0.2857142857142857,0,0,0,0.0,0,0,0.13445378151260504,0.025210084033613446,0.025210084033613446,0.01680672268907563,6,0,7
java,java_151,0,0,0,0,0,0,0,0,0,0,0,0,0,0,0,0,0,0,0,0,0,0,0,0,0,0,0,0,0,0,0,0,0,0,2,0,0,0,0,0,0,0,0.0,0.0,0.01904761904761905,0.01904761904761905,0.01904761904761905,0.0,0.009523809523809525,0.0,0.0,0.01904761904761905,0.0,0.0,0.01904761904761905,0.0,0.0,25.5,43,0.0,0.0,0.0,0,0,0,0.25,0,0,0.13333333333333333,0.0,0.047619047619047616,0.009523809523809525,2,0,4
java,java_155,0,0,0,0,0,0,0,0,0,0,0,0,0,0,0,0,0,0,0,0,0,0,1,0,0,0,0,0,0,0,0,0,0,0,1,0,0,0,0,0,0,0,0.01694915254237288,0.01694915254237288,0.025423728813559324,0.0,0.0,0.0,0.01694915254237288,0.0,0.0,0.01694915254237288,0.0,0.0,0.0,0.01694915254237288,0.0,16.0,24,0.0,0.0,0.2857142857142857,0,0,0,0.0,0,0,0.11864406779661017,0.025423728813559324,0.025423728813559324,0.00847457627118644,6,0,7
java,java_156,0,0,0,0,0,0,0,0,0,0,0,1,0,0,0,0,2,0,0,0,0,0,1,0,0,0,0,0,0,0,0,1,0,0,2,0,0,0,0,0,0,0,0.011428571428571429,0.011428571428571429,0.011428571428571429,0.0,0.0,0.0,0.005714285714285714,0.0,0.0,0.011428571428571429,0.005714285714285714,0.0,0.011428571428571429,0.011428571428571429,0.0,21.0,44,0.0,0.0,0.375,0,0,0,0.0,0,0,0.09142857142857143,0.0,0.05142857142857143,0.011428571428571429,6,0,8
java,java_161,0,0,0,0,0,0,0,0,0,0,0,0,0,0,0,0,0,0,0,0,0,0,1,0,0,0,0,0,0,0,0,0,0,0,1,0,0,0,0,0,0,0,0.0,0.0,0.030303030303030304,0.020202020202020204,0.020202020202020204,0.0,0.020202020202020204,0.0,0.0,0.020202020202020204,0.0,0.0,0.020202020202020204,0.020202020202020204,0.0,24.0,43,0.0,0.0,0.0,0,0,0,0.25,0,0,0.13131313131313133,0.0,0.09090909090909091,0.010101010101010102,3,0,4
java,java_162,0,0,0,0,0,0,0,0,0,0,0,0,0,0,0,0,0,0,0,0,0,0,0,0,0,0,0,0,0,0,0,0,0,0,2,0,0,0,0,0,0,0,0.0,0.0,0.021505376344086023,0.021505376344086023,0.021505376344086023,0.0,0.010752688172043012,0.0,0.0,0.021505376344086023,0.0,0.0,0.021505376344086023,0.0,0.0,22.5,43,0.0,0.0,0.0,0,0,0,0.25,0,0,0.15053763440860216,0.0,0.0967741935483871,0.010752688172043012,2,0,4
java,java_166,0,0,0,0,0,0,0,0,0,0,0,1,0,0,0,0,2,0,0,0,0,0,0,0,0,0,0,0,0,0,1,0,0,0,2,0,0,0,0,0,0,0,0.015384615384615385,0.015384615384615385,0.007692307692307693,0.0,0.0,0.0,0.0,0.0,0.0,0.007692307692307693,0.0,0.007692307692307693,0.0,0.0,0.0,17.714285714285715,34,0.0,0.0,0.42857142857142855,0,0,0,0.0,0,0,0.08461538461538462,0.0,0.038461538461538464,0.0,5,0,7
java,java_170,0,0,0,0,0,0,0,0,0,0,0,0,0,0,0,0,0,0,0,0,0,0,0,0,0,0,0,0,0,0,0,0,0,0,2,0,0,0,0,0,0,0,0.015503875968992248,0.015503875968992248,0.023255813953488372,0.0,0.0,0.0,0.007751937984496124,0.0,0.0,0.023255813953488372,0.0,0.0,0.0,0.015503875968992248,0.0,15.25,24,0.0,0.0,0.25,0,0,0,0.0,0,0,0.13953488372093023,0.023255813953488372,0.05426356589147287,0.015503875968992248,6,0,8
java,java_173,0,0,0,0,0,0,0,0,0,0,0,1,0,0,0,0,2,0,0,0,0,1,0,0,0,0,0,0,0,0,1,0,0,0,1,0,0,0,0,0,0,0,0.015625,0.015625,0.015625,0.0,0.0,0.0,0.0078125,0.0,0.0,0.0078125,0.0,0.0078125,0.0,0.0,0.0,17.428571428571427,34,0.0,0.0,0.42857142857142855,0,0,0,0.0,0,0,0.078125,0.015625,0.0078125,0.0,6,0,7
java,java_175,0,0,0,0,0,0,0,0,0,0,0,1,0,0,0,0,2,0,0,0,0,0,1,0,0,0,0,0,0,0,0,1,0,0,2,0,0,0,0,0,0,0,0.011695906432748537,0.011695906432748537,0.011695906432748537,0.0,0.0,0.0,0.005847953216374269,0.0,0.0,0.011695906432748537,0.005847953216374269,0.0,0.011695906432748537,0.011695906432748537,0.0,20.5,44,0.0,0.0,0.375,0,0,0,0.0,0,0,0.0935672514619883,0.0,0.029239766081871343,0.011695906432748537,6,0,8
java,java_177,0,0,0,0,0,0,0,0,0,0,0,0,0,0,0,0,1,0,0,0,0,1,0,0,0,0,0,0,0,0,0,1,0,0,2,0,0,0,0,0,0,0,0.010416666666666666,0.010416666666666666,0.020833333333333332,0.0,0.0,0.0,0.010416666666666666,0.0,0.0,0.010416666666666666,0.0,0.0,0.0,0.0,0.0,15.166666666666666,26,0.0,0.0,0.16666666666666666,0,0,0,0.0,0,0,0.10416666666666667,0.020833333333333332,0.052083333333333336,0.0,4,0,6
java,java_182,0,0,0,0,0,0,0,0,0,0,0,0,0,0,0,0,0,0,0,0,0,0,1,0,0,0,0,0,0,0,0,0,0,0,1,0,0,0,0,0,0,0,0.01818181818181818,0.01818181818181818,0.02727272727272727,0.0,0.0,0.0,0.01818181818181818,0.0,0.0,0.01818181818181818,0.0,0.0,0.0,0.01818181818181818,0.0,14.857142857142858,24,0.0,0.0,0.2857142857142857,0,0,0,0.0,0,0,0.12727272727272726,0.02727272727272727,0.02727272727272727,0.00909090909090909,6,0,7
java,java_187,0,0,0,0,0,0,0,0,0,0,0,1,0,0,0,0,2,0,0,0,1,0,0,0,0,0,0,0,0,0,0,1,0,0,1,0,0,0,0,0,0,0,0.012903225806451613,0.012903225806451613,0.012903225806451613,0.0,0.0,0.0,0.0064516129032258064,0.0,0.0,0.012903225806451613,0.0064516129032258064,0.0,0.012903225806451613,0.0,0.0,21.285714285714285,44,0.0,0.0,0.42857142857142855,0,0,0,0.0,0,0,0.09032258064516129,0.0,0.03225806451612903,0.01935483870967742,6,0,7
java,java_189,0,0,0,0,0,0,0,0,0,0,0,1,0,0,0,0,2,0,0,0,1,0,0,0,0,0,0,0,0,0,0,1,0,0,2,0,0,0,0,0,0,0,0.011560693641618497,0.011560693641618497,0.011560693641618497,0.0,0.0,0.0,0.005780346820809248,0.0,0.0,0.011560693641618497,0.005780346820809248,0.0,0.011560693641618497,0.0,0.0,20.75,44,0.0,0.0,0.375,0,0,0,0.0,0,0,0.09248554913294797,0.0,0.05202312138728324,0.017341040462427744,6,0,8
java,java_190,0,0,0,0,0,0,0,0,0,0,0,1,0,0,0,0,2,0,0,0,0,0,0,0,0,0,0,0,0,0,0,1,0,0,2,0,0,0,0,0,0,0,0.012578616352201259,0.012578616352201259,0.006289308176100629,0.0,0.0,0.0,0.0,0.0,0.0,0.012578616352201259,0.006289308176100629,0.0,0.012578616352201259,0.0,0.0,21.857142857142858,44,0.0,0.0,0.42857142857142855,0,0,0,0.0,0,0,0.09433962264150944,0.0,0.031446540880503145,0.012578616352201259,5,0,7
java,java_195,0,0,0,0,0,0,0,0,0,0,0,0,0,0,0,0,0,0,0,0,0,1,0,0,0,0,0,0,0,0,0,0,0,0,1,0,0,0,0,0,0,0,0.017543859649122806,0.017543859649122806,0.02631578947368421,0.0,0.0,0.0,0.017543859649122806,0.0,0.0,0.017543859649122806,0.0,0.0,0.0,0.0,0.0,15.428571428571429,24,0.0,0.0,0.2857142857142857,0,0,0,0.0,0,0,0.12280701754385964,0.043859649122807015,0.02631578947368421,0.008771929824561403,6,0,7
java,java_197,0,0,0,0,0,0,0,0,0,0,0,1,0,0,0,0,2,0,0,0,1,0,0,0,0,0,0,0,0,0,0,1,0,0,2,0,0,0,0,0,0,0,0.011299435028248588,0.011299435028248588,0.011299435028248588,0.0,0.0,0.0,0.005649717514124294,0.0,0.0,0.011299435028248588,0.005649717514124294,0.0,0.011299435028248588,0.0,0.0,21.25,44,0.0,0.0,0.375,0,0,0,0.0,0,0,0.0903954802259887,0.0,0.02824858757062147,0.01694915254237288,6,0,8
java,java_198,0,0,0,0,0,0,0,0,0,0,0,0,0,0,0,0,0,0,0,0,0,0,1,0,0,0,0,0,0,0,0,0,0,0,0,0,0,0,0,0,0,0,0.0,0.0,0.037037037037037035,0.024691358024691357,0.024691358024691357,0.0,0.024691358024691357,0.0,0.0,0.024691358024691357,0.0,0.0,0.024691358024691357,0.024691358024691357,0.0,26.333333333333332,43,0.0,0.0,0.0,0,0,0,0.3333333333333333,0,0,0.13580246913580246,0.0,0.06172839506172839,0.012345679012345678,3,0,3
java,java_209,0,0,0,0,0,0,0,0,0,0,0,1,0,0,0,0,2,0,0,0,1,0,0,0,0,0,0,0,0,0,1,0,0,0,1,0,0,0,0,0,0,0,0.014925373134328358,0.014925373134328358,0.014925373134328358,0.0,0.0,0.0,0.007462686567164179,0.0,0.0,0.007462686567164179,0.0,0.007462686567164179,0.0,0.0,0.0,18.285714285714285,34,0.0,0.0,0.42857142857142855,0,0,0,0.0,0,0,0.07462686567164178,0.0,0.03731343283582089,0.007462686567164179,6,0,7
java,java_211,0,0,0,0,0,0,0,0,0,0,0,1,0,0,0,0,2,0,0,0,0,0,0,0,0,0,0,0,0,0,0,1,0,0,2,0,0,0,0,0,0,0,0.013605442176870748,0.013605442176870748,0.006802721088435374,0.0,0.0,0.0,0.0,0.0,0.0,0.013605442176870748,0.006802721088435374,0.0,0.013605442176870748,0.0,0.0,20.142857142857142,44,0.0,0.0,0.42857142857142855,0,0,0,0.0,0,0,0.10204081632653061,0.0,0.061224489795918366,0.013605442176870748,5,0,7
java,java_221,0,0,0,0,0,0,0,0,0,0,0,0,0,0,0,0,0,0,0,0,1,0,0,0,0,0,0,0,0,0,0,0,0,0,0,0,0,0,0,0,0,0,0.0,0.0,0.034482758620689655,0.022988505747126436,0.022988505747126436,0.0,0.022988505747126436,0.0,0.0,0.022988505747126436,0.0,0.0,0.022988505747126436,0.0,0.0,28.333333333333332,43,0.0,0.0,0.0,0,0,0,0.3333333333333333,0,0,0.12643678160919541,0.0,0.05747126436781609,0.022988505747126436,3,0,3
java,java_223,0,0,0,0,0,0,0,0,0,0,0,0,0,0,0,0,0,0,0,0,0,0,0,0,0,0,0,0,0,0,0,0,0,0,1,0,0,0,0,0,0,0,0.0,0.0,0.03,0.02,0.02,0.0,0.01,0.0,0.0,0.03,0.0,0.0,0.02,0.02,0.0,24.25,43,0.0,0.0,0.0,0,0,0,0.25,0,0,0.15,0.0,0.09,0.02,3,0,4
java,java_224,0,0,0,0,0,0,0,0,0,0,0,0,0,0,0,0,0,0,0,0,0,1,0,0,0,0,0,0,0,0,0,0,0,0,0,0,0,0,0,0,0,0,0.015384615384615385,0.015384615384615385,0.023076923076923078,0.0,0.007692307692307693,0.0,0.023076923076923078,0.0,0.0,0.03076923076923077,0.0,0.015384615384615385,0.0,0.0,0.0,20.833333333333332,53,0.0,0.0,0.3333333333333333,1,0,0,0.0,0,0,0.13076923076923078,0.03076923076923077,0.023076923076923078,0.015384615384615385,6,0,6
java,java_230,0,0,0,0,0,0,0,0,0,0,0,0,0,0,0,0,0,0,0,0,0,1,0,0,0,0,0,0,0,0,0,0,0,0,1,0,0,0,0,0,0,0,0.0,0.0,0.022556390977443608,0.015037593984962405,0.022556390977443608,0.0,0.022556390977443608,0.0,0.0,0.03007518796992481,0.0,0.015037593984962405,0.015037593984962405,0.0,0.0,32.5,53,0.0,0.0,0.0,1,0,0,0.25,0,0,0.13533834586466165,0.007518796992481203,0.06766917293233082,0.015037593984962405,3,0,4
java,java_231,0,0,0,0,0,0,0,0,0,0,0,0,0,0,0,0,0,0,0,0,0,1,0,0,0,0,0,0,0,0,0,0,0,0,1,0,0,0,0,0,0,0,0.0,0.0,0.03296703296703297,0.02197802197802198,0.02197802197802198,0.0,0.02197802197802198,0.0,0.0,0.02197802197802198,0.0,0.0,0.02197802197802198,0.0,0.0,22.0,43,0.0,0.0,0.0,0,0,0,0.25,0,0,0.14285714285714285,0.02197802197802198,0.054945054945054944,0.01098901098901099,3,0,4
java,java_234,0,0,0,0,0,0,0,0,0,0,0,0,0,0,0,0,0,0,0,0,0,0,0,0,0,0,0,0,0,0,0,0,0,0,2,0,0,0,0,0,0,0,0.018518518518518517,0.018518518518518517,0.018518518518518517,0.0,0.0,0.0,0.009259259259259259,0.0,0.0,0.018518518518518517,0.0,0.0,0.0,0.0,0.0,14.571428571428571,24,0.0,0.0,0.2857142857142857,0,0,0,0.0,0,0,0.1388888888888889,0.027777777777777776,0.06481481481481481,0.009259259259259259,5,0,7
java,java_236,0,0,0,0,0,0,0,0,0,0,0,0,0,0,0,0,0,0,0,0,0,0,0,0,0,0,0,0,0,0,0,0,0,0,2,0,0,0,0,0,0,0,0.0,0.0,0.02247191011235955,0.02247191011235955,0.02247191011235955,0.0,0.011235955056179775,0.0,0.0,0.02247191011235955,0.0,0.0,0.02247191011235955,0.0,0.0,21.5,43,0.0,0.0,0.0,0,0,0,0.25,0,0,0.15730337078651685,0.0,0.056179775280898875,0.011235955056179775,2,0,4
java,java_237,0,0,0,0,0,0,0,0,0,0,0,0,0,0,0,0,0,0,0,0,0,1,0,0,0,0,0,0,0,0,0,0,0,0,2,0,0,0,0,0,0,0,0.0,0.0,0.01935483870967742,0.012903225806451613,0.01935483870967742,0.0,0.01935483870967742,0.0,0.0,0.025806451612903226,0.0,0.012903225806451613,0.012903225806451613,0.0,0.0,30.2,53,0.0,0.0,0.0,1,0,0,0.2,0,0,0.12903225806451613,0.0064516129032258064,0.05806451612903226,0.012903225806451613,3,0,5
java,java_238,0,0,0,0,0,0,0,0,0,0,0,1,0,0,0,0,2,0,0,0,0,0,0,0,0,0,0,0,0,0,1,0,0,0,2,0,0,0,0,0,0,0,0.01694915254237288,0.01694915254237288,0.00847457627118644,0.0,0.0,0.0,0.0,0.0,0.0,0.00847457627118644,0.0,0.00847457627118644,0.0,0.0,0.0,16.0,34,0.0,0.0,0.42857142857142855,0,0,0,0.0,0,0,0.09322033898305085,0.0,0.00847457627118644,0.0,5,0,7
java,java_242,0,0,0,0,0,0,0,0,0,0,0,0,0,0,0,0,0,0,0,0,0,1,0,0,0,0,0,0,0,0,0,0,0,0,1,0,0,0,0,0,0,0,0.018867924528301886,0.018867924528301886,0.02830188679245283,0.0,0.0,0.0,0.018867924528301886,0.0,0.0,0.018867924528301886,0.0,0.0,0.0,0.0,0.0,14.285714285714286,24,0.0,0.0,0.2857142857142857,0,0,0,0.0,0,0,0.1320754716981132,0.04716981132075472,0.02830188679245283,0.009433962264150943,6,0,7
java,java_243,0,0,0,0,0,0,0,0,0,0,0,0,0,0,0,0,0,0,0,0,1,0,0,0,0,0,0,0,0,0,0,0,0,0,1,0,0,0,0,0,0,0,0.017241379310344827,0.017241379310344827,0.02586206896551724,0.0,0.0,0.0,0.017241379310344827,0.0,0.0,0.017241379310344827,0.0,0.0,0.0,0.0,0.0,15.714285714285714,25,0.0,0.0,0.2857142857142857,0,0,0,0.0,0,0,0.1206896551724138,0.02586206896551724,0.02586206896551724,0.017241379310344827,6,0,7
java,java_244,0,0,0,0,0,0,0,0,0,0,0,1,0,0,0,0,2,0,0,0,0,0,0,0,0,0,0,0,0,0,1,0,0,0,2,0,0,0,0,0,0,0,0.015873015873015872,0.015873015873015872,0.007936507936507936,0.0,0.0,0.0,0.0,0.0,0.0,0.007936507936507936,0.0,0.007936507936507936,0.0,0.0,0.0,17.142857142857142,34,0.0,0.0,0.42857142857142855,0,0,0,0.0,0,0,0.0873015873015873,0.0,0.07142857142857142,0.0,5,0,7
java,java_245,0,0,0,0,0,0,0,0,0,0,0,1,0,0,0,0,2,0,0,0,0,0,0,0,0,0,0,0,0,0,1,0,0,0,2,0,0,0,0,0,0,0,0.013605442176870748,0.013605442176870748,0.013605442176870748,0.0,0.0,0.0,0.0,0.0,0.0,0.013605442176870748,0.0,0.006802721088435374,0.0,0.013605442176870748,0.0,17.5,34,0.0,0.0,0.375,0,0,0,0.0,0,0,0.09523809523809523,0.0,0.006802721088435374,0.006802721088435374,6,0,8
java,java_248,0,0,0,0,0,0,0,0,0,0,0,0,0,0,0,0,1,0,0,0,0,1,0,0,0,0,0,0,0,0,0,1,0,0,1,0,0,0,0,0,0,0,0.008620689655172414,0.008620689655172414,0.017241379310344827,0.0,0.008620689655172414,0.0,0.017241379310344827,0.0,0.0,0.02586206896551724,0.0,0.017241379310344827,0.0,0.0,0.0,22.4,53,0.0,0.0,0.2,1,0,0,0.0,0,0,0.11206896551724138,0.008620689655172414,0.008620689655172414,0.008620689655172414,4,0,5
java,java_249,0,0,0,0,0,0,0,0,0,0,0,1,0,0,0,0,2,0,0,0,0,0,0,0,0,0,0,0,0,0,1,0,0,0,1,0,0,0,0,0,0,0,0.015037593984962405,0.015037593984962405,0.015037593984962405,0.0,0.0,0.0,0.0,0.0,0.0,0.015037593984962405,0.0,0.007518796992481203,0.0,0.015037593984962405,0.0,18.142857142857142,34,0.0,0.0,0.42857142857142855,0,0,0,0.0,0,0,0.09022556390977443,0.0,0.007518796992481203,0.007518796992481203,6,0,7
java,java_264,0,0,0,0,0,0,0,0,0,0,0,0,0,0,0,0,0,0,0,0,0,1,0,0,0,0,0,0,0,0,0,0,0,0,0,0,0,0,0,0,0,0,0.021739130434782608,0.021739130434782608,0.03260869565217391,0.0,0.0,0.0,0.021739130434782608,0.0,0.0,0.021739130434782608,0.0,0.0,0.0,0.0,0.0,14.5,24,0.0,0.0,0.3333333333333333,0,0,0,0.0,0,0,0.13043478260869565,0.05434782608695652,0.03260869565217391,0.010869565217391304,6,0,6
java,java_266,0,0,0,0,0,0,0,0,0,0,0,1,0,0,0,0,2,0,0,0,0,0,0,0,0,0,0,0,0,0,1,0,0,0,1,0,0,0,0,0,0,0,0.016,0.016,0.016,0.0,0.0,0.0,0.0,0.0,0.0,0.016,0.0,0.008,0.0,0.016,0.0,17.0,34,0.0,0.0,0.42857142857142855,0,0,0,0.0,0,0,0.096,0.0,0.008,0.008,6,0,7
java,java_268,0,0,0,0,0,0,0,0,0,0,0,0,0,0,0,0,0,0,0,0,0,1,0,0,0,0,0,0,0,0,0,0,0,0,2,0,0,0,0,0,0,0,0.011764705882352941,0.011764705882352941,0.01764705882352941,0.0,0.0058823529411764705,0.0,0.01764705882352941,0.0,0.0,0.023529411764705882,0.0,0.011764705882352941,0.0,0.0,0.0,20.375,53,0.0,0.0,0.25,1,0,0,0.0,0,0,0.12352941176470589,0.023529411764705882,0.041176470588235294,0.011764705882352941,6,0,8
java,java_270,0,0,0,0,0,0,0,0,0,0,0,0,0,0,0,0,1,0,0,0,0,0,0,0,0,0,0,0,0,0,0,1,0,0,2,0,0,0,0,0,0,0,0.011904761904761904,0.011904761904761904,0.011904761904761904,0.0,0.0,0.0,0.0,0.0,0.0,0.011904761904761904,0.0,0.0,0.0,0.0,0.0,16.0,26,0.0,0.0,0.2,0,0,0,0.0,0,0,0.10714285714285714,0.0,0.011904761904761904,0.0,3,0,5
java,java_275,0,0,0,0,0,0,0,0,0,0,0,0,0,0,0,0,1,0,0,0,0,0,0,0,0,0,0,0,0,0,0,1,0,0,1,0,0,0,0,0,0,0,0.012048192771084338,0.012048192771084338,0.024096385542168676,0.0,0.0,0.0,0.0,0.0,0.0,0.024096385542168676,0.0,0.0,0.0,0.024096385542168676,0.0,15.8,26,0.0,0.0,0.2,0,0,0,0.0,0,0,0.12048192771084337,0.0,0.012048192771084338,0.012048192771084338,4,0,5
java,java_280,0,0,0,0,0,0,0,0,0,0,0,0,0,0,0,0,0,0,0,0,0,0,0,0,0,0,0,0,0,0,0,0,0,0,1,0,0,0,0,0,0,0,0.017391304347826087,0.017391304347826087,0.02608695652173913,0.0,0.0,0.0,0.008695652173913044,0.0,0.0,0.02608695652173913,0.0,0.0,0.0,0.017391304347826087,0.0,15.571428571428571,24,0.0,0.0,0.2857142857142857,0,0,0,0.0,0,0,0.1391304347826087,0.02608695652173913,0.06086956521739131,0.017391304347826087,6,0,7
java,java_281,0,0,0,0,0,0,0,0,0,0,0,1,0,0,0,0,2,0,0,0,0,0,0,0,0,0,0,0,0,0,1,0,0,0,2,0,0,0,0,0,0,0,0.015384615384615385,0.015384615384615385,0.007692307692307693,0.0,0.0,0.0,0.0,0.0,0.0,0.007692307692307693,0.0,0.007692307692307693,0.0,0.0,0.0,17.714285714285715,34,0.0,0.0,0.42857142857142855,0,0,0,0.0,0,0,0.08461538461538462,0.0,0.038461538461538464,0.0,5,0,7
java,java_286,0,0,0,0,0,0,0,0,0,0,0,0,0,0,0,0,1,0,0,0,0,1,0,0,0,0,0,0,0,0,0,1,0,0,0,0,0,0,0,0,0,0,0.015625,0.015625,0.03125,0.0,0.0,0.0,0.015625,0.0,0.0,0.015625,0.0,0.0,0.0,0.0,0.0,15.25,26,0.0,0.0,0.25,0,0,0,0.0,0,0,0.09375,0.03125,0.015625,0.0,4,0,4
java,java_292,0,0,0,0,0,0,0,0,0,0,0,1,0,0,0,0,2,0,0,0,0,0,1,0,0,0,0,0,0,0,1,0,0,0,2,0,0,0,0,0,0,0,0.013333333333333334,0.013333333333333334,0.013333333333333334,0.0,0.0,0.0,0.006666666666666667,0.0,0.0,0.006666666666666667,0.0,0.006666666666666667,0.0,0.013333333333333334,0.0,17.875,34,0.0,0.0,0.375,0,0,0,0.0,0,0,0.08,0.0,0.03333333333333333,0.0,6,0,8
java,java_293,0,0,0,0,0,0,0,0,0,0,0,1,0,0,0,0,2,0,0,0,0,1,0,0,0,0,0,0,0,0,0,1,0,0,1,0,0,0,0,0,0,0,0.01092896174863388,0.01092896174863388,0.01092896174863388,0.0,0.00546448087431694,0.0,0.01092896174863388,0.0,0.0,0.02185792349726776,0.00546448087431694,0.01092896174863388,0.01092896174863388,0.0,0.0,25.285714285714285,53,0.0,0.0,0.42857142857142855,1,0,0,0.0,0,0,0.10382513661202186,0.00546448087431694,0.0273224043715847,0.01639344262295082,6,0,7
java,java_294,0,0,0,0,0,0,0,0,0,0,0,1,0,0,0,0,2,0,0,0,1,0,0,0,0,0,0,0,0,0,1,0,0,0,1,0,0,0,0,0,0,0,0.015384615384615385,0.015384615384615385,0.015384615384615385,0.0,0.0,0.0,0.007692307692307693,0.0,0.0,0.007692307692307693,0.0,0.007692307692307693,0.0,0.0,0.0,17.714285714285715,34,0.0,0.0,0.42857142857142855,0,0,0,0.0,0,0,0.07692307692307693,0.0,0.007692307692307693,0.007692307692307693,6,0,7
java,java_297,0,0,0,0,0,0,0,0,0,0,0,1,0,0,0,0,2,0,0,0,0,0,0,0,0,0,0,0,0,0,0,1,0,0,2,0,0,0,0,0,0,0,0.013245033112582781,0.013245033112582781,0.006622516556291391,0.0,0.0,0.0,0.0,0.0,0.0,0.013245033112582781,0.006622516556291391,0.0,0.013245033112582781,0.0,0.0,20.714285714285715,44,0.0,0.0,0.42857142857142855,0,0,0,0.0,0,0,0.09933774834437085,0.0,0.033112582781456956,0.013245033112582781,5,0,7
java,java_305,0,0,0,0,0,0,0,0,0,0,0,0,0,0,0,0,1,0,0,0,0,0,0,0,0,0,0,0,0,0,0,1,0,0,2,0,0,0,0,0,0,0,0.010869565217391304,0.010869565217391304,0.010869565217391304,0.0,0.0,0.0,0.0,0.0,0.0,0.010869565217391304,0.0,0.0,0.0,0.0,0.0,17.6,26,0.0,0.0,0.2,0,0,0,0.0,0,0,0.09782608695652174,0.0,0.010869565217391304,0.0,3,0,5
java,java_310,0,0,0,0,0,0,0,0,0,0,0,1,0,0,0,0,2,0,0,0,0,1,0,0,0,0,0,0,0,0,0,1,0,0,1,0,0,0,0,0,0,0,0.013071895424836602,0.013071895424836602,0.013071895424836602,0.0,0.0,0.0,0.006535947712418301,0.0,0.0,0.013071895424836602,0.006535947712418301,0.0,0.013071895424836602,0.0,0.0,21.0,44,0.0,0.0,0.42857142857142855,0,0,0,0.0,0,0,0.0915032679738562,0.013071895424836602,0.032679738562091505,0.013071895424836602,6,0,7
java,java_312,0,0,0,0,0,0,0,0,0,0,0,0,0,0,0,0,1,0,0,0,0,0,0,0,0,0,0,0,0,0,0,1,0,0,2,0,0,0,0,0,0,0,0.008849557522123894,0.008849557522123894,0.017699115044247787,0.0,0.0,0.0,0.0,0.0,0.0,0.017699115044247787,0.0,0.0,0.0,0.017699115044247787,0.0,18.0,26,0.0,0.0,0.16666666666666666,0,0,0,0.0,0,0,0.10619469026548672,0.0,0.008849557522123894,0.008849557522123894,4,0,6
java,java_314,0,0,0,0,0,0,0,0,0,0,0,0,0,0,0,0,0,0,0,0,0,1,0,0,0,0,0,0,0,0,0,0,0,0,1,0,0,0,0,0,0,0,0.013888888888888888,0.013888888888888888,0.020833333333333332,0.0,0.006944444444444444,0.0,0.020833333333333332,0.0,0.0,0.027777777777777776,0.0,0.013888888888888888,0.0,0.0,0.0,19.714285714285715,53,0.0,0.0,0.2857142857142857,1,0,0,0.0,0,0,0.13194444444444445,0.027777777777777776,0.020833333333333332,0.013888888888888888,6,0,7
java,java_318,0,0,0,0,0,0,0,0,0,0,0,0,0,0,0,0,1,0,0,0,1,0,0,0,0,0,0,0,0,0,0,1,0,0,1,0,0,0,0,0,0,0,0.010869565217391304,0.010869565217391304,0.021739130434782608,0.0,0.0,0.0,0.010869565217391304,0.0,0.0,0.010869565217391304,0.0,0.0,0.0,0.0,0.0,17.6,26,0.0,0.0,0.2,0,0,0,0.0,0,0,0.08695652173913043,0.0,0.05434782608695652,0.010869565217391304,4,0,5
java,java_326,0,0,0,0,0,0,0,0,0,0,0,0,0,0,0,0,1,0,0,0,1,0,0,0,0,0,0,0,0,0,0,1,0,0,2,0,0,0,0,0,0,0,0.009433962264150943,0.009433962264150943,0.018867924528301886,0.0,0.0,0.0,0.009433962264150943,0.0,0.0,0.009433962264150943,0.0,0.0,0.0,0.0,0.0,16.833333333333332,26,0.0,0.0,0.16666666666666666,0,0,0,0.0,0,0,0.09433962264150944,0.0,0.04716981132075472,0.009433962264150943,4,0,6
java,java_327,0,0,0,0,0,0,0,0,0,0,0,0,0,0,0,0,0,0,0,0,0,1,0,0,0,0,0,0,0,0,0,0,0,0,1,0,0,0,0,0,0,0,0.0,0.0,0.022556390977443608,0.015037593984962405,0.022556390977443608,0.0,0.022556390977443608,0.0,0.0,0.03007518796992481,0.0,0.015037593984962405,0.015037593984962405,0.0,0.0,32.5,53,0.0,0.0,0.0,1,0,0,0.25,0,0,0.13533834586466165,0.007518796992481203,0.06766917293233082,0.015037593984962405,3,0,4
java,java_328,0,0,0,0,0,0,0,0,0,0,0,0,0,0,0,0,0,0,0,0,0,0,1,0,0,0,0,0,0,0,0,0,0,0,1,0,0,0,0,0,0,0,0.0,0.0,0.02912621359223301,0.019417475728155338,0.019417475728155338,0.0,0.019417475728155338,0.0,0.0,0.019417475728155338,0.0,0.0,0.019417475728155338,0.019417475728155338,0.0,25.0,43,0.0,0.0,0.0,0,0,0,0.25,0,0,0.1262135922330097,0.0,0.04854368932038835,0.009708737864077669,3,0,4
java,java_331,0,0,0,0,0,0,0,0,0,0,0,0,0,0,0,0,0,0,0,0,0,0,0,0,0,0,0,0,0,0,0,0,0,0,2,0,0,0,0,0,0,0,0.017241379310344827,0.017241379310344827,0.017241379310344827,0.0,0.0,0.0,0.008620689655172414,0.0,0.0,0.017241379310344827,0.0,0.0,0.0,0.0,0.0,15.714285714285714,24,0.0,0.0,0.2857142857142857,0,0,0,0.0,0,0,0.12931034482758622,0.02586206896551724,0.0603448275862069,0.008620689655172414,5,0,7
java,java_333,0,0,0,0,0,0,0,0,0,0,0,0,0,0,0,0,0,0,0,0,0,0,0,0,0,0,0,0,0,0,0,0,0,0,2,0,0,0,0,0,0,0,0.0,0.0,0.020618556701030927,0.020618556701030927,0.020618556701030927,0.0,0.010309278350515464,0.0,0.0,0.020618556701030927,0.0,0.0,0.020618556701030927,0.0,0.0,23.5,43,0.0,0.0,0.0,0,0,0,0.25,0,0,0.14432989690721648,0.0,0.05154639175257732,0.010309278350515464,2,0,4
java,java_335,0,0,0,0,0,0,0,0,0,0,0,0,0,0,0,0,0,0,0,0,0,0,0,0,0,0,0,0,0,0,0,0,0,0,2,0,0,0,0,0,0,0,0.0,0.0,0.025423728813559324,0.01694915254237288,0.01694915254237288,0.0,0.00847457627118644,0.0,0.0,0.025423728813559324,0.0,0.0,0.01694915254237288,0.01694915254237288,0.0,22.8,43,0.0,0.0,0.0,0,0,0,0.2,0,0,0.1440677966101695,0.0,0.11016949152542373,0.01694915254237288,3,0,5
java,java_336,0,0,0,0,0,0,0,0,0,0,0,0,0,0,0,0,1,0,0,0,0,0,0,0,0,0,0,0,0,0,0,1,0,0,1,0,0,0,0,0,0,0,0.01098901098901099,0.01098901098901099,0.02197802197802198,0.0,0.0,0.0,0.0,0.0,0.0,0.02197802197802198,0.0,0.0,0.0,0.02197802197802198,0.0,17.4,26,0.0,0.0,0.2,0,0,0,0.0,0,0,0.10989010989010989,0.0,0.01098901098901099,0.01098901098901099,4,0,5
java,java_339,0,0,0,0,0,0,0,0,0,0,0,0,0,0,0,0,0,0,0,0,1,0,0,0,0,0,0,0,0,0,0,0,0,0,1,0,0,0,0,0,0,0,0.0,0.0,0.02857142857142857,0.01904761904761905,0.01904761904761905,0.0,0.01904761904761905,0.0,0.0,0.01904761904761905,0.0,0.0,0.01904761904761905,0.0,0.0,25.5,43,0.0,0.0,0.0,0,0,0,0.25,0,0,0.12380952380952381,0.0,0.08571428571428572,0.01904761904761905,3,0,4
java,java_340,0,0,0,0,0,0,0,0,0,0,0,1,0,0,0,0,2,0,0,0,0,0,1,0,0,0,0,0,0,0,1,0,0,0,1,0,0,0,0,0,0,0,0.015151515151515152,0.015151515151515152,0.015151515151515152,0.0,0.0,0.0,0.007575757575757576,0.0,0.0,0.007575757575757576,0.0,0.007575757575757576,0.0,0.015151515151515152,0.0,18.0,34,0.0,0.0,0.42857142857142855,0,0,0,0.0,0,0,0.07575757575757576,0.0,0.007575757575757576,0.0,6,0,7
java,java_342,0,0,0,0,0,0,0,0,0,0,0,1,0,0,0,0,2,0,0,0,0,1,0,0,0,0,0,0,0,0,1,0,0,0,0,0,0,0,0,0,0,0,0.018867924528301886,0.018867924528301886,0.018867924528301886,0.0,0.0,0.0,0.009433962264150943,0.0,0.0,0.009433962264150943,0.0,0.009433962264150943,0.0,0.0,0.0,16.833333333333332,34,0.0,0.0,0.5,0,0,0,0.0,0,0,0.07547169811320754,0.018867924528301886,0.009433962264150943,0.0,6,0,6
java,java_344,0,0,0,0,0,0,0,0,0,0,0,1,0,0,0,0,2,0,0,0,0,1,0,0,0,0,0,0,0,0,1,0,0,0,1,0,0,0,0,0,0,0,0.016666666666666666,0.016666666666666666,0.016666666666666666,0.0,0.0,0.0,0.008333333333333333,0.0,0.0,0.008333333333333333,0.0,0.008333333333333333,0.0,0.0,0.0,16.285714285714285,34,0.0,0.0,0.42857142857142855,0,0,0,0.0,0,0,0.08333333333333333,0.016666666666666666,0.008333333333333333,0.0,6,0,7
java,java_348,0,0,0,0,0,0,0,0,0,0,0,0,0,0,0,0,1,0,0,0,0,1,0,0,0,0,0,0,0,0,0,1,0,0,1,0,0,0,0,0,0,0,0.01282051282051282,0.01282051282051282,0.02564102564102564,0.0,0.0,0.0,0.01282051282051282,0.0,0.0,0.01282051282051282,0.0,0.0,0.0,0.0,0.0,14.8,26,0.0,0.0,0.2,0,0,0,0.0,0,0,0.10256410256410256,0.02564102564102564,0.01282051282051282,0.0,4,0,5
java,java_351,0,0,0,0,0,0,0,0,0,0,0,0,0,0,0,0,0,0,0,0,0,0,1,0,0,0,0,0,0,0,0,0,0,0,2,0,0,0,0,0,0,0,0.014705882352941176,0.014705882352941176,0.022058823529411766,0.0,0.0,0.0,0.014705882352941176,0.0,0.0,0.014705882352941176,0.0,0.0,0.0,0.014705882352941176,0.0,16.125,24,0.0,0.0,0.25,0,0,0,0.0,0,0,0.11764705882352941,0.022058823529411766,0.051470588235294115,0.007352941176470588,6,0,8
java,java_353,0,0,0,0,0,0,0,0,0,0,0,0,0,0,0,0,1,0,0,0,0,0,0,0,0,0,0,0,0,0,0,1,0,0,2,0,0,0,0,0,0,0,0.011363636363636364,0.011363636363636364,0.011363636363636364,0.0,0.0,0.0,0.0,0.0,0.0,0.011363636363636364,0.0,0.0,0.0,0.0,0.0,16.8,26,0.0,0.0,0.2,0,0,0,0.0,0,0,0.10227272727272728,0.0,0.056818181818181816,0.0,3,0,5
java,java_361,0,0,0,0,0,0,0,0,0,0,0,0,0,0,0,0,1,0,0,0,0,0,1,0,0,0,0,0,0,0,0,1,0,0,2,0,0,0,0,0,0,0,0.009615384615384616,0.009615384615384616,0.019230769230769232,0.0,0.0,0.0,0.009615384615384616,0.0,0.0,0.009615384615384616,0.0,0.0,0.0,0.019230769230769232,0.0,16.5,26,0.0,0.0,0.16666666666666666,0,0,0,0.0,0,0,0.09615384615384616,0.0,0.009615384615384616,0.0,4,0,6
java,java_364,0,0,0,0,0,0,0,0,0,0,0,1,0,0,0,0,2,0,0,0,1,0,0,0,0,0,0,0,0,0,0,1,0,0,2,0,0,0,0,0,0,0,0.011049723756906077,0.011049723756906077,0.011049723756906077,0.0,0.0,0.0,0.0055248618784530384,0.0,0.0,0.011049723756906077,0.0055248618784530384,0.0,0.011049723756906077,0.0,0.0,21.75,44,0.0,0.0,0.375,0,0,0,0.0,0,0,0.08839779005524862,0.0,0.049723756906077346,0.016574585635359115,6,0,8
java,java_365,0,0,0,0,0,0,0,0,0,0,0,0,0,0,0,0,1,0,0,0,0,1,0,0,0,0,0,0,0,0,0,1,0,0,1,0,0,0,0,0,0,0,0.008333333333333333,0.008333333333333333,0.016666666666666666,0.0,0.008333333333333333,0.0,0.016666666666666666,0.0,0.0,0.025,0.0,0.016666666666666666,0.0,0.0,0.0,23.2,53,0.0,0.0,0.2,1,0,0,0.0,0,0,0.10833333333333334,0.008333333333333333,0.041666666666666664,0.008333333333333333,4,0,5
java,java_366,0,0,0,0,0,0,0,0,0,0,0,1,0,0,0,0,2,0,0,0,1,0,0,0,0,0,0,0,0,0,0,1,0,0,1,0,0,0,0,0,0,0,0.012269938650306749,0.012269938650306749,0.012269938650306749,0.0,0.0,0.0,0.006134969325153374,0.0,0.0,0.012269938650306749,0.006134969325153374,0.0,0.012269938650306749,0.0,0.0,22.428571428571427,44,0.0,0.0,0.42857142857142855,0,0,0,0.0,0,0,0.08588957055214724,0.0,0.03067484662576687,0.018404907975460124,6,0,7
java,java_375,0,0,0,0,0,0,0,0,0,0,0,0,0,0,0,0,0,0,0,0,1,0,0,0,0,0,0,0,0,0,0,0,0,0,1,0,0,0,0,0,0,0,0.0,0.0,0.0297029702970297,0.019801980198019802,0.019801980198019802,0.0,0.019801980198019802,0.0,0.0,0.019801980198019802,0.0,0.0,0.019801980198019802,0.0,0.0,24.5,43,0.0,0.0,0.0,0,0,0,0.25,0,0,0.12871287128712872,0.0,0.04950495049504951,0.019801980198019802,3,0,4
java,java_376,0,0,0,0,0,0,0,0,0,0,0,0,0,0,0,0,1,0,0,0,0,0,0,0,0,0,0,0,0,0,0,1,0,0,0,0,0,0,0,0,0,0,0.014492753623188406,0.014492753623188406,0.028985507246376812,0.0,0.0,0.0,0.0,0.0,0.0,0.028985507246376812,0.0,0.0,0.0,0.028985507246376812,0.0,16.5,26,0.0,0.0,0.25,0,0,0,0.0,0,0,0.11594202898550725,0.0,0.014492753623188406,0.014492753623188406,4,0,4
java,java_391,0,0,0,0,0,0,0,0,0,0,0,0,0,0,0,0,0,0,0,0,0,0,0,0,0,0,0,0,0,0,0,0,0,0,2,0,0,0,0,0,0,0,0.019230769230769232,0.019230769230769232,0.019230769230769232,0.0,0.0,0.0,0.009615384615384616,0.0,0.0,0.019230769230769232,0.0,0.0,0.0,0.0,0.0,14.0,24,0.0,0.0,0.2857142857142857,0,0,0,0.0,0,0,0.14423076923076922,0.028846153846153848,0.028846153846153848,0.009615384615384616,5,0,7
java,java_393,0,0,0,0,0,0,0,0,0,0,0,0,0,0,0,0,1,0,0,0,1,0,0,0,0,0,0,0,0,0,0,1,0,0,2,0,0,0,0,0,0,0,0.009433962264150943,0.009433962264150943,0.018867924528301886,0.0,0.0,0.0,0.009433962264150943,0.0,0.0,0.009433962264150943,0.0,0.0,0.0,0.0,0.0,16.833333333333332,26,0.0,0.0,0.16666666666666666,0,0,0,0.0,0,0,0.09433962264150944,0.0,0.04716981132075472,0.009433962264150943,4,0,6
java,java_394,0,0,0,0,0,0,0,0,0,0,0,0,0,0,0,0,0,0,0,0,0,1,0,0,0,0,0,0,0,0,0,0,0,0,2,0,0,0,0,0,0,0,0.011764705882352941,0.011764705882352941,0.01764705882352941,0.0,0.0058823529411764705,0.0,0.01764705882352941,0.0,0.0,0.023529411764705882,0.0,0.011764705882352941,0.0,0.0,0.0,20.375,53,0.0,0.0,0.25,1,0,0,0.0,0,0,0.12352941176470589,0.023529411764705882,0.041176470588235294,0.011764705882352941,6,0,8
java,java_409,0,0,0,0,0,0,0,0,0,0,0,0,0,0,0,0,1,0,0,0,0,0,0,0,0,0,0,0,0,0,0,1,0,0,1,0,0,0,0,0,0,0,0.01098901098901099,0.01098901098901099,0.02197802197802198,0.0,0.0,0.0,0.0,0.0,0.0,0.02197802197802198,0.0,0.0,0.0,0.02197802197802198,0.0,17.4,26,0.0,0.0,0.2,0,0,0,0.0,0,0,0.10989010989010989,0.0,0.01098901098901099,0.01098901098901099,4,0,5
java,java_411,0,0,0,0,0,0,0,0,0,0,0,0,0,0,0,0,1,0,0,0,0,0,0,0,0,0,0,0,0,0,0,1,0,0,2,0,0,0,0,0,0,0,0.011904761904761904,0.011904761904761904,0.011904761904761904,0.0,0.0,0.0,0.0,0.0,0.0,0.011904761904761904,0.0,0.0,0.0,0.0,0.0,16.0,26,0.0,0.0,0.2,0,0,0,0.0,0,0,0.10714285714285714,0.0,0.10714285714285714,0.0,3,0,5
java,java_412,0,0,0,0,0,0,0,0,0,0,0,0,0,0,0,0,1,0,0,0,0,0,1,0,0,0,0,0,0,0,0,1,0,0,0,0,0,0,0,0,0,0,0.014705882352941176,0.014705882352941176,0.029411764705882353,0.0,0.0,0.0,0.014705882352941176,0.0,0.0,0.014705882352941176,0.0,0.0,0.0,0.029411764705882353,0.0,16.25,26,0.0,0.0,0.25,0,0,0,0.0,0,0,0.08823529411764706,0.0,0.014705882352941176,0.0,4,0,4
java,java_417,0,0,0,0,0,0,0,0,0,0,0,0,0,0,0,0,1,0,0,0,0,1,0,0,0,0,0,0,0,0,0,1,0,0,2,0,0,0,0,0,0,0,0.009615384615384616,0.009615384615384616,0.019230769230769232,0.0,0.0,0.0,0.009615384615384616,0.0,0.0,0.009615384615384616,0.0,0.0,0.0,0.0,0.0,16.5,26,0.0,0.0,0.16666666666666666,0,0,0,0.0,0,0,0.09615384615384616,0.019230769230769232,0.04807692307692308,0.0,4,0,6
java,java_419,0,0,0,0,0,0,0,0,0,0,0,1,0,0,0,0,2,0,0,0,0,0,1,0,0,0,0,0,0,0,1,0,0,0,1,0,0,0,0,0,0,0,0.015625,0.015625,0.015625,0.0,0.0,0.0,0.0078125,0.0,0.0,0.0078125,0.0,0.0078125,0.0,0.015625,0.0,17.428571428571427,34,0.0,0.0,0.42857142857142855,0,0,0,0.0,0,0,0.078125,0.0,0.0390625,0.0,6,0,7
java,java_422,0,0,0,0,0,0,0,0,0,0,0,0,0,0,0,0,1,0,0,0,0,1,0,0,0,0,0,0,0,0,0,1,0,0,2,0,0,0,0,0,0,0,0.007462686567164179,0.007462686567164179,0.014925373134328358,0.0,0.007462686567164179,0.0,0.014925373134328358,0.0,0.0,0.022388059701492536,0.0,0.014925373134328358,0.0,0.0,0.0,21.5,53,0.0,0.0,0.16666666666666666,1,0,0,0.0,0,0,0.11194029850746269,0.007462686567164179,0.03731343283582089,0.007462686567164179,4,0,6
java,java_423,0,0,0,0,0,0,0,0,0,0,0,0,0,0,0,0,0,0,0,0,0,0,0,0,0,0,0,0,0,0,0,0,0,0,2,0,0,0,0,0,0,0,0.017857142857142856,0.017857142857142856,0.017857142857142856,0.0,0.0,0.0,0.008928571428571428,0.0,0.0,0.017857142857142856,0.0,0.0,0.0,0.0,0.0,15.142857142857142,24,0.0,0.0,0.2857142857142857,0,0,0,0.0,0,0,0.13392857142857142,0.026785714285714284,0.09821428571428571,0.008928571428571428,5,0,7
java,java_424,0,0,0,0,0,0,0,0,0,0,0,0,0,0,0,0,1,0,0,0,0,0,0,0,0,0,0,0,0,0,0,1,0,0,2,0,0,0,0,0,0,0,0.0125,0.0125,0.0125,0.0,0.0,0.0,0.0,0.0,0.0,0.0125,0.0,0.0,0.0,0.0,0.0,15.2,26,0.0,0.0,0.2,0,0,0,0.0,0,0,0.1125,0.0,0.0625,0.0,3,0,5
java,java_434,0,0,0,0,0,0,0,0,0,0,0,1,0,0,0,0,2,0,0,0,0,1,0,0,0,0,0,0,0,0,0,1,0,0,2,0,0,0,0,0,0,0,0.012269938650306749,0.012269938650306749,0.012269938650306749,0.0,0.0,0.0,0.006134969325153374,0.0,0.0,0.012269938650306749,0.006134969325153374,0.0,0.012269938650306749,0.0,0.0,19.5,44,0.0,0.0,0.375,0,0,0,0.0,0,0,0.09815950920245399,0.012269938650306749,0.05521472392638037,0.012269938650306749,6,0,8
java,java_436,0,0,0,0,0,0,0,0,0,0,0,1,0,0,0,0,2,0,0,0,0,0,0,0,0,0,0,0,0,0,0,1,0,0,1,0,0,0,0,0,0,0,0.013333333333333334,0.013333333333333334,0.013333333333333334,0.0,0.0,0.0,0.0,0.0,0.0,0.02,0.006666666666666667,0.0,0.013333333333333334,0.013333333333333334,0.0,20.571428571428573,44,0.0,0.0,0.42857142857142855,0,0,0,0.0,0,0,0.10666666666666667,0.0,0.03333333333333333,0.02,6,0,7
java,java_438,0,0,0,0,0,0,0,0,0,0,0,0,0,0,0,0,0,0,0,0,0,1,0,0,0,0,0,0,0,0,0,0,0,0,1,0,0,0,0,0,0,0,0.0,0.0,0.030303030303030304,0.020202020202020204,0.020202020202020204,0.0,0.020202020202020204,0.0,0.0,0.020202020202020204,0.0,0.0,0.020202020202020204,0.0,0.0,24.0,43,0.0,0.0,0.0,0,0,0,0.25,0,0,0.13131313131313133,0.020202020202020204,0.050505050505050504,0.010101010101010102,3,0,4
java,java_441,0,0,0,0,0,0,0,0,0,0,0,0,0,0,0,0,0,0,0,0,0,0,0,0,0,0,0,0,0,0,0,0,0,0,2,0,0,0,0,0,0,0,0.015503875968992248,0.015503875968992248,0.023255813953488372,0.0,0.0,0.0,0.007751937984496124,0.0,0.0,0.023255813953488372,0.0,0.0,0.0,0.015503875968992248,0.0,15.25,24,0.0,0.0,0.25,0,0,0,0.0,0,0,0.13953488372093023,0.023255813953488372,0.05426356589147287,0.015503875968992248,6,0,8
java,java_447,0,0,0,0,0,0,0,0,0,0,0,0,0,0,0,0,0,0,0,0,0,1,0,0,0,0,0,0,0,0,0,0,0,0,2,0,0,0,0,0,0,0,0.012048192771084338,0.012048192771084338,0.018072289156626505,0.0,0.006024096385542169,0.0,0.018072289156626505,0.0,0.0,0.024096385542168676,0.0,0.012048192771084338,0.0,0.0,0.0,19.875,53,0.0,0.0,0.25,1,0,0,0.0,0,0,0.12650602409638553,0.024096385542168676,0.06626506024096386,0.012048192771084338,6,0,8
java,java_450,0,0,0,0,0,0,0,0,0,0,0,0,0,0,0,0,1,0,0,0,1,0,0,0,0,0,0,0,0,0,0,1,0,0,1,0,0,0,0,0,0,0,0.010416666666666666,0.010416666666666666,0.020833333333333332,0.0,0.0,0.0,0.010416666666666666,0.0,0.0,0.010416666666666666,0.0,0.0,0.0,0.0,0.0,18.4,26,0.0,0.0,0.2,0,0,0,0.0,0,0,0.08333333333333333,0.0,0.010416666666666666,0.010416666666666666,4,0,5
java,java_455,0,0,0,0,0,0,0,0,0,0,0,0,0,0,0,0,1,0,0,0,0,0,0,0,0,0,0,0,0,0,0,1,0,0,2,0,0,0,0,0,0,0,0.010309278350515464,0.010309278350515464,0.020618556701030927,0.0,0.0,0.0,0.0,0.0,0.0,0.020618556701030927,0.0,0.0,0.0,0.020618556701030927,0.0,15.333333333333334,26,0.0,0.0,0.16666666666666666,0,0,0,0.0,0,0,0.12371134020618557,0.0,0.010309278350515464,0.010309278350515464,4,0,6
java,java_462,0,0,0,0,0,0,0,0,0,0,0,0,0,0,0,0,0,0,0,0,0,0,0,0,0,0,0,0,0,0,0,0,0,0,1,0,0,0,0,0,0,0,0.0,0.0,0.03125,0.020833333333333332,0.020833333333333332,0.0,0.010416666666666666,0.0,0.0,0.03125,0.0,0.0,0.020833333333333332,0.020833333333333332,0.0,23.25,43,0.0,0.0,0.0,0,0,0,0.25,0,0,0.15625,0.0,0.052083333333333336,0.020833333333333332,3,0,4
java,java_467,0,0,0,0,0,0,0,0,0,0,0,1,0,0,0,0,2,0,0,0,1,0,0,0,0,0,0,0,0,0,0,1,0,0,0,0,0,0,0,0,0,0,0.014184397163120567,0.014184397163120567,0.014184397163120567,0.0,0.0,0.0,0.0070921985815602835,0.0,0.0,0.014184397163120567,0.0070921985815602835,0.0,0.014184397163120567,0.0,0.0,22.666666666666668,44,0.0,0.0,0.5,0,0,0,0.0,0,0,0.0851063829787234,0.0,0.03546099290780142,0.02127659574468085,6,0,6
java,java_468,0,0,0,0,0,0,0,0,0,0,0,0,0,0,0,0,0,0,0,0,0,0,1,0,0,0,0,0,0,0,0,0,0,0,1,0,0,0,0,0,0,0,0.017543859649122806,0.017543859649122806,0.02631578947368421,0.0,0.0,0.0,0.017543859649122806,0.0,0.0,0.017543859649122806,0.0,0.0,0.0,0.017543859649122806,0.0,15.428571428571429,24,0.0,0.0,0.2857142857142857,0,0,0,0.0,0,0,0.12280701754385964,0.02631578947368421,0.06140350877192982,0.008771929824561403,6,0,7
java,java_479,0,0,0,0,0,0,0,0,0,0,0,1,0,0,0,0,2,0,0,0,0,1,0,0,0,0,0,0,0,0,1,0,0,0,1,0,0,0,0,0,0,0,0.012658227848101266,0.012658227848101266,0.012658227848101266,0.0,0.006329113924050633,0.0,0.012658227848101266,0.0,0.0,0.0189873417721519,0.0,0.0189873417721519,0.0,0.0,0.0,21.714285714285715,53,0.0,0.0,0.42857142857142855,1,0,0,0.0,0,0,0.0949367088607595,0.006329113924050633,0.006329113924050633,0.006329113924050633,6,0,7
java,java_491,0,0,0,0,0,0,0,0,0,0,0,0,0,0,0,0,0,0,0,0,0,1,0,0,0,0,0,0,0,0,0,0,0,0,1,0,0,0,0,0,0,0,0.013513513513513514,0.013513513513513514,0.02027027027027027,0.0,0.006756756756756757,0.0,0.02027027027027027,0.0,0.0,0.02702702702702703,0.0,0.013513513513513514,0.0,0.0,0.0,20.285714285714285,53,0.0,0.0,0.2857142857142857,1,0,0,0.0,0,0,0.12837837837837837,0.02702702702702703,0.0472972972972973,0.013513513513513514,6,0,7
java,java_494,0,0,0,0,0,0,0,0,0,0,0,0,0,0,0,0,1,0,0,0,1,0,0,0,0,0,0,0,0,0,0,1,0,0,1,0,0,0,0,0,0,0,0.011363636363636364,0.011363636363636364,0.022727272727272728,0.0,0.0,0.0,0.011363636363636364,0.0,0.0,0.011363636363636364,0.0,0.0,0.0,0.0,0.0,16.8,26,0.0,0.0,0.2,0,0,0,0.0,0,0,0.09090909090909091,0.0,0.011363636363636364,0.011363636363636364,4,0,5
java,java_498,0,0,0,0,0,0,0,0,0,0,0,1,0,0,0,0,2,0,0,0,0,1,0,0,0,0,0,0,0,0,1,0,0,0,1,0,0,0,0,0,0,0,0.016129032258064516,0.016129032258064516,0.016129032258064516,0.0,0.0,0.0,0.008064516129032258,0.0,0.0,0.008064516129032258,0.0,0.008064516129032258,0.0,0.0,0.0,16.857142857142858,34,0.0,0.0,0.42857142857142855,0,0,0,0.0,0,0,0.08064516129032258,0.016129032258064516,0.04032258064516129,0.0,6,0,7
java,java_499,0,0,0,0,0,0,0,0,0,0,0,0,0,0,0,0,1,0,0,0,0,0,0,0,0,0,0,0,0,0,0,1,0,0,2,0,0,0,0,0,0,0,0.011904761904761904,0.011904761904761904,0.011904761904761904,0.0,0.0,0.0,0.0,0.0,0.0,0.011904761904761904,0.0,0.0,0.0,0.0,0.0,16.0,26,0.0,0.0,0.2,0,0,0,0.0,0,0,0.10714285714285714,0.0,0.011904761904761904,0.0,3,0,5
java,java_502,0,0,0,0,0,0,0,0,0,0,0,0,0,0,0,0,1,0,0,0,0,0,1,0,0,0,0,0,0,0,0,1,0,0,1,0,0,0,0,0,0,0,0.011111111111111112,0.011111111111111112,0.022222222222222223,0.0,0.0,0.0,0.011111111111111112,0.0,0.0,0.011111111111111112,0.0,0.0,0.0,0.022222222222222223,0.0,17.2,26,0.0,0.0,0.2,0,0,0,0.0,0,0,0.08888888888888889,0.0,0.011111111111111112,0.0,4,0,5
java,java_507,0,0,0,0,0,0,0,0,0,0,0,1,0,0,0,0,2,0,0,0,0,0,1,0,0,0,0,0,0,0,1,0,0,0,2,0,0,0,0,0,0,0,0.014084507042253521,0.014084507042253521,0.014084507042253521,0.0,0.0,0.0,0.007042253521126761,0.0,0.0,0.007042253521126761,0.0,0.007042253521126761,0.0,0.014084507042253521,0.0,16.875,34,0.0,0.0,0.375,0,0,0,0.0,0,0,0.08450704225352113,0.0,0.035211267605633804,0.0,6,0,8
java,java_513,0,0,0,0,0,0,0,0,0,0,0,1,0,0,0,0,2,0,0,0,0,0,0,0,0,0,0,0,0,0,1,0,0,0,2,0,0,0,0,0,0,0,0.012903225806451613,0.012903225806451613,0.012903225806451613,0.0,0.0,0.0,0.0,0.0,0.0,0.012903225806451613,0.0,0.0064516129032258064,0.0,0.012903225806451613,0.0,18.5,34,0.0,0.0,0.375,0,0,0,0.0,0,0,0.09032258064516129,0.0,0.0064516129032258064,0.0064516129032258064,6,0,8
java,java_517,0,0,0,0,0,0,0,0,0,0,0,0,0,0,0,0,0,0,0,0,0,0,0,0,0,0,0,0,0,0,0,0,0,0,2,0,0,0,0,0,0,0,0.017857142857142856,0.017857142857142856,0.017857142857142856,0.0,0.0,0.0,0.008928571428571428,0.0,0.0,0.017857142857142856,0.0,0.0,0.0,0.0,0.0,15.142857142857142,24,0.0,0.0,0.2857142857142857,0,0,0,0.0,0,0,0.13392857142857142,0.026785714285714284,0.026785714285714284,0.008928571428571428,5,0,7
java,java_519,0,0,0,0,0,0,0,0,0,0,0,0,0,0,0,0,0,0,0,0,0,0,0,0,0,0,0,0,0,0,0,0,0,0,0,0,0,0,0,0,0,0,0.0,0.0,0.036585365853658534,0.024390243902439025,0.024390243902439025,0.0,0.012195121951219513,0.0,0.0,0.036585365853658534,0.0,0.0,0.024390243902439025,0.024390243902439025,0.0,26.666666666666668,43,0.0,0.0,0.0,0,0,0,0.3333333333333333,0,0,0.15853658536585366,0.0,0.06097560975609756,0.024390243902439025,3,0,3
java,java_522,0,0,0,0,0,0,0,0,0,0,0,1,0,0,0,0,2,0,0,0,1,0,0,0,0,0,0,0,0,0,0,1,0,0,2,0,0,0,0,0,0,0,0.011834319526627219,0.011834319526627219,0.011834319526627219,0.0,0.0,0.0,0.005917159763313609,0.0,0.0,0.011834319526627219,0.005917159763313609,0.0,0.011834319526627219,0.0,0.0,20.25,44,0.0,0.0,0.375,0,0,0,0.0,0,0,0.09467455621301775,0.0,0.029585798816568046,0.01775147928994083,6,0,8
java,java_524,0,0,0,0,0,0,0,0,0,0,0,1,0,0,0,0,2,0,0,0,0,0,1,0,0,0,0,0,0,0,0,1,0,0,2,0,0,0,0,0,0,0,0.011976047904191617,0.011976047904191617,0.011976047904191617,0.0,0.0,0.0,0.005988023952095809,0.0,0.0,0.011976047904191617,0.005988023952095809,0.0,0.011976047904191617,0.011976047904191617,0.0,20.0,44,0.0,0.0,0.375,0,0,0,0.0,0,0,0.09580838323353294,0.0,0.05389221556886228,0.011976047904191617,6,0,8
java,java_525,0,0,0,0,0,0,0,0,0,0,0,1,0,0,0,0,2,0,0,0,0,1,0,0,0,0,0,0,0,0,0,1,0,0,1,0,0,0,0,0,0,0,0.013071895424836602,0.013071895424836602,0.013071895424836602,0.0,0.0,0.0,0.006535947712418301,0.0,0.0,0.013071895424836602,0.006535947712418301,0.0,0.013071895424836602,0.0,0.0,21.0,44,0.0,0.0,0.42857142857142855,0,0,0,0.0,0,0,0.0915032679738562,0.013071895424836602,0.032679738562091505,0.013071895424836602,6,0,7
java,java_529,0,0,0,0,0,0,0,0,0,0,0,0,0,0,0,0,0,0,0,0,0,1,0,0,0,0,0,0,0,0,0,0,0,0,2,0,0,0,0,0,0,0,0.012048192771084338,0.012048192771084338,0.018072289156626505,0.0,0.006024096385542169,0.0,0.018072289156626505,0.0,0.0,0.024096385542168676,0.0,0.012048192771084338,0.0,0.0,0.0,19.875,53,0.0,0.0,0.25,1,0,0,0.0,0,0,0.12650602409638553,0.024096385542168676,0.018072289156626505,0.012048192771084338,6,0,8
java,java_535,0,0,0,0,0,0,0,0,0,0,0,1,0,0,0,0,2,0,0,0,0,0,1,0,0,0,0,0,0,0,1,0,0,0,0,0,0,0,0,0,0,0,0.01818181818181818,0.01818181818181818,0.01818181818181818,0.0,0.0,0.0,0.00909090909090909,0.0,0.0,0.00909090909090909,0.0,0.00909090909090909,0.0,0.01818181818181818,0.0,17.5,34,0.0,0.0,0.5,0,0,0,0.0,0,0,0.07272727272727272,0.0,0.00909090909090909,0.0,6,0,6
java,java_545,0,0,0,0,0,0,0,0,0,0,0,0,0,0,0,0,1,0,0,0,1,0,0,0,0,0,0,0,0,0,0,1,0,0,2,0,0,0,0,0,0,0,0.008771929824561403,0.008771929824561403,0.017543859649122806,0.0,0.0,0.0,0.008771929824561403,0.0,0.0,0.008771929824561403,0.0,0.0,0.0,0.0,0.0,18.166666666666668,26,0.0,0.0,0.16666666666666666,0,0,0,0.0,0,0,0.08771929824561403,0.0,0.043859649122807015,0.008771929824561403,4,0,6
java,java_551,0,0,0,0,0,0,0,0,0,0,0,1,0,0,0,0,2,0,0,0,0,0,0,0,0,0,0,0,0,0,1,0,0,0,2,0,0,0,0,0,0,0,0.014925373134328358,0.014925373134328358,0.007462686567164179,0.0,0.0,0.0,0.0,0.0,0.0,0.007462686567164179,0.0,0.007462686567164179,0.0,0.0,0.0,18.285714285714285,34,0.0,0.0,0.42857142857142855,0,0,0,0.0,0,0,0.08208955223880597,0.0,0.007462686567164179,0.0,5,0,7
java,java_553,0,0,0,0,0,0,0,0,0,0,0,0,0,0,0,0,0,0,0,0,1,0,0,0,0,0,0,0,0,0,0,0,0,0,2,0,0,0,0,0,0,0,0.014084507042253521,0.014084507042253521,0.02112676056338028,0.0,0.0,0.0,0.014084507042253521,0.0,0.0,0.014084507042253521,0.0,0.0,0.0,0.0,0.0,16.875,25,0.0,0.0,0.25,0,0,0,0.0,0,0,0.11267605633802817,0.02112676056338028,0.04929577464788732,0.014084507042253521,6,0,8
java,java_557,0,0,0,0,0,0,0,0,0,0,0,1,0,0,0,0,2,0,0,0,0,1,0,0,0,0,0,0,0,0,0,1,0,0,2,0,0,0,0,0,0,0,0.00975609756097561,0.00975609756097561,0.00975609756097561,0.0,0.004878048780487805,0.0,0.00975609756097561,0.0,0.0,0.01951219512195122,0.004878048780487805,0.00975609756097561,0.00975609756097561,0.0,0.0,24.75,53,0.0,0.0,0.375,1,0,0,0.0,0,0,0.1024390243902439,0.004878048780487805,0.024390243902439025,0.014634146341463415,6,0,8
java,java_567,0,0,0,0,0,0,0,0,0,0,0,0,0,0,0,0,0,0,0,0,0,1,0,0,0,0,0,0,0,0,0,0,0,0,0,0,0,0,0,0,0,0,0.0,0.0,0.02608695652173913,0.017391304347826087,0.02608695652173913,0.0,0.02608695652173913,0.0,0.0,0.034782608695652174,0.0,0.017391304347826087,0.017391304347826087,0.0,0.0,37.666666666666664,53,0.0,0.0,0.0,1,0,0,0.3333333333333333,0,0,0.1391304347826087,0.008695652173913044,0.043478260869565216,0.017391304347826087,3,0,3
java,java_570,0,0,0,0,0,0,0,0,0,0,0,1,0,0,0,0,2,0,0,0,0,1,0,0,0,0,0,0,0,0,0,1,0,0,0,0,0,0,0,0,0,0,0.011834319526627219,0.011834319526627219,0.011834319526627219,0.0,0.005917159763313609,0.0,0.011834319526627219,0.0,0.0,0.023668639053254437,0.005917159763313609,0.011834319526627219,0.011834319526627219,0.0,0.0,27.333333333333332,53,0.0,0.0,0.5,1,0,0,0.0,0,0,0.10059171597633136,0.005917159763313609,0.029585798816568046,0.01775147928994083,6,0,6
java,java_571,0,0,0,0,0,0,0,0,0,0,0,0,0,0,0,0,0,0,0,0,0,1,0,0,0,0,0,0,0,0,0,0,0,0,2,0,0,0,0,0,0,0,0.0,0.0,0.02097902097902098,0.013986013986013986,0.02097902097902098,0.0,0.02097902097902098,0.0,0.0,0.027972027972027972,0.0,0.013986013986013986,0.013986013986013986,0.0,0.0,27.8,53,0.0,0.0,0.0,1,0,0,0.2,0,0,0.13986013986013987,0.006993006993006993,0.03496503496503497,0.013986013986013986,3,0,5
java,java_577,0,0,0,0,0,0,0,0,0,0,0,0,0,0,0,0,0,0,0,0,1,0,0,0,0,0,0,0,0,0,0,0,0,0,1,0,0,0,0,0,0,0,0.016129032258064516,0.016129032258064516,0.024193548387096774,0.0,0.0,0.0,0.016129032258064516,0.0,0.0,0.016129032258064516,0.0,0.0,0.0,0.0,0.0,16.857142857142858,25,0.0,0.0,0.2857142857142857,0,0,0,0.0,0,0,0.11290322580645161,0.024193548387096774,0.024193548387096774,0.016129032258064516,6,0,7
java,java_580,0,0,0,0,0,0,0,0,0,0,0,0,0,0,0,0,0,0,0,0,0,1,0,0,0,0,0,0,0,0,0,0,0,0,1,0,0,0,0,0,0,0,0.0,0.0,0.023255813953488372,0.015503875968992248,0.023255813953488372,0.0,0.023255813953488372,0.0,0.0,0.031007751937984496,0.0,0.015503875968992248,0.015503875968992248,0.0,0.0,31.5,53,0.0,0.0,0.0,1,0,0,0.25,0,0,0.13953488372093023,0.007751937984496124,0.03875968992248062,0.015503875968992248,3,0,4
java,java_585,0,0,0,0,0,0,0,0,0,0,0,1,0,0,0,0,2,0,0,0,0,1,0,0,0,0,0,0,0,0,1,0,0,0,1,0,0,0,0,0,0,0,0.015625,0.015625,0.015625,0.0,0.0,0.0,0.0078125,0.0,0.0,0.0078125,0.0,0.0078125,0.0,0.0,0.0,17.428571428571427,34,0.0,0.0,0.42857142857142855,0,0,0,0.0,0,0,0.078125,0.015625,0.0078125,0.0,6,0,7
java,java_611,0,0,0,0,0,0,0,0,0,0,0,0,0,0,0,0,1,0,0,0,1,0,0,0,0,0,0,0,0,0,0,1,0,0,0,0,0,0,0,0,0,0,0.013513513513513514,0.013513513513513514,0.02702702702702703,0.0,0.0,0.0,0.013513513513513514,0.0,0.0,0.013513513513513514,0.0,0.0,0.0,0.0,0.0,17.75,26,0.0,0.0,0.25,0,0,0,0.0,0,0,0.08108108108108109,0.0,0.013513513513513514,0.013513513513513514,4,0,4
java,java_613,0,0,0,0,0,0,0,0,0,0,0,1,0,0,0,0,2,0,0,0,0,1,0,0,0,0,0,0,0,0,1,0,0,0,1,0,0,0,0,0,0,0,0.012048192771084338,0.012048192771084338,0.012048192771084338,0.0,0.006024096385542169,0.0,0.012048192771084338,0.0,0.0,0.018072289156626505,0.0,0.018072289156626505,0.0,0.0,0.0,22.857142857142858,53,0.0,0.0,0.42857142857142855,1,0,0,0.0,0,0,0.09036144578313253,0.006024096385542169,0.006024096385542169,0.006024096385542169,6,0,7
java,java_625,0,0,0,0,0,0,0,0,0,0,0,0,0,0,0,0,0,0,0,0,0,1,0,0,0,0,0,0,0,0,0,0,0,0,2,0,0,0,0,0,0,0,0.011494252873563218,0.011494252873563218,0.017241379310344827,0.0,0.005747126436781609,0.0,0.017241379310344827,0.0,0.0,0.022988505747126436,0.0,0.011494252873563218,0.0,0.0,0.0,20.875,53,0.0,0.0,0.25,1,0,0,0.0,0,0,0.1206896551724138,0.022988505747126436,0.017241379310344827,0.011494252873563218,6,0,8
java,java_627,0,0,0,0,0,0,0,0,0,0,0,1,0,0,0,0,2,0,0,0,0,0,0,0,0,0,0,0,0,0,1,0,0,0,1,0,0,0,0,0,0,0,0.015037593984962405,0.015037593984962405,0.015037593984962405,0.0,0.0,0.0,0.0,0.0,0.0,0.015037593984962405,0.0,0.007518796992481203,0.0,0.015037593984962405,0.0,18.142857142857142,34,0.0,0.0,0.42857142857142855,0,0,0,0.0,0,0,0.09022556390977443,0.0,0.007518796992481203,0.007518796992481203,6,0,7
java,java_636,0,0,0,0,0,0,0,0,0,0,0,1,0,0,0,0,2,0,0,0,0,1,0,0,0,0,0,0,0,0,0,1,0,0,2,0,0,0,0,0,0,0,0.00975609756097561,0.00975609756097561,0.00975609756097561,0.0,0.004878048780487805,0.0,0.00975609756097561,0.0,0.0,0.01951219512195122,0.004878048780487805,0.00975609756097561,0.00975609756097561,0.0,0.0,24.75,53,0.0,0.0,0.375,1,0,0,0.0,0,0,0.1024390243902439,0.004878048780487805,0.06341463414634146,0.014634146341463415,6,0,8
java,java_647,0,0,0,0,0,0,0,0,0,0,0,1,0,0,0,0,2,0,0,0,1,0,0,0,0,0,0,0,0,0,1,0,0,0,1,0,0,0,0,0,0,0,0.014492753623188406,0.014492753623188406,0.014492753623188406,0.0,0.0,0.0,0.007246376811594203,0.0,0.0,0.007246376811594203,0.0,0.007246376811594203,0.0,0.0,0.0,18.857142857142858,34,0.0,0.0,0.42857142857142855,0,0,0,0.0,0,0,0.07246376811594203,0.0,0.007246376811594203,0.007246376811594203,6,0,7
java,java_650,0,0,0,0,0,0,0,0,0,0,0,1,0,0,0,0,2,0,0,0,0,1,0,0,0,0,0,0,0,0,0,1,0,0,2,0,0,0,0,0,0,0,0.00975609756097561,0.00975609756097561,0.00975609756097561,0.0,0.004878048780487805,0.0,0.00975609756097561,0.0,0.0,0.01951219512195122,0.004878048780487805,0.00975609756097561,0.00975609756097561,0.0,0.0,24.75,53,0.0,0.0,0.375,1,0,0,0.0,0,0,0.1024390243902439,0.004878048780487805,0.024390243902439025,0.014634146341463415,6,0,8
java,java_656,0,0,0,0,0,0,0,0,0,0,0,1,0,0,0,0,2,0,0,0,0,1,0,0,0,0,0,0,0,0,0,1,0,0,1,0,0,0,0,0,0,0,0.013793103448275862,0.013793103448275862,0.013793103448275862,0.0,0.0,0.0,0.006896551724137931,0.0,0.0,0.013793103448275862,0.006896551724137931,0.0,0.013793103448275862,0.0,0.0,19.857142857142858,44,0.0,0.0,0.42857142857142855,0,0,0,0.0,0,0,0.09655172413793103,0.013793103448275862,0.034482758620689655,0.013793103448275862,6,0,7
java,java_666,0,0,0,0,0,0,0,0,0,0,0,0,0,0,0,0,0,0,0,0,1,0,0,0,0,0,0,0,0,0,0,0,0,0,1,0,0,0,0,0,0,0,0.016666666666666666,0.016666666666666666,0.025,0.0,0.0,0.0,0.016666666666666666,0.0,0.0,0.016666666666666666,0.0,0.0,0.0,0.0,0.0,16.285714285714285,25,0.0,0.0,0.2857142857142857,0,0,0,0.0,0,0,0.11666666666666667,0.025,0.058333333333333334,0.016666666666666666,6,0,7
java,java_667,0,0,0,0,0,0,0,0,0,0,0,1,0,0,0,0,2,0,0,0,0,0,0,0,0,0,0,0,0,0,0,1,0,0,2,0,0,0,0,0,0,0,0.012903225806451613,0.012903225806451613,0.0064516129032258064,0.0,0.0,0.0,0.0,0.0,0.0,0.012903225806451613,0.0064516129032258064,0.0,0.012903225806451613,0.0,0.0,21.285714285714285,44,0.0,0.0,0.42857142857142855,0,0,0,0.0,0,0,0.0967741935483871,0.0,0.05806451612903226,0.012903225806451613,5,0,7
java,java_673,0,0,0,0,0,0,0,0,0,0,0,1,0,0,0,0,2,0,0,0,0,0,0,0,0,0,0,0,0,0,1,0,0,0,2,0,0,0,0,0,0,0,0.015873015873015872,0.015873015873015872,0.007936507936507936,0.0,0.0,0.0,0.0,0.0,0.0,0.007936507936507936,0.0,0.007936507936507936,0.0,0.0,0.0,17.142857142857142,34,0.0,0.0,0.42857142857142855,0,0,0,0.0,0,0,0.0873015873015873,0.0,0.007936507936507936,0.0,5,0,7
java,java_676,0,0,0,0,0,0,0,0,0,0,0,0,0,0,0,0,1,0,0,0,0,1,0,0,0,0,0,0,0,0,0,1,0,0,0,0,0,0,0,0,0,0,0.00980392156862745,0.00980392156862745,0.0196078431372549,0.0,0.00980392156862745,0.0,0.0196078431372549,0.0,0.0,0.029411764705882353,0.0,0.0196078431372549,0.0,0.0,0.0,24.75,53,0.0,0.0,0.25,1,0,0,0.0,0,0,0.10784313725490197,0.00980392156862745,0.00980392156862745,0.00980392156862745,4,0,4
java,java_677,0,0,0,0,0,0,0,0,0,0,0,0,0,0,0,0,0,0,0,0,0,0,1,0,0,0,0,0,0,0,0,0,0,0,2,0,0,0,0,0,0,0,0.016129032258064516,0.016129032258064516,0.024193548387096774,0.0,0.0,0.0,0.016129032258064516,0.0,0.0,0.016129032258064516,0.0,0.0,0.0,0.016129032258064516,0.0,14.625,24,0.0,0.0,0.25,0,0,0,0.0,0,0,0.12903225806451613,0.024193548387096774,0.024193548387096774,0.008064516129032258,6,0,8
java,java_687,0,0,0,0,0,0,0,0,0,0,0,0,0,0,0,0,0,0,0,0,0,1,0,0,0,0,0,0,0,0,0,0,0,0,2,0,0,0,0,0,0,0,0.0,0.0,0.027522935779816515,0.01834862385321101,0.01834862385321101,0.0,0.01834862385321101,0.0,0.0,0.01834862385321101,0.0,0.0,0.01834862385321101,0.0,0.0,21.0,43,0.0,0.0,0.0,0,0,0,0.2,0,0,0.13761467889908258,0.01834862385321101,0.08256880733944955,0.009174311926605505,3,0,5
java,java_701,0,0,0,0,0,0,0,0,0,0,0,0,0,0,0,0,0,0,0,0,0,1,0,0,0,0,0,0,0,0,0,0,0,0,1,0,0,0,0,0,0,0,0.013157894736842105,0.013157894736842105,0.019736842105263157,0.0,0.006578947368421052,0.0,0.019736842105263157,0.0,0.0,0.02631578947368421,0.0,0.013157894736842105,0.0,0.0,0.0,20.857142857142858,53,0.0,0.0,0.2857142857142857,1,0,0,0.0,0,0,0.125,0.02631578947368421,0.019736842105263157,0.013157894736842105,6,0,7
java,java_706,0,0,0,0,0,0,0,0,0,0,0,0,0,0,0,0,0,0,0,0,0,1,0,0,0,0,0,0,0,0,0,0,0,0,1,0,0,0,0,0,0,0,0.017543859649122806,0.017543859649122806,0.02631578947368421,0.0,0.0,0.0,0.017543859649122806,0.0,0.0,0.017543859649122806,0.0,0.0,0.0,0.0,0.0,15.428571428571429,24,0.0,0.0,0.2857142857142857,0,0,0,0.0,0,0,0.12280701754385964,0.043859649122807015,0.02631578947368421,0.008771929824561403,6,0,7
java,java_710,0,0,0,0,0,0,0,0,0,0,0,0,0,0,0,0,1,0,0,0,1,0,0,0,0,0,0,0,0,0,0,1,0,0,1,0,0,0,0,0,0,0,0.010869565217391304,0.010869565217391304,0.021739130434782608,0.0,0.0,0.0,0.010869565217391304,0.0,0.0,0.010869565217391304,0.0,0.0,0.0,0.0,0.0,17.6,26,0.0,0.0,0.2,0,0,0,0.0,0,0,0.08695652173913043,0.0,0.05434782608695652,0.010869565217391304,4,0,5
java,java_715,0,0,0,0,0,0,0,0,0,0,0,1,0,0,0,0,2,0,0,0,0,0,0,0,0,0,0,0,0,0,1,0,0,0,2,0,0,0,0,0,0,0,0.013245033112582781,0.013245033112582781,0.013245033112582781,0.0,0.0,0.0,0.0,0.0,0.0,0.013245033112582781,0.0,0.006622516556291391,0.0,0.013245033112582781,0.0,18.0,34,0.0,0.0,0.375,0,0,0,0.0,0,0,0.09271523178807947,0.0,0.033112582781456956,0.006622516556291391,6,0,8
java,java_716,0,0,0,0,0,0,0,0,0,0,0,0,0,0,0,0,0,0,0,0,0,0,0,0,0,0,0,0,0,0,0,0,0,0,1,0,0,0,0,0,0,0,0.017391304347826087,0.017391304347826087,0.02608695652173913,0.0,0.0,0.0,0.008695652173913044,0.0,0.0,0.02608695652173913,0.0,0.0,0.0,0.017391304347826087,0.0,15.571428571428571,24,0.0,0.0,0.2857142857142857,0,0,0,0.0,0,0,0.1391304347826087,0.02608695652173913,0.06086956521739131,0.017391304347826087,6,0,7
java,java_718,0,0,0,0,0,0,0,0,0,0,0,0,0,0,0,0,0,0,0,0,0,0,0,0,0,0,0,0,0,0,0,0,0,0,2,0,0,0,0,0,0,0,0.0,0.0,0.021505376344086023,0.021505376344086023,0.021505376344086023,0.0,0.010752688172043012,0.0,0.0,0.021505376344086023,0.0,0.0,0.021505376344086023,0.0,0.0,22.5,43,0.0,0.0,0.0,0,0,0,0.25,0,0,0.15053763440860216,0.0,0.0967741935483871,0.010752688172043012,2,0,4
java,java_720,0,0,0,0,0,0,0,0,0,0,0,1,0,0,0,0,2,0,0,0,0,1,0,0,0,0,0,0,0,0,0,1,0,0,1,0,0,0,0,0,0,0,0.013422818791946308,0.013422818791946308,0.013422818791946308,0.0,0.0,0.0,0.006711409395973154,0.0,0.0,0.013422818791946308,0.006711409395973154,0.0,0.013422818791946308,0.0,0.0,20.428571428571427,44,0.0,0.0,0.42857142857142855,0,0,0,0.0,0,0,0.09395973154362416,0.013422818791946308,0.06040268456375839,0.013422818791946308,6,0,7
java,java_735,0,0,0,0,0,0,0,0,0,0,0,1,0,0,0,0,2,0,0,0,0,1,0,0,0,0,0,0,0,0,0,1,0,0,1,0,0,0,0,0,0,0,0.0106951871657754,0.0106951871657754,0.0106951871657754,0.0,0.0053475935828877,0.0,0.0106951871657754,0.0,0.0,0.0213903743315508,0.0053475935828877,0.0106951871657754,0.0106951871657754,0.0,0.0,25.857142857142858,53,0.0,0.0,0.42857142857142855,1,0,0,0.0,0,0,0.10160427807486631,0.0053475935828877,0.0481283422459893,0.016042780748663103,6,0,7
java,java_738,0,0,0,0,0,0,0,0,0,0,0,1,0,0,0,0,2,0,0,0,0,1,0,0,0,0,0,0,0,0,0,1,0,0,1,0,0,0,0,0,0,0,0.01092896174863388,0.01092896174863388,0.01092896174863388,0.0,0.00546448087431694,0.0,0.01092896174863388,0.0,0.0,0.02185792349726776,0.00546448087431694,0.01092896174863388,0.01092896174863388,0.0,0.0,25.285714285714285,53,0.0,0.0,0.42857142857142855,1,0,0,0.0,0,0,0.10382513661202186,0.00546448087431694,0.0273224043715847,0.01639344262295082,6,0,7
java,java_739,0,0,0,0,0,0,0,0,0,0,0,0,0,0,0,0,1,0,0,0,0,1,0,0,0,0,0,0,0,0,0,1,0,0,2,0,0,0,0,0,0,0,0.009615384615384616,0.009615384615384616,0.019230769230769232,0.0,0.0,0.0,0.009615384615384616,0.0,0.0,0.009615384615384616,0.0,0.0,0.0,0.0,0.0,16.5,26,0.0,0.0,0.16666666666666666,0,0,0,0.0,0,0,0.09615384615384616,0.019230769230769232,0.04807692307692308,0.0,4,0,6
java,java_741,0,0,0,0,0,0,0,0,0,0,0,0,0,0,0,0,0,0,0,0,0,1,0,0,0,0,0,0,0,0,0,0,0,0,2,0,0,0,0,0,0,0,0.015625,0.015625,0.0234375,0.0,0.0,0.0,0.015625,0.0,0.0,0.015625,0.0,0.0,0.0,0.0,0.0,15.125,24,0.0,0.0,0.25,0,0,0,0.0,0,0,0.125,0.0390625,0.0234375,0.0078125,6,0,8
java,java_750,0,0,0,0,0,0,0,0,0,0,0,0,0,0,0,0,0,0,0,0,0,1,0,0,0,0,0,0,0,0,0,0,0,0,2,0,0,0,0,0,0,0,0.015625,0.015625,0.0234375,0.0,0.0,0.0,0.015625,0.0,0.0,0.015625,0.0,0.0,0.0,0.0,0.0,15.125,24,0.0,0.0,0.25,0,0,0,0.0,0,0,0.125,0.0390625,0.0859375,0.0078125,6,0,8
java,java_766,0,0,0,0,0,0,0,0,0,0,0,0,0,0,0,0,1,0,0,0,0,1,0,0,0,0,0,0,0,0,0,1,0,0,2,0,0,0,0,0,0,0,0.00684931506849315,0.00684931506849315,0.0136986301369863,0.0,0.00684931506849315,0.0,0.0136986301369863,0.0,0.0,0.02054794520547945,0.0,0.0136986301369863,0.0,0.0,0.0,23.5,53,0.0,0.0,0.16666666666666666,1,0,0,0.0,0,0,0.10273972602739725,0.00684931506849315,0.00684931506849315,0.00684931506849315,4,0,6
java,java_772,0,0,0,0,0,0,0,0,0,0,0,0,0,0,0,0,1,0,0,0,0,0,1,0,0,0,0,0,0,0,0,1,0,0,2,0,0,0,0,0,0,0,0.01,0.01,0.02,0.0,0.0,0.0,0.01,0.0,0.0,0.01,0.0,0.0,0.0,0.02,0.0,15.833333333333334,26,0.0,0.0,0.16666666666666666,0,0,0,0.0,0,0,0.1,0.0,0.05,0.0,4,0,6
java,java_790,0,0,0,0,0,0,0,0,0,0,0,0,0,0,0,0,0,0,0,0,0,1,0,0,0,0,0,0,0,0,0,0,0,0,2,0,0,0,0,0,0,0,0.016666666666666666,0.016666666666666666,0.025,0.0,0.0,0.0,0.016666666666666666,0.0,0.0,0.016666666666666666,0.0,0.0,0.0,0.0,0.0,14.125,24,0.0,0.0,0.25,0,0,0,0.0,0,0,0.13333333333333333,0.041666666666666664,0.025,0.008333333333333333,6,0,8
java,java_795,0,0,0,0,0,0,0,0,0,0,0,0,0,0,0,0,1,0,0,0,0,1,0,0,0,0,0,0,0,0,0,1,0,0,2,0,0,0,0,0,0,0,0.007462686567164179,0.007462686567164179,0.014925373134328358,0.0,0.007462686567164179,0.0,0.014925373134328358,0.0,0.0,0.022388059701492536,0.0,0.014925373134328358,0.0,0.0,0.0,21.5,53,0.0,0.0,0.16666666666666666,1,0,0,0.0,0,0,0.11194029850746269,0.007462686567164179,0.03731343283582089,0.007462686567164179,4,0,6
java,java_804,0,0,0,0,0,0,0,0,0,0,0,1,0,0,0,0,2,0,0,0,0,0,0,0,0,0,0,0,0,0,1,0,0,0,0,0,0,0,0,0,0,0,0.018018018018018018,0.018018018018018018,0.018018018018018018,0.0,0.0,0.0,0.0,0.0,0.0,0.018018018018018018,0.0,0.009009009009009009,0.0,0.018018018018018018,0.0,17.666666666666668,34,0.0,0.0,0.5,0,0,0,0.0,0,0,0.09009009009009009,0.0,0.009009009009009009,0.009009009009009009,6,0,6
java,java_807,0,0,0,0,0,0,0,0,0,0,0,1,0,0,0,0,2,0,0,0,0,1,0,0,0,0,0,0,0,0,0,1,0,0,1,0,0,0,0,0,0,0,0.010471204188481676,0.010471204188481676,0.010471204188481676,0.0,0.005235602094240838,0.0,0.010471204188481676,0.0,0.0,0.020942408376963352,0.005235602094240838,0.010471204188481676,0.010471204188481676,0.0,0.0,26.428571428571427,53,0.0,0.0,0.42857142857142855,1,0,0,0.0,0,0,0.09947643979057591,0.005235602094240838,0.02617801047120419,0.015706806282722512,6,0,7
java,java_821,0,0,0,0,0,0,0,0,0,0,0,0,0,0,0,0,0,0,0,0,0,0,1,0,0,0,0,0,0,0,0,0,0,0,1,0,0,0,0,0,0,0,0.0,0.0,0.031578947368421054,0.021052631578947368,0.021052631578947368,0.0,0.021052631578947368,0.0,0.0,0.021052631578947368,0.0,0.0,0.021052631578947368,0.021052631578947368,0.0,23.0,43,0.0,0.0,0.0,0,0,0,0.25,0,0,0.1368421052631579,0.0,0.05263157894736842,0.010526315789473684,3,0,4
java,java_842,0,0,0,0,0,0,0,0,0,0,0,0,0,0,0,0,0,0,0,0,0,1,0,0,0,0,0,0,0,0,0,0,0,0,2,0,0,0,0,0,0,0,0.015625,0.015625,0.0234375,0.0,0.0,0.0,0.015625,0.0,0.0,0.015625,0.0,0.0,0.0,0.0,0.0,15.125,24,0.0,0.0,0.25,0,0,0,0.0,0,0,0.125,0.0390625,0.0234375,0.0078125,6,0,8
java,java_848,0,0,0,0,0,0,0,0,0,0,0,1,0,0,0,0,2,0,0,0,0,1,0,0,0,0,0,0,0,0,0,1,0,0,2,0,0,0,0,0,0,0,0.011695906432748537,0.011695906432748537,0.011695906432748537,0.0,0.0,0.0,0.005847953216374269,0.0,0.0,0.011695906432748537,0.005847953216374269,0.0,0.011695906432748537,0.0,0.0,20.5,44,0.0,0.0,0.375,0,0,0,0.0,0,0,0.0935672514619883,0.011695906432748537,0.05263157894736842,0.011695906432748537,6,0,8
java,java_864,0,0,0,0,0,0,0,0,0,0,0,0,0,0,0,0,1,0,0,0,0,1,0,0,0,0,0,0,0,0,0,1,0,0,2,0,0,0,0,0,0,0,0.01,0.01,0.02,0.0,0.0,0.0,0.01,0.0,0.0,0.01,0.0,0.0,0.0,0.0,0.0,15.833333333333334,26,0.0,0.0,0.16666666666666666,0,0,0,0.0,0,0,0.1,0.02,0.01,0.0,4,0,6
java,java_880,0,0,0,0,0,0,0,0,0,0,0,0,0,0,0,0,0,0,0,0,0,0,0,0,0,0,0,0,0,0,0,0,0,0,2,0,0,0,0,0,0,0,0.0,0.0,0.020618556701030927,0.020618556701030927,0.020618556701030927,0.0,0.010309278350515464,0.0,0.0,0.020618556701030927,0.0,0.0,0.020618556701030927,0.0,0.0,23.5,43,0.0,0.0,0.0,0,0,0,0.25,0,0,0.14432989690721648,0.0,0.13402061855670103,0.010309278350515464,2,0,4
java,java_881,0,0,0,0,0,0,0,0,0,0,0,1,0,0,0,0,2,0,0,0,0,0,0,0,0,0,0,0,0,0,1,0,0,0,2,0,0,0,0,0,0,0,0.013986013986013986,0.013986013986013986,0.013986013986013986,0.0,0.0,0.0,0.0,0.0,0.0,0.013986013986013986,0.0,0.006993006993006993,0.0,0.013986013986013986,0.0,17.0,34,0.0,0.0,0.375,0,0,0,0.0,0,0,0.0979020979020979,0.0,0.03496503496503497,0.006993006993006993,6,0,8
java,java_888,0,0,0,0,0,0,0,0,0,0,0,0,0,0,0,0,0,0,0,0,1,0,0,0,0,0,0,0,0,0,0,0,0,0,2,0,0,0,0,0,0,0,0.0,0.0,0.024390243902439025,0.016260162601626018,0.016260162601626018,0.0,0.016260162601626018,0.0,0.0,0.016260162601626018,0.0,0.0,0.016260162601626018,0.0,0.0,23.8,43,0.0,0.0,0.0,0,0,0,0.2,0,0,0.12195121951219512,0.0,0.04065040650406504,0.016260162601626018,3,0,5
java,java_890,0,0,0,0,0,0,0,0,0,0,0,0,0,0,0,0,1,0,0,0,0,0,0,0,0,0,0,0,0,0,0,1,0,0,1,0,0,0,0,0,0,0,0.011494252873563218,0.011494252873563218,0.022988505747126436,0.0,0.0,0.0,0.0,0.0,0.0,0.022988505747126436,0.0,0.0,0.0,0.022988505747126436,0.0,16.6,26,0.0,0.0,0.2,0,0,0,0.0,0,0,0.11494252873563218,0.0,0.05747126436781609,0.011494252873563218,4,0,5
java,java_892,0,0,0,0,0,0,0,0,0,0,0,1,0,0,0,0,2,0,0,0,0,0,1,0,0,0,0,0,0,0,0,1,0,0,2,0,0,0,0,0,0,0,0.0111731843575419,0.0111731843575419,0.0111731843575419,0.0,0.0,0.0,0.00558659217877095,0.0,0.0,0.0111731843575419,0.00558659217877095,0.0,0.0111731843575419,0.0111731843575419,0.0,21.5,44,0.0,0.0,0.375,0,0,0,0.0,0,0,0.0893854748603352,0.0,0.027932960893854747,0.0111731843575419,6,0,8
java,java_895,0,0,0,0,0,0,0,0,0,0,0,0,0,0,0,0,1,0,0,0,0,1,0,0,0,0,0,0,0,0,0,1,0,0,2,0,0,0,0,0,0,0,0.010869565217391304,0.010869565217391304,0.021739130434782608,0.0,0.0,0.0,0.010869565217391304,0.0,0.0,0.010869565217391304,0.0,0.0,0.0,0.0,0.0,14.5,26,0.0,0.0,0.16666666666666666,0,0,0,0.0,0,0,0.10869565217391304,0.021739130434782608,0.010869565217391304,0.0,4,0,6
java,java_910,0,0,0,0,0,0,0,0,0,0,0,0,0,0,0,0,0,0,0,0,0,0,0,0,0,0,0,0,0,0,0,0,0,0,2,0,0,0,0,0,0,0,0.014598540145985401,0.014598540145985401,0.021897810218978103,0.0,0.0,0.0,0.0072992700729927005,0.0,0.0,0.021897810218978103,0.0,0.0,0.0,0.014598540145985401,0.0,16.25,24,0.0,0.0,0.25,0,0,0,0.0,0,0,0.13138686131386862,0.021897810218978103,0.051094890510948905,0.014598540145985401,6,0,8
java,java_911,0,0,0,0,0,0,0,0,0,0,0,0,0,0,0,0,1,0,0,0,0,0,0,0,0,0,0,0,0,0,0,1,0,0,2,0,0,0,0,0,0,0,0.0125,0.0125,0.0125,0.0,0.0,0.0,0.0,0.0,0.0,0.0125,0.0,0.0,0.0,0.0,0.0,15.2,26,0.0,0.0,0.2,0,0,0,0.0,0,0,0.1125,0.0,0.0625,0.0,3,0,5
java,java_913,0,0,0,0,0,0,0,0,0,0,0,1,0,0,0,0,2,0,0,0,1,0,0,0,0,0,0,0,0,0,0,1,0,0,2,0,0,0,0,0,0,0,0.011560693641618497,0.011560693641618497,0.011560693641618497,0.0,0.0,0.0,0.005780346820809248,0.0,0.0,0.011560693641618497,0.005780346820809248,0.0,0.011560693641618497,0.0,0.0,20.75,44,0.0,0.0,0.375,0,0,0,0.0,0,0,0.09248554913294797,0.0,0.05202312138728324,0.017341040462427744,6,0,8
java,java_922,0,0,0,0,0,0,0,0,0,0,0,0,0,0,0,0,0,0,0,0,0,0,1,0,0,0,0,0,0,0,0,0,0,0,1,0,0,0,0,0,0,0,0.0,0.0,0.031578947368421054,0.021052631578947368,0.021052631578947368,0.0,0.021052631578947368,0.0,0.0,0.021052631578947368,0.0,0.0,0.021052631578947368,0.021052631578947368,0.0,23.0,43,0.0,0.0,0.0,0,0,0,0.25,0,0,0.1368421052631579,0.0,0.05263157894736842,0.010526315789473684,3,0,4
java,java_935,0,0,0,0,0,0,0,0,0,0,0,1,0,0,0,0,2,0,0,0,1,0,0,0,0,0,0,0,0,0,1,0,0,0,2,0,0,0,0,0,0,0,0.013157894736842105,0.013157894736842105,0.013157894736842105,0.0,0.0,0.0,0.006578947368421052,0.0,0.0,0.006578947368421052,0.0,0.006578947368421052,0.0,0.0,0.0,18.125,34,0.0,0.0,0.375,0,0,0,0.0,0,0,0.07894736842105263,0.0,0.05921052631578947,0.006578947368421052,6,0,8
java,java_969,0,0,0,0,0,0,0,0,0,0,0,1,0,0,0,0,2,0,0,0,1,0,0,0,0,0,0,0,0,0,1,0,0,0,2,0,0,0,0,0,0,0,0.013513513513513514,0.013513513513513514,0.013513513513513514,0.0,0.0,0.0,0.006756756756756757,0.0,0.0,0.006756756756756757,0.0,0.006756756756756757,0.0,0.0,0.0,17.625,34,0.0,0.0,0.375,0,0,0,0.0,0,0,0.08108108108108109,0.0,0.033783783783783786,0.006756756756756757,6,0,8
java,java_987,0,0,0,0,0,0,0,0,0,0,0,0,0,0,0,0,0,0,0,0,0,1,0,0,0,0,0,0,0,0,0,0,0,0,2,0,0,0,0,0,0,0,0.0,0.0,0.024793388429752067,0.01652892561983471,0.01652892561983471,0.0,0.01652892561983471,0.0,0.0,0.01652892561983471,0.0,0.0,0.01652892561983471,0.0,0.0,23.4,43,0.0,0.0,0.0,0,0,0,0.2,0,0,0.12396694214876033,0.01652892561983471,0.04132231404958678,0.008264462809917356,3,0,5
java,java_992,0,0,0,0,0,0,0,0,0,0,0,1,0,0,0,0,2,0,0,0,0,1,0,0,0,0,0,0,0,0,1,0,0,0,2,0,0,0,0,0,0,0,0.011111111111111112,0.011111111111111112,0.011111111111111112,0.0,0.005555555555555556,0.0,0.011111111111111112,0.0,0.0,0.016666666666666666,0.0,0.016666666666666666,0.0,0.0,0.0,21.625,53,0.0,0.0,0.375,1,0,0,0.0,0,0,0.09444444444444444,0.005555555555555556,0.05,0.005555555555555556,6,0,8
java,java_998,0,0,0,0,0,0,0,0,0,0,0,0,0,0,0,0,0,0,0,0,1,0,0,0,0,0,0,0,0,0,0,0,0,0,2,0,0,0,0,0,0,0,0.014925373134328358,0.014925373134328358,0.022388059701492536,0.0,0.0,0.0,0.014925373134328358,0.0,0.0,0.014925373134328358,0.0,0.0,0.0,0.0,0.0,15.875,25,0.0,0.0,0.25,0,0,0,0.0,0,0,0.11940298507462686,0.022388059701492536,0.05223880597014925,0.014925373134328358,6,0,8
javascript,javascript_0,0,0,0,0,0,0,0,0,0,0,0,0,1,0,0,0,0,0,0,0,0,1,0,0,0,0,0,0,0,0,1,0,0,0,1,0,0,0,0,0,0,0,0.008403361344537815,0.008403361344537815,0.01680672268907563,0.0,0.0,0.0,0.008403361344537815,0.0,0.0,0.025210084033613446,0.0,0.0,0.0,0.01680672268907563,0.0,23.0,46,0.0,0.0,0.4,0,0,0,0.0,0,0,0.11764705882352941,0.0,0.008403361344537815,0.008403361344537815,4,0,5
javascript,javascript_2,0,0,0,0,0,0,0,0,0,0,0,1,0,0,0,0,0,0,0,0,0,0,1,0,0,0,0,0,0,0,1,0,0,0,2,0,0,0,0,0,0,0,0.015873015873015872,0.015873015873015872,0.015873015873015872,0.0,0.0,0.0,0.007936507936507936,0.0,0.0,0.007936507936507936,0.0,0.007936507936507936,0.0,0.015873015873015872,0.0,14.875,27,0.0,0.0,0.375,0,0,0,0.0,0,0,0.09523809523809523,0.0,0.007936507936507936,0.0,6,0,8
javascript,javascript_3,0,0,0,0,0,0,0,0,0,0,0,1,0,0,0,0,0,0,0,0,0,0,0,0,0,0,0,0,0,0,1,0,0,0,1,0,0,0,0,0,0,0,0.025,0.025,0.0125,0.0,0.0,0.0,0.0,0.0,0.0,0.0125,0.0,0.0125,0.0,0.0,0.0,12.5,21,0.0,0.0,0.5,0,0,0,0.0,0,0,0.1125,0.0,0.0125,0.0,5,0,6
javascript,javascript_4,0,0,0,0,0,0,0,0,0,0,0,0,0,0,0,0,0,0,0,0,0,3,0,0,0,0,0,0,0,0,0,0,0,0,2,0,0,0,0,0,0,0,0.0,0.0,0.01935483870967742,0.0,0.012903225806451613,0.0,0.03225806451612903,0.0,0.0,0.01935483870967742,0.0064516129032258064,0.025806451612903226,0.0,0.0,0.0,30.2,53,0.0,0.0,0.0,2,0,0,0.0,0,0,0.10967741935483871,0.03225806451612903,0.0,0.012903225806451613,3,0,5
javascript,javascript_5,0,0,0,0,0,0,0,0,0,0,0,0,1,0,0,0,0,0,0,0,1,1,0,0,0,0,0,0,0,0,1,0,0,0,1,0,0,0,0,0,0,0,0.006289308176100629,0.006289308176100629,0.018867924528301886,0.0,0.0,0.0,0.012578616352201259,0.0,0.0,0.018867924528301886,0.0,0.0,0.0,0.012578616352201259,0.0,25.666666666666668,46,0.0,0.0,0.3333333333333333,0,0,0,0.0,0,0,0.09433962264150944,0.0,0.006289308176100629,0.012578616352201259,5,0,6
javascript,javascript_6,0,0,0,0,0,0,0,0,0,0,0,0,1,0,0,0,0,0,0,0,0,1,1,0,0,0,0,0,0,0,1,0,0,0,1,0,0,0,0,0,0,0,0.0070921985815602835,0.0070921985815602835,0.02127659574468085,0.0,0.0,0.0,0.014184397163120567,0.0,0.0,0.02127659574468085,0.0,0.0,0.0,0.028368794326241134,0.0,22.666666666666668,46,0.0,0.0,0.3333333333333333,0,0,0,0.0,0,0,0.10638297872340426,0.0,0.0070921985815602835,0.0070921985815602835,5,0,6
javascript,javascript_7,0,0,0,0,0,0,0,0,0,0,0,0,1,0,0,0,0,0,0,0,0,0,1,0,0,0,0,0,0,0,1,0,0,0,1,0,0,0,0,0,0,0,0.008403361344537815,0.008403361344537815,0.025210084033613446,0.0,0.0,0.0,0.008403361344537815,0.0,0.0,0.01680672268907563,0.0,0.008403361344537815,0.0,0.03361344537815126,0.0,19.0,33,0.0,0.0,0.3333333333333333,0,0,0,0.0,0,0,0.09243697478991597,0.0,0.01680672268907563,0.008403361344537815,5,0,6
javascript,javascript_8,0,0,0,0,0,0,0,0,0,0,0,0,1,0,0,0,0,0,0,0,0,0,0,0,0,0,0,0,0,0,1,0,0,0,1,0,0,0,0,0,0,0,0.008333333333333333,0.008333333333333333,0.025,0.0,0.0,0.0,0.0,0.0,0.0,0.025,0.0,0.008333333333333333,0.0,0.03333333333333333,0.0,19.166666666666668,33,0.0,0.0,0.3333333333333333,0,0,0,0.0,0,0,0.10833333333333334,0.0,0.016666666666666666,0.016666666666666666,5,0,6
javascript,javascript_9,0,0,0,0,0,0,0,0,0,0,0,0,1,0,0,0,0,0,0,0,0,0,1,0,0,0,0,0,0,0,1,0,0,0,1,0,0,0,0,0,0,0,0.008403361344537815,0.008403361344537815,0.025210084033613446,0.0,0.0,0.0,0.008403361344537815,0.0,0.0,0.01680672268907563,0.0,0.008403361344537815,0.0,0.03361344537815126,0.0,19.0,33,0.0,0.0,0.3333333333333333,0,0,0,0.0,0,0,0.09243697478991597,0.0,0.01680672268907563,0.008403361344537815,5,0,6
javascript,javascript_10,0,0,0,0,0,0,0,0,0,0,0,0,0,0,0,0,0,0,0,0,0,2,0,0,0,0,0,0,0,0,0,0,0,0,1,0,0,0,0,0,0,0,0.02531645569620253,0.02531645569620253,0.02531645569620253,0.0,0.0,0.02531645569620253,0.02531645569620253,0.0,0.0,0.0,0.0,0.02531645569620253,0.0,0.02531645569620253,0.0,25.666666666666668,38,0.0,0.0,0.0,0,0,0,0.0,0,0,0.10126582278481013,0.02531645569620253,0.012658227848101266,0.0,2,0,3
javascript,javascript_11,0,0,0,0,0,0,0,0,0,0,0,0,0,0,0,0,0,0,0,0,0,2,0,0,0,0,0,0,0,0,0,0,0,0,1,0,0,0,0,0,0,0,0.017857142857142856,0.017857142857142856,0.026785714285714284,0.0,0.0,0.017857142857142856,0.017857142857142856,0.0,0.0,0.008928571428571428,0.0,0.017857142857142856,0.0,0.03571428571428571,0.0,27.25,38,0.0,0.0,0.0,0,0,0,0.0,0,0,0.09821428571428571,0.017857142857142856,0.008928571428571428,0.008928571428571428,3,0,4
javascript,javascript_12,0,0,0,0,0,0,0,0,0,0,0,0,0,0,0,0,0,0,0,0,0,3,0,0,0,0,0,0,0,0,0,0,0,0,0,0,0,0,0,0,0,0,0.0,0.0,0.02654867256637168,0.0,0.017699115044247787,0.0,0.04424778761061947,0.0,0.0,0.02654867256637168,0.008849557522123894,0.035398230088495575,0.0,0.0,0.0,37.0,53,0.0,0.0,0.0,2,0,0,0.0,0,0,0.11504424778761062,0.04424778761061947,0.0,0.017699115044247787,3,0,3
javascript,javascript_13,0,0,0,0,0,0,0,0,0,0,0,1,0,0,0,0,0,0,0,0,0,1,0,0,0,0,0,0,0,0,1,0,0,0,0,0,0,0,0,0,0,0,0.01694915254237288,0.01694915254237288,0.01694915254237288,0.0,0.00847457627118644,0.0,0.01694915254237288,0.0,0.0,0.025423728813559324,0.0,0.025423728813559324,0.0,0.0,0.0,18.833333333333332,53,0.0,0.0,0.5,1,0,0,0.0,0,0,0.11016949152542373,0.00847457627118644,0.00847457627118644,0.00847457627118644,6,0,6
javascript,javascript_14,0,0,0,0,0,0,0,0,0,0,0,0,1,0,0,0,0,0,0,0,0,1,0,0,0,0,0,0,0,0,1,0,0,0,2,0,0,0,0,0,0,0,0.006211180124223602,0.006211180124223602,0.012422360248447204,0.0,0.0,0.0,0.006211180124223602,0.0,0.0,0.018633540372670808,0.0,0.0,0.0,0.012422360248447204,0.0,26.0,46,0.0,0.0,0.3333333333333333,0,0,0,0.0,0,0,0.09937888198757763,0.0,0.006211180124223602,0.006211180124223602,4,0,6
javascript,javascript_15,0,0,0,0,0,0,0,0,0,0,0,0,0,0,0,0,0,0,0,0,0,2,0,0,0,0,0,0,0,0,0,0,0,0,1,0,0,0,0,0,0,0,0.0,0.0,0.0273972602739726,0.0,0.0136986301369863,0.0,0.0410958904109589,0.0,0.0,0.0136986301369863,0.0136986301369863,0.0273972602739726,0.0,0.0,0.0,23.666666666666668,36,0.0,0.0,0.0,1,0,0,0.0,0,0,0.1232876712328767,0.0547945205479452,0.0,0.0136986301369863,2,0,3
javascript,javascript_17,0,0,0,0,0,0,0,0,0,0,0,0,0,0,0,0,0,0,0,0,0,2,0,0,0,0,0,0,0,0,0,0,0,0,0,0,0,0,0,0,0,0,0.023809523809523808,0.023809523809523808,0.03571428571428571,0.0,0.0,0.023809523809523808,0.023809523809523808,0.0,0.0,0.011904761904761904,0.0,0.023809523809523808,0.0,0.047619047619047616,0.0,27.333333333333332,38,0.0,0.0,0.0,0,0,0,0.0,0,0,0.10714285714285714,0.023809523809523808,0.011904761904761904,0.011904761904761904,3,0,3
javascript,javascript_18,0,0,0,0,0,0,0,0,0,0,0,0,1,0,0,0,0,0,0,0,0,0,0,0,0,0,0,0,0,0,1,0,0,0,0,0,0,0,0,0,0,0,0.014084507042253521,0.014084507042253521,0.028169014084507043,0.0,0.0,0.0,0.0,0.0,0.0,0.028169014084507043,0.0,0.014084507042253521,0.0,0.028169014084507043,0.0,17.0,33,0.0,0.0,0.5,0,0,0,0.0,0,0,0.11267605633802817,0.0,0.028169014084507043,0.014084507042253521,4,0,4
javascript,javascript_19,0,0,0,0,0,0,0,0,0,0,0,0,0,0,0,0,0,0,0,0,0,2,0,0,0,0,0,0,0,0,0,0,0,0,2,0,0,0,0,0,0,0,0.01904761904761905,0.01904761904761905,0.01904761904761905,0.0,0.0,0.01904761904761905,0.01904761904761905,0.0,0.0,0.0,0.0,0.01904761904761905,0.0,0.01904761904761905,0.0,25.5,38,0.0,0.0,0.0,0,0,0,0.0,0,0,0.09523809523809523,0.01904761904761905,0.009523809523809525,0.0,2,0,4
javascript,javascript_20,0,0,0,0,0,0,0,0,0,0,0,0,1,0,0,0,0,0,0,0,0,0,0,0,0,0,0,0,0,0,1,0,0,0,1,0,0,0,0,0,0,0,0.011764705882352941,0.011764705882352941,0.023529411764705882,0.0,0.0,0.0,0.0,0.0,0.0,0.023529411764705882,0.0,0.011764705882352941,0.0,0.023529411764705882,0.0,16.2,33,0.0,0.0,0.4,0,0,0,0.0,0,0,0.11764705882352941,0.0,0.023529411764705882,0.011764705882352941,4,0,5
javascript,javascript_21,0,0,0,0,0,0,0,0,0,0,0,0,1,0,0,0,0,0,0,0,0,1,0,0,0,0,0,0,0,0,1,0,0,0,1,0,0,0,0,0,0,0,0.007518796992481203,0.007518796992481203,0.015037593984962405,0.0,0.0,0.0,0.007518796992481203,0.0,0.0,0.022556390977443608,0.0,0.0,0.0,0.015037593984962405,0.0,25.8,46,0.0,0.0,0.4,0,0,0,0.0,0,0,0.10526315789473684,0.0,0.007518796992481203,0.007518796992481203,4,0,5
javascript,javascript_22,0,0,0,0,0,0,0,0,0,0,0,0,1,0,0,0,0,0,0,0,0,0,1,0,0,0,0,0,0,0,1,0,0,0,2,0,0,0,0,0,0,0,0.008264462809917356,0.008264462809917356,0.024793388429752067,0.0,0.0,0.0,0.008264462809917356,0.0,0.0,0.01652892561983471,0.0,0.008264462809917356,0.0,0.03305785123966942,0.0,16.428571428571427,33,0.0,0.0,0.2857142857142857,0,0,0,0.0,0,0,0.10743801652892562,0.0,0.01652892561983471,0.008264462809917356,5,0,7
javascript,javascript_24,0,0,0,0,0,0,0,0,0,0,0,0,0,0,0,0,0,0,0,0,0,2,0,0,0,0,0,0,0,0,0,0,0,0,0,0,0,0,0,0,0,0,0.0,0.0,0.03389830508474576,0.0,0.01694915254237288,0.0,0.05084745762711865,0.0,0.0,0.01694915254237288,0.01694915254237288,0.03389830508474576,0.0,0.0,0.0,29.0,36,0.0,0.0,0.0,1,0,0,0.0,0,0,0.11864406779661017,0.06779661016949153,0.0,0.01694915254237288,2,0,2
javascript,javascript_25,0,0,0,0,0,0,0,0,0,0,0,0,0,0,0,0,0,0,0,0,1,2,0,0,0,0,0,0,0,0,0,0,0,0,1,0,0,0,0,0,0,0,0.0,0.0,0.02654867256637168,0.0,0.008849557522123894,0.0,0.035398230088495575,0.0,0.0,0.008849557522123894,0.008849557522123894,0.017699115044247787,0.0,0.0,0.0,27.5,36,0.0,0.0,0.0,1,0,0,0.0,0,0,0.08849557522123894,0.035398230088495575,0.0,0.017699115044247787,3,0,4
javascript,javascript_26,0,0,0,0,0,0,0,0,0,0,0,0,0,0,0,0,0,0,0,0,0,3,0,0,0,0,0,0,0,0,0,0,0,0,1,0,0,0,0,0,0,0,0.0,0.0,0.023255813953488372,0.0,0.015503875968992248,0.0,0.03875968992248062,0.0,0.0,0.023255813953488372,0.007751937984496124,0.031007751937984496,0.0,0.0,0.0,31.5,53,0.0,0.0,0.0,2,0,0,0.0,0,0,0.11627906976744186,0.03875968992248062,0.0,0.015503875968992248,3,0,4
javascript,javascript_27,0,0,0,0,0,0,0,0,0,0,0,0,0,0,0,0,0,0,0,0,0,2,0,0,0,0,0,0,0,0,0,0,0,0,2,0,0,0,0,0,0,0,0.0,0.0,0.02247191011235955,0.0,0.011235955056179775,0.0,0.033707865168539325,0.0,0.0,0.011235955056179775,0.011235955056179775,0.02247191011235955,0.0,0.0,0.0,21.5,36,0.0,0.0,0.0,1,0,0,0.0,0,0,0.12359550561797752,0.0449438202247191,0.0,0.011235955056179775,2,0,4
javascript,javascript_28,0,0,0,0,0,0,0,0,0,0,0,0,1,0,0,0,0,0,0,0,0,0,1,0,0,0,0,0,0,0,1,0,0,0,2,0,0,0,0,0,0,0,0.007518796992481203,0.007518796992481203,0.022556390977443608,0.0,0.0,0.0,0.007518796992481203,0.0,0.0,0.015037593984962405,0.0,0.007518796992481203,0.0,0.03007518796992481,0.0,18.142857142857142,33,0.0,0.0,0.2857142857142857,0,0,0,0.0,0,0,0.09774436090225563,0.0,0.015037593984962405,0.007518796992481203,5,0,7
javascript,javascript_29,0,0,0,0,0,0,0,0,0,0,0,1,0,0,0,0,0,0,0,0,1,0,0,0,0,0,0,0,0,0,1,0,0,0,1,0,0,0,0,0,0,0,0.019230769230769232,0.019230769230769232,0.019230769230769232,0.0,0.0,0.0,0.009615384615384616,0.0,0.0,0.009615384615384616,0.0,0.009615384615384616,0.0,0.0,0.0,14.0,25,0.0,0.0,0.42857142857142855,0,0,0,0.0,0,0,0.09615384615384616,0.0,0.009615384615384616,0.009615384615384616,6,0,7
javascript,javascript_31,0,0,0,0,0,0,0,0,0,0,0,0,0,0,0,0,0,0,0,0,0,2,1,0,0,0,0,0,0,0,0,0,0,0,0,0,0,0,0,0,0,0,0.0,0.0,0.0379746835443038,0.0,0.012658227848101266,0.0,0.05063291139240506,0.0,0.0,0.012658227848101266,0.012658227848101266,0.02531645569620253,0.0,0.02531645569620253,0.0,25.666666666666668,36,0.0,0.0,0.0,1,0,0,0.0,0,0,0.10126582278481013,0.05063291139240506,0.0,0.012658227848101266,3,0,3
javascript,javascript_32,0,0,0,0,0,0,0,0,0,0,0,0,1,0,0,0,0,0,0,0,0,1,0,0,0,0,0,0,0,0,1,0,0,0,1,0,0,0,0,0,0,0,0.008264462809917356,0.008264462809917356,0.01652892561983471,0.0,0.0,0.0,0.008264462809917356,0.0,0.0,0.024793388429752067,0.0,0.0,0.0,0.01652892561983471,0.0,23.4,46,0.0,0.0,0.4,0,0,0,0.0,0,0,0.11570247933884298,0.0,0.008264462809917356,0.008264462809917356,4,0,5
javascript,javascript_33,0,0,0,0,0,0,0,0,0,0,0,1,0,0,0,0,0,0,0,0,0,0,0,0,0,0,0,0,0,0,1,0,0,0,2,0,0,0,0,0,0,0,0.02127659574468085,0.02127659574468085,0.010638297872340425,0.0,0.0,0.0,0.0,0.0,0.0,0.010638297872340425,0.0,0.010638297872340425,0.0,0.0,0.0,12.571428571428571,21,0.0,0.0,0.42857142857142855,0,0,0,0.0,0,0,0.11702127659574468,0.0,0.010638297872340425,0.0,5,0,7
javascript,javascript_35,0,0,0,0,0,0,0,0,0,0,0,1,0,0,0,0,0,0,0,0,0,0,0,0,0,0,0,0,0,0,1,0,0,0,1,0,0,0,0,0,0,0,0.021739130434782608,0.021739130434782608,0.010869565217391304,0.0,0.0,0.0,0.0,0.0,0.0,0.010869565217391304,0.0,0.010869565217391304,0.0,0.0,0.0,14.5,27,0.0,0.0,0.5,0,0,0,0.0,0,0,0.09782608695652174,0.0,0.010869565217391304,0.0,5,0,6
javascript,javascript_37,0,0,0,0,0,0,0,0,0,0,0,0,1,0,0,0,0,0,0,0,0,1,0,0,0,0,0,0,0,0,1,0,0,0,2,0,0,0,0,0,0,0,0.008403361344537815,0.008403361344537815,0.025210084033613446,0.0,0.0,0.0,0.008403361344537815,0.0,0.0,0.01680672268907563,0.0,0.008403361344537815,0.0,0.01680672268907563,0.0,16.142857142857142,33,0.0,0.0,0.2857142857142857,0,0,0,0.0,0,0,0.1092436974789916,0.01680672268907563,0.01680672268907563,0.008403361344537815,5,0,7
javascript,javascript_38,0,0,0,0,0,0,0,0,0,0,0,1,0,0,0,0,0,0,0,0,1,0,0,0,0,0,0,0,0,0,1,0,0,0,0,0,0,0,0,0,0,0,0.022222222222222223,0.022222222222222223,0.022222222222222223,0.0,0.0,0.0,0.011111111111111112,0.0,0.0,0.011111111111111112,0.0,0.011111111111111112,0.0,0.0,0.0,14.166666666666666,25,0.0,0.0,0.5,0,0,0,0.0,0,0,0.08888888888888889,0.0,0.011111111111111112,0.011111111111111112,6,0,6
javascript,javascript_39,0,0,0,0,0,0,0,0,0,0,0,0,1,0,0,0,0,0,0,0,0,1,0,0,0,0,0,0,0,0,1,0,0,0,0,0,0,0,0,0,0,0,0.009523809523809525,0.009523809523809525,0.01904761904761905,0.0,0.0,0.0,0.009523809523809525,0.0,0.0,0.02857142857142857,0.0,0.0,0.0,0.01904761904761905,0.0,25.5,46,0.0,0.0,0.5,0,0,0,0.0,0,0,0.11428571428571428,0.0,0.009523809523809525,0.009523809523809525,4,0,4
javascript,javascript_40,0,0,0,0,0,0,0,0,0,0,0,0,0,0,0,0,0,0,0,0,0,2,0,0,0,0,0,0,0,0,0,0,0,0,0,0,0,0,0,0,0,0,0.031746031746031744,0.031746031746031744,0.031746031746031744,0.0,0.0,0.031746031746031744,0.031746031746031744,0.0,0.0,0.0,0.0,0.031746031746031744,0.0,0.031746031746031744,0.0,31.0,38,0.0,0.0,0.0,0,0,0,0.0,0,0,0.09523809523809523,0.031746031746031744,0.015873015873015872,0.0,2,0,2
javascript,javascript_41,0,0,0,0,0,0,0,0,0,0,0,0,1,0,0,0,0,0,0,0,1,1,0,0,0,0,0,0,0,0,1,0,0,0,1,0,0,0,0,0,0,0,0.006802721088435374,0.006802721088435374,0.02040816326530612,0.0,0.0,0.0,0.013605442176870748,0.0,0.0,0.02040816326530612,0.0,0.0,0.0,0.013605442176870748,0.0,23.666666666666668,46,0.0,0.0,0.3333333333333333,0,0,0,0.0,0,0,0.10204081632653061,0.0,0.006802721088435374,0.013605442176870748,5,0,6
javascript,javascript_42,0,0,0,0,0,0,0,0,0,0,0,1,0,0,0,0,0,0,0,0,0,0,0,0,0,0,0,0,0,0,1,0,0,0,1,0,0,0,0,0,0,0,0.02564102564102564,0.02564102564102564,0.01282051282051282,0.0,0.0,0.0,0.0,0.0,0.0,0.01282051282051282,0.0,0.01282051282051282,0.0,0.0,0.0,12.166666666666666,21,0.0,0.0,0.5,0,0,0,0.0,0,0,0.11538461538461539,0.0,0.01282051282051282,0.0,5,0,6
javascript,javascript_43,0,0,0,0,0,0,0,0,0,0,0,0,1,0,0,0,0,0,0,0,1,0,0,0,0,0,0,0,0,0,1,0,0,0,1,0,0,0,0,0,0,0,0.009009009009009009,0.009009009009009009,0.02702702702702703,0.0,0.0,0.0,0.009009009009009009,0.0,0.0,0.018018018018018018,0.0,0.009009009009009009,0.0,0.018018018018018018,0.0,17.666666666666668,33,0.0,0.0,0.3333333333333333,0,0,0,0.0,0,0,0.0990990990990991,0.0,0.018018018018018018,0.018018018018018018,5,0,6
javascript,javascript_44,0,0,0,0,0,0,0,0,0,0,0,0,0,0,0,0,0,0,0,0,0,2,0,0,0,0,0,0,0,0,0,0,0,0,2,0,0,0,0,0,0,0,0.018691588785046728,0.018691588785046728,0.018691588785046728,0.0,0.0,0.018691588785046728,0.018691588785046728,0.0,0.0,0.0,0.0,0.018691588785046728,0.0,0.018691588785046728,0.0,26.0,38,0.0,0.0,0.0,0,0,0,0.0,0,0,0.09345794392523364,0.018691588785046728,0.009345794392523364,0.0,2,0,4
javascript,javascript_45,0,0,0,0,0,0,0,0,0,0,0,0,1,0,0,0,0,0,0,0,0,2,0,0,0,0,0,0,0,0,1,0,0,0,1,0,0,0,0,0,0,0,0.007407407407407408,0.007407407407407408,0.022222222222222223,0.0,0.0,0.0,0.014814814814814815,0.0,0.0,0.022222222222222223,0.0,0.0,0.0,0.014814814814814815,0.0,21.666666666666668,46,0.0,0.0,0.3333333333333333,0,0,0,0.0,0,0,0.1111111111111111,0.014814814814814815,0.007407407407407408,0.007407407407407408,5,0,6
javascript,javascript_47,0,0,0,0,0,0,0,0,0,0,0,0,1,0,0,0,0,0,0,0,0,1,0,0,0,0,0,0,0,0,1,0,0,0,1,0,0,0,0,0,0,0,0.007142857142857143,0.007142857142857143,0.02142857142857143,0.0,0.0,0.0,0.007142857142857143,0.0,0.0,0.02857142857142857,0.0,0.0,0.0,0.02857142857142857,0.0,22.5,46,0.0,0.0,0.3333333333333333,0,0,0,0.0,0,0,0.12142857142857143,0.0,0.007142857142857143,0.014285714285714285,5,0,6
javascript,javascript_48,0,0,0,0,0,0,0,0,0,0,0,1,0,0,0,0,0,0,0,0,1,0,0,0,0,0,0,0,0,0,1,0,0,0,1,0,0,0,0,0,0,0,0.01694915254237288,0.01694915254237288,0.01694915254237288,0.0,0.0,0.0,0.00847457627118644,0.0,0.0,0.00847457627118644,0.0,0.00847457627118644,0.0,0.0,0.0,16.0,27,0.0,0.0,0.42857142857142855,0,0,0,0.0,0,0,0.0847457627118644,0.0,0.00847457627118644,0.00847457627118644,6,0,7
javascript,javascript_50,0,0,0,0,0,0,0,0,0,0,0,0,0,0,0,0,0,0,0,0,0,3,0,0,0,0,0,0,0,0,0,0,0,0,1,0,0,0,0,0,0,0,0.015037593984962405,0.015037593984962405,0.022556390977443608,0.0,0.007518796992481203,0.015037593984962405,0.03007518796992481,0.0,0.0,0.015037593984962405,0.0,0.03007518796992481,0.0,0.015037593984962405,0.0,32.5,53,0.0,0.0,0.0,1,0,0,0.0,0,0,0.10526315789473684,0.022556390977443608,0.007518796992481203,0.007518796992481203,3,0,4
javascript,javascript_53,0,0,0,0,0,0,0,0,0,0,0,1,0,0,0,0,0,0,0,0,0,0,0,0,0,0,0,0,0,0,1,0,0,0,0,0,0,0,0,0,0,0,0.03125,0.03125,0.015625,0.0,0.0,0.0,0.0,0.0,0.0,0.015625,0.0,0.015625,0.0,0.0,0.0,12.0,21,0.0,0.0,0.6,0,0,0,0.0,0,0,0.109375,0.0,0.015625,0.0,5,0,5
javascript,javascript_55,0,0,0,0,0,0,0,0,0,0,0,0,1,0,0,0,0,0,0,0,0,0,0,0,0,0,0,0,0,0,1,0,0,0,2,0,0,0,0,0,0,0,0.008849557522123894,0.008849557522123894,0.017699115044247787,0.0,0.0,0.0,0.0,0.0,0.0,0.017699115044247787,0.0,0.008849557522123894,0.0,0.017699115044247787,0.0,18.0,33,0.0,0.0,0.3333333333333333,0,0,0,0.0,0,0,0.10619469026548672,0.0,0.017699115044247787,0.008849557522123894,4,0,6
javascript,javascript_59,0,0,0,0,0,0,0,0,0,0,0,0,1,0,0,0,0,0,0,0,0,2,0,0,0,0,0,0,0,0,1,0,0,0,0,0,0,0,0,0,0,0,0.006289308176100629,0.006289308176100629,0.018867924528301886,0.0,0.006289308176100629,0.0,0.018867924528301886,0.0,0.0,0.031446540880503145,0.0,0.012578616352201259,0.0,0.012578616352201259,0.0,31.0,53,0.0,0.0,0.4,1,0,0,0.0,0,0,0.11320754716981132,0.006289308176100629,0.006289308176100629,0.012578616352201259,5,0,5
javascript,javascript_61,0,0,0,0,0,0,0,0,0,0,0,0,0,0,0,0,0,0,0,0,0,3,0,0,0,0,0,0,0,0,0,0,0,0,0,0,0,0,0,0,0,0,0.017094017094017096,0.017094017094017096,0.02564102564102564,0.0,0.008547008547008548,0.017094017094017096,0.03418803418803419,0.0,0.0,0.017094017094017096,0.0,0.03418803418803419,0.0,0.017094017094017096,0.0,38.333333333333336,53,0.0,0.0,0.0,1,0,0,0.0,0,0,0.10256410256410256,0.02564102564102564,0.008547008547008548,0.008547008547008548,3,0,3
javascript,javascript_62,0,0,0,0,0,0,0,0,0,0,0,0,0,0,0,0,0,0,0,0,0,2,0,0,0,0,0,0,0,0,0,0,0,0,1,0,0,0,0,0,0,0,0.017857142857142856,0.017857142857142856,0.026785714285714284,0.0,0.0,0.017857142857142856,0.017857142857142856,0.0,0.0,0.008928571428571428,0.0,0.017857142857142856,0.0,0.03571428571428571,0.0,27.25,38,0.0,0.0,0.0,0,0,0,0.0,0,0,0.09821428571428571,0.017857142857142856,0.008928571428571428,0.008928571428571428,3,0,4
javascript,javascript_63,0,0,0,0,0,0,0,0,0,0,0,0,0,0,0,0,0,0,0,0,0,3,0,0,0,0,0,0,0,0,0,0,0,0,1,0,0,0,0,0,0,0,0.0,0.0,0.02912621359223301,0.0,0.009708737864077669,0.0,0.038834951456310676,0.0,0.0,0.009708737864077669,0.009708737864077669,0.019417475728155338,0.0,0.0,0.0,25.0,36,0.0,0.0,0.0,1,0,0,0.0,0,0,0.0970873786407767,0.05825242718446602,0.0,0.009708737864077669,3,0,4
javascript,javascript_65,0,0,0,0,0,0,0,0,0,0,0,0,0,0,0,0,0,0,0,0,1,2,0,0,0,0,0,0,0,0,0,0,0,0,2,0,0,0,0,0,0,0,0.015037593984962405,0.015037593984962405,0.022556390977443608,0.0,0.0,0.015037593984962405,0.022556390977443608,0.0,0.0,0.0,0.0,0.015037593984962405,0.0,0.015037593984962405,0.0,25.8,38,0.0,0.0,0.0,0,0,0,0.0,0,0,0.08270676691729323,0.015037593984962405,0.007518796992481203,0.007518796992481203,3,0,5
javascript,javascript_66,0,0,0,0,0,0,0,0,0,0,0,0,0,0,0,0,0,0,0,0,0,2,0,0,0,0,0,0,0,0,0,0,0,0,2,0,0,0,0,0,0,0,0.0,0.0,0.019417475728155338,0.0,0.009708737864077669,0.0,0.02912621359223301,0.0,0.0,0.009708737864077669,0.009708737864077669,0.019417475728155338,0.0,0.0,0.0,25.0,36,0.0,0.0,0.0,1,0,0,0.0,0,0,0.10679611650485436,0.038834951456310676,0.0,0.009708737864077669,2,0,4
javascript,javascript_68,0,0,0,0,0,0,0,0,0,0,0,0,1,0,0,0,0,0,0,0,0,2,0,0,0,0,0,0,0,0,1,0,0,0,1,0,0,0,0,0,0,0,0.005780346820809248,0.005780346820809248,0.017341040462427744,0.0,0.005780346820809248,0.0,0.017341040462427744,0.0,0.0,0.028901734104046242,0.0,0.011560693641618497,0.0,0.011560693641618497,0.0,28.0,53,0.0,0.0,0.3333333333333333,1,0,0,0.0,0,0,0.11560693641618497,0.005780346820809248,0.005780346820809248,0.011560693641618497,5,0,6
javascript,javascript_72,0,0,0,0,0,0,0,0,0,0,0,0,0,0,0,0,0,0,0,0,0,3,0,0,0,0,0,0,0,0,0,0,0,0,1,0,0,0,0,0,0,0,0.0,0.0,0.023622047244094488,0.0,0.015748031496062992,0.0,0.03937007874015748,0.0,0.0,0.023622047244094488,0.007874015748031496,0.031496062992125984,0.0,0.0,0.0,31.0,53,0.0,0.0,0.0,2,0,0,0.0,0,0,0.11811023622047244,0.03937007874015748,0.0,0.015748031496062992,3,0,4
javascript,javascript_73,0,0,0,0,0,0,0,0,0,0,0,0,0,0,0,0,0,0,0,0,0,2,1,0,0,0,0,0,0,0,0,0,0,0,1,0,0,0,0,0,0,0,0.020618556701030927,0.020618556701030927,0.030927835051546393,0.0,0.0,0.020618556701030927,0.030927835051546393,0.0,0.0,0.0,0.0,0.020618556701030927,0.0,0.041237113402061855,0.0,23.5,38,0.0,0.0,0.0,0,0,0,0.0,0,0,0.09278350515463918,0.020618556701030927,0.010309278350515464,0.0,3,0,4
javascript,javascript_75,0,0,0,0,0,0,0,0,0,0,0,0,0,0,0,0,0,0,0,0,0,3,0,0,0,0,0,0,0,0,0,0,0,0,0,0,0,0,0,0,0,0,0.0,0.0,0.04,0.0,0.013333333333333334,0.0,0.05333333333333334,0.0,0.0,0.013333333333333334,0.013333333333333334,0.02666666666666667,0.0,0.0,0.0,24.333333333333332,36,0.0,0.0,0.0,1,0,0,0.0,0,0,0.10666666666666667,0.08,0.0,0.013333333333333334,3,0,3
javascript,javascript_76,0,0,0,0,0,0,0,0,0,0,0,0,0,0,0,0,0,0,0,0,0,3,0,0,0,0,0,0,0,0,0,0,0,0,1,0,0,0,0,0,0,0,0.0,0.0,0.02127659574468085,0.0,0.014184397163120567,0.0,0.03546099290780142,0.0,0.0,0.02127659574468085,0.0070921985815602835,0.028368794326241134,0.0,0.0,0.0,34.5,53,0.0,0.0,0.0,2,0,0,0.0,0,0,0.10638297872340426,0.03546099290780142,0.0,0.014184397163120567,3,0,4
javascript,javascript_77,0,0,0,0,0,0,0,0,0,0,0,1,0,0,0,0,0,0,0,0,0,0,1,0,0,0,0,0,0,0,1,0,0,0,0,0,0,0,0,0,0,0,0.023809523809523808,0.023809523809523808,0.023809523809523808,0.0,0.0,0.0,0.011904761904761904,0.0,0.0,0.011904761904761904,0.0,0.011904761904761904,0.0,0.023809523809523808,0.0,13.166666666666666,21,0.0,0.0,0.5,0,0,0,0.0,0,0,0.09523809523809523,0.0,0.011904761904761904,0.0,6,0,6
javascript,javascript_78,0,0,0,0,0,0,0,0,0,0,0,1,0,0,0,0,0,0,0,0,0,1,0,0,0,0,0,0,0,0,1,0,0,0,1,0,0,0,0,0,0,0,0.018518518518518517,0.018518518518518517,0.018518518518518517,0.0,0.0,0.0,0.009259259259259259,0.0,0.0,0.009259259259259259,0.0,0.009259259259259259,0.0,0.0,0.0,14.571428571428571,27,0.0,0.0,0.42857142857142855,0,0,0,0.0,0,0,0.09259259259259259,0.018518518518518517,0.009259259259259259,0.0,6,0,7
javascript,javascript_80,0,0,0,0,0,0,0,0,0,0,0,1,0,0,0,0,0,0,0,0,0,0,0,0,0,0,0,0,0,0,1,0,0,0,2,0,0,0,0,0,0,0,0.018518518518518517,0.018518518518518517,0.009259259259259259,0.0,0.0,0.0,0.0,0.0,0.0,0.009259259259259259,0.0,0.009259259259259259,0.0,0.0,0.0,14.571428571428571,27,0.0,0.0,0.42857142857142855,0,0,0,0.0,0,0,0.10185185185185185,0.0,0.009259259259259259,0.0,5,0,7
javascript,javascript_82,0,0,0,0,0,0,0,0,0,0,0,0,1,0,0,0,0,0,0,0,0,0,1,0,0,0,0,0,0,0,1,0,0,0,2,0,0,0,0,0,0,0,0.008403361344537815,0.008403361344537815,0.025210084033613446,0.0,0.0,0.0,0.008403361344537815,0.0,0.0,0.01680672268907563,0.0,0.008403361344537815,0.0,0.03361344537815126,0.0,16.142857142857142,33,0.0,0.0,0.2857142857142857,0,0,0,0.0,0,0,0.1092436974789916,0.0,0.01680672268907563,0.008403361344537815,5,0,7
javascript,javascript_84,0,0,0,0,0,0,0,0,0,0,0,0,0,0,0,0,0,0,0,0,0,2,0,0,0,0,0,0,0,0,0,0,0,0,2,0,0,0,0,0,0,0,0.014285714285714285,0.014285714285714285,0.02142857142857143,0.0,0.0,0.014285714285714285,0.014285714285714285,0.0,0.0,0.007142857142857143,0.0,0.014285714285714285,0.0,0.02857142857142857,0.0,27.2,38,0.0,0.0,0.0,0,0,0,0.0,0,0,0.09285714285714286,0.014285714285714285,0.007142857142857143,0.007142857142857143,3,0,5
javascript,javascript_85,0,0,0,0,0,0,0,0,0,0,0,0,0,0,0,0,0,0,0,0,0,2,0,0,0,0,0,0,0,0,0,0,0,0,1,0,0,0,0,0,0,0,0.02,0.02,0.03,0.0,0.0,0.02,0.02,0.0,0.0,0.01,0.0,0.02,0.0,0.04,0.0,24.25,38,0.0,0.0,0.0,0,0,0,0.0,0,0,0.11,0.02,0.01,0.01,3,0,4
javascript,javascript_88,0,0,0,0,0,0,0,0,0,0,0,0,0,0,0,0,0,0,0,0,0,2,0,0,0,0,0,0,0,0,0,0,0,0,1,0,0,0,0,0,0,0,0.0,0.0,0.02666666666666667,0.0,0.013333333333333334,0.0,0.04,0.0,0.0,0.013333333333333334,0.013333333333333334,0.02666666666666667,0.0,0.0,0.0,24.333333333333332,36,0.0,0.0,0.0,1,0,0,0.0,0,0,0.12,0.05333333333333334,0.0,0.013333333333333334,2,0,3
javascript,javascript_92,0,0,0,0,0,0,0,0,0,0,0,0,0,0,0,0,0,0,0,0,0,2,0,0,0,0,0,0,0,0,0,0,0,0,1,0,0,0,0,0,0,0,0.0,0.0,0.022988505747126436,0.0,0.011494252873563218,0.0,0.034482758620689655,0.0,0.0,0.011494252873563218,0.011494252873563218,0.022988505747126436,0.0,0.0,0.0,28.333333333333332,36,0.0,0.0,0.0,1,0,0,0.0,0,0,0.10344827586206896,0.04597701149425287,0.0,0.011494252873563218,2,0,3
javascript,javascript_94,0,0,0,0,0,0,0,0,0,0,0,0,1,0,0,0,0,0,0,0,0,2,0,0,0,0,0,0,0,0,1,0,0,0,0,0,0,0,0,0,0,0,0.008264462809917356,0.008264462809917356,0.024793388429752067,0.0,0.0,0.0,0.01652892561983471,0.0,0.0,0.024793388429752067,0.0,0.0,0.0,0.01652892561983471,0.0,23.4,46,0.0,0.0,0.4,0,0,0,0.0,0,0,0.10743801652892562,0.01652892561983471,0.008264462809917356,0.008264462809917356,5,0,5
javascript,javascript_95,0,0,0,0,0,0,0,0,0,0,0,0,0,0,0,0,0,0,0,0,0,2,0,0,0,0,0,0,0,0,0,0,0,0,2,0,0,0,0,0,0,0,0.018691588785046728,0.018691588785046728,0.018691588785046728,0.0,0.0,0.018691588785046728,0.018691588785046728,0.0,0.0,0.0,0.0,0.018691588785046728,0.0,0.018691588785046728,0.0,26.0,38,0.0,0.0,0.0,0,0,0,0.0,0,0,0.09345794392523364,0.018691588785046728,0.009345794392523364,0.0,2,0,4
javascript,javascript_98,0,0,0,0,0,0,0,0,0,0,0,0,0,0,0,0,0,0,0,0,0,2,0,0,0,0,0,0,0,0,0,0,0,0,2,0,0,0,0,0,0,0,0.021505376344086023,0.021505376344086023,0.021505376344086023,0.0,0.0,0.021505376344086023,0.021505376344086023,0.0,0.0,0.0,0.0,0.021505376344086023,0.0,0.021505376344086023,0.0,22.5,38,0.0,0.0,0.0,0,0,0,0.0,0,0,0.10752688172043011,0.021505376344086023,0.010752688172043012,0.0,2,0,4
javascript,javascript_100,0,0,0,0,0,0,0,0,0,0,0,0,1,0,0,0,0,0,0,0,0,1,1,0,0,0,0,0,0,0,1,0,0,0,2,0,0,0,0,0,0,0,0.005988023952095809,0.005988023952095809,0.017964071856287425,0.0,0.0,0.0,0.011976047904191617,0.0,0.0,0.017964071856287425,0.0,0.0,0.0,0.023952095808383235,0.0,23.0,46,0.0,0.0,0.2857142857142857,0,0,0,0.0,0,0,0.10179640718562874,0.0,0.005988023952095809,0.005988023952095809,5,0,7
javascript,javascript_101,0,0,0,0,0,0,0,0,0,0,0,0,0,0,0,0,0,0,0,0,1,2,0,0,0,0,0,0,0,0,0,0,0,0,1,0,0,0,0,0,0,0,0.01904761904761905,0.01904761904761905,0.02857142857142857,0.0,0.0,0.01904761904761905,0.02857142857142857,0.0,0.0,0.0,0.0,0.01904761904761905,0.0,0.01904761904761905,0.0,25.5,38,0.0,0.0,0.0,0,0,0,0.0,0,0,0.08571428571428572,0.01904761904761905,0.009523809523809525,0.009523809523809525,3,0,4
javascript,javascript_104,0,0,0,0,0,0,0,0,0,0,0,0,1,0,0,0,0,0,0,0,0,0,0,0,0,0,0,0,0,0,1,0,0,0,1,0,0,0,0,0,0,0,0.011494252873563218,0.011494252873563218,0.022988505747126436,0.0,0.0,0.0,0.0,0.0,0.0,0.022988505747126436,0.0,0.011494252873563218,0.0,0.022988505747126436,0.0,16.6,33,0.0,0.0,0.4,0,0,0,0.0,0,0,0.11494252873563218,0.0,0.022988505747126436,0.011494252873563218,4,0,5
javascript,javascript_108,0,0,0,0,0,0,0,0,0,0,0,0,0,0,0,0,0,0,0,0,1,2,0,0,0,0,0,0,0,0,0,0,0,0,1,0,0,0,0,0,0,0,0.017094017094017096,0.017094017094017096,0.02564102564102564,0.0,0.0,0.017094017094017096,0.02564102564102564,0.0,0.0,0.0,0.0,0.017094017094017096,0.0,0.017094017094017096,0.0,28.5,38,0.0,0.0,0.0,0,0,0,0.0,0,0,0.07692307692307693,0.017094017094017096,0.008547008547008548,0.008547008547008548,3,0,4
javascript,javascript_110,0,0,0,0,0,0,0,0,0,0,0,0,0,0,0,0,0,0,0,0,0,3,0,0,0,0,0,0,0,0,0,0,0,0,1,0,0,0,0,0,0,0,0.013793103448275862,0.013793103448275862,0.020689655172413793,0.0,0.006896551724137931,0.013793103448275862,0.027586206896551724,0.0,0.0,0.013793103448275862,0.0,0.027586206896551724,0.0,0.013793103448275862,0.0,35.5,53,0.0,0.0,0.0,1,0,0,0.0,0,0,0.09655172413793103,0.020689655172413793,0.006896551724137931,0.006896551724137931,3,0,4
javascript,javascript_112,0,0,0,0,0,0,0,0,0,0,0,0,1,0,0,0,0,0,0,0,0,0,0,0,0,0,0,0,0,0,1,0,0,0,0,0,0,0,0,0,0,0,0.010869565217391304,0.010869565217391304,0.03260869565217391,0.0,0.0,0.0,0.0,0.0,0.0,0.03260869565217391,0.0,0.010869565217391304,0.0,0.043478260869565216,0.0,17.6,33,0.0,0.0,0.4,0,0,0,0.0,0,0,0.11956521739130435,0.0,0.021739130434782608,0.021739130434782608,5,0,5
javascript,javascript_113,0,0,0,0,0,0,0,0,0,0,0,0,1,0,0,0,0,0,0,0,0,2,0,0,0,0,0,0,0,0,1,0,0,0,2,0,0,0,0,0,0,0,0.004651162790697674,0.004651162790697674,0.013953488372093023,0.0,0.004651162790697674,0.0,0.013953488372093023,0.0,0.0,0.023255813953488372,0.0,0.009302325581395349,0.0,0.009302325581395349,0.0,29.857142857142858,53,0.0,0.0,0.2857142857142857,1,0,0,0.0,0,0,0.10232558139534884,0.004651162790697674,0.004651162790697674,0.009302325581395349,5,0,7
javascript,javascript_115,0,0,0,0,0,0,0,0,0,0,0,1,0,0,0,0,0,0,0,0,0,1,0,0,0,0,0,0,0,0,1,0,0,0,1,0,0,0,0,0,0,0,0.015151515151515152,0.015151515151515152,0.015151515151515152,0.0,0.007575757575757576,0.0,0.015151515151515152,0.0,0.0,0.022727272727272728,0.0,0.022727272727272728,0.0,0.0,0.0,18.0,53,0.0,0.0,0.42857142857142855,1,0,0,0.0,0,0,0.11363636363636363,0.007575757575757576,0.007575757575757576,0.007575757575757576,6,0,7
javascript,javascript_117,0,0,0,0,0,0,0,0,0,0,0,0,0,0,0,0,0,0,0,0,0,2,0,0,0,0,0,0,0,0,0,0,0,0,1,0,0,0,0,0,0,0,0.025974025974025976,0.025974025974025976,0.025974025974025976,0.0,0.0,0.025974025974025976,0.025974025974025976,0.0,0.0,0.0,0.0,0.025974025974025976,0.0,0.025974025974025976,0.0,25.0,38,0.0,0.0,0.0,0,0,0,0.0,0,0,0.1038961038961039,0.025974025974025976,0.012987012987012988,0.0,2,0,3
javascript,javascript_120,0,0,0,0,0,0,0,0,0,0,0,1,0,0,0,0,0,0,0,0,0,1,0,0,0,0,0,0,0,0,1,0,0,0,0,0,0,0,0,0,0,0,0.025,0.025,0.025,0.0,0.0,0.0,0.0125,0.0,0.0,0.0125,0.0,0.0125,0.0,0.0,0.0,12.5,21,0.0,0.0,0.5,0,0,0,0.0,0,0,0.1,0.025,0.0125,0.0,6,0,6
javascript,javascript_121,0,0,0,0,0,0,0,0,0,0,0,1,0,0,0,0,0,0,0,0,0,1,0,0,0,0,0,0,0,0,1,0,0,0,2,0,0,0,0,0,0,0,0.0136986301369863,0.0136986301369863,0.0136986301369863,0.0,0.00684931506849315,0.0,0.0136986301369863,0.0,0.0,0.02054794520547945,0.0,0.02054794520547945,0.0,0.0,0.0,17.375,53,0.0,0.0,0.375,1,0,0,0.0,0,0,0.11643835616438356,0.00684931506849315,0.00684931506849315,0.00684931506849315,6,0,8
javascript,javascript_123,0,0,0,0,0,0,0,0,0,0,0,0,1,0,0,0,0,0,0,0,0,2,0,0,0,0,0,0,0,0,1,0,0,0,1,0,0,0,0,0,0,0,0.0072992700729927005,0.0072992700729927005,0.021897810218978103,0.0,0.0,0.0,0.014598540145985401,0.0,0.0,0.021897810218978103,0.0,0.0,0.0,0.014598540145985401,0.0,22.0,46,0.0,0.0,0.3333333333333333,0,0,0,0.0,0,0,0.10948905109489052,0.014598540145985401,0.0072992700729927005,0.0072992700729927005,5,0,6
javascript,javascript_124,0,0,0,0,0,0,0,0,0,0,0,0,0,0,0,0,0,0,0,0,0,2,0,0,0,0,0,0,0,0,0,0,0,0,2,0,0,0,0,0,0,0,0.015873015873015872,0.015873015873015872,0.023809523809523808,0.0,0.0,0.015873015873015872,0.015873015873015872,0.0,0.0,0.007936507936507936,0.0,0.015873015873015872,0.0,0.031746031746031744,0.0,24.4,38,0.0,0.0,0.0,0,0,0,0.0,0,0,0.10317460317460317,0.015873015873015872,0.007936507936507936,0.007936507936507936,3,0,5
javascript,javascript_127,0,0,0,0,0,0,0,0,0,0,0,0,0,0,0,0,0,0,0,0,1,2,0,0,0,0,0,0,0,0,0,0,0,0,1,0,0,0,0,0,0,0,0.0,0.0,0.030303030303030304,0.0,0.010101010101010102,0.0,0.04040404040404041,0.0,0.0,0.010101010101010102,0.010101010101010102,0.020202020202020204,0.0,0.0,0.0,24.0,36,0.0,0.0,0.0,1,0,0,0.0,0,0,0.10101010101010101,0.04040404040404041,0.0,0.020202020202020204,3,0,4
javascript,javascript_130,0,0,0,0,0,0,0,0,0,0,0,0,1,0,0,0,0,0,0,0,1,1,0,0,0,0,0,0,0,0,1,0,0,0,0,0,0,0,0,0,0,0,0.007633587786259542,0.007633587786259542,0.022900763358778626,0.0,0.0,0.0,0.015267175572519083,0.0,0.0,0.022900763358778626,0.0,0.0,0.0,0.015267175572519083,0.0,25.4,46,0.0,0.0,0.4,0,0,0,0.0,0,0,0.09923664122137404,0.0,0.007633587786259542,0.015267175572519083,5,0,5
javascript,javascript_133,0,0,0,0,0,0,0,0,0,0,0,0,1,0,0,0,0,0,0,0,0,1,1,0,0,0,0,0,0,0,1,0,0,0,2,0,0,0,0,0,0,0,0.0064516129032258064,0.0064516129032258064,0.01935483870967742,0.0,0.0,0.0,0.012903225806451613,0.0,0.0,0.01935483870967742,0.0,0.0,0.0,0.025806451612903226,0.0,21.285714285714285,46,0.0,0.0,0.2857142857142857,0,0,0,0.0,0,0,0.10967741935483871,0.0,0.0064516129032258064,0.0064516129032258064,5,0,7
javascript,javascript_136,0,0,0,0,0,0,0,0,0,0,0,0,0,0,0,0,0,0,0,0,1,2,0,0,0,0,0,0,0,0,0,0,0,0,0,0,0,0,0,0,0,0,0.02247191011235955,0.02247191011235955,0.033707865168539325,0.0,0.0,0.02247191011235955,0.033707865168539325,0.0,0.0,0.0,0.0,0.02247191011235955,0.0,0.02247191011235955,0.0,29.0,38,0.0,0.0,0.0,0,0,0,0.0,0,0,0.07865168539325842,0.02247191011235955,0.011235955056179775,0.011235955056179775,3,0,3
javascript,javascript_138,0,0,0,0,0,0,0,0,0,0,0,1,0,0,0,0,0,0,0,0,0,0,1,0,0,0,0,0,0,0,1,0,0,0,1,0,0,0,0,0,0,0,0.02,0.02,0.02,0.0,0.0,0.0,0.01,0.0,0.0,0.01,0.0,0.01,0.0,0.02,0.0,13.428571428571429,21,0.0,0.0,0.42857142857142855,0,0,0,0.0,0,0,0.1,0.0,0.01,0.0,6,0,7
javascript,javascript_140,0,0,0,0,0,0,0,0,0,0,0,0,0,0,0,0,0,0,0,0,0,3,0,0,0,0,0,0,0,0,0,0,0,0,0,0,0,0,0,0,0,0,0.02531645569620253,0.02531645569620253,0.0379746835443038,0.0,0.0,0.02531645569620253,0.0379746835443038,0.0,0.0,0.0,0.0,0.02531645569620253,0.0,0.02531645569620253,0.0,25.666666666666668,38,0.0,0.0,0.0,0,0,0,0.0,0,0,0.08860759493670886,0.05063291139240506,0.012658227848101266,0.0,3,0,3
javascript,javascript_142,0,0,0,0,0,0,0,0,0,0,0,0,0,0,0,0,0,0,0,0,0,2,1,0,0,0,0,0,0,0,0,0,0,0,1,0,0,0,0,0,0,0,0.0,0.0,0.028037383177570093,0.0,0.009345794392523364,0.0,0.037383177570093455,0.0,0.0,0.009345794392523364,0.009345794392523364,0.018691588785046728,0.0,0.018691588785046728,0.0,26.0,36,0.0,0.0,0.0,1,0,0,0.0,0,0,0.09345794392523364,0.037383177570093455,0.0,0.009345794392523364,3,0,4
javascript,javascript_145,0,0,0,0,0,0,0,0,0,0,0,0,1,0,0,0,0,0,0,0,0,1,0,0,0,0,0,0,0,0,1,0,0,0,0,0,0,0,0,0,0,0,0.011494252873563218,0.011494252873563218,0.034482758620689655,0.0,0.0,0.0,0.011494252873563218,0.0,0.0,0.022988505747126436,0.0,0.011494252873563218,0.0,0.022988505747126436,0.0,16.6,33,0.0,0.0,0.4,0,0,0,0.0,0,0,0.10344827586206896,0.022988505747126436,0.022988505747126436,0.011494252873563218,5,0,5
javascript,javascript_147,0,0,0,0,0,0,0,0,0,0,0,1,0,0,0,0,0,0,0,0,0,0,1,0,0,0,0,0,0,0,1,0,0,0,1,0,0,0,0,0,0,0,0.02,0.02,0.02,0.0,0.0,0.0,0.01,0.0,0.0,0.01,0.0,0.01,0.0,0.02,0.0,13.428571428571429,21,0.0,0.0,0.42857142857142855,0,0,0,0.0,0,0,0.1,0.0,0.01,0.0,6,0,7
javascript,javascript_152,0,0,0,0,0,0,0,0,0,0,0,0,0,0,0,0,0,0,0,0,0,3,0,0,0,0,0,0,0,0,0,0,0,0,1,0,0,0,0,0,0,0,0.0,0.0,0.033707865168539325,0.0,0.011235955056179775,0.0,0.0449438202247191,0.0,0.0,0.011235955056179775,0.011235955056179775,0.02247191011235955,0.0,0.0,0.0,21.5,36,0.0,0.0,0.0,1,0,0,0.0,0,0,0.11235955056179775,0.06741573033707865,0.0,0.011235955056179775,3,0,4
javascript,javascript_153,0,0,0,0,0,0,0,0,0,0,0,0,0,0,0,0,0,0,0,0,0,2,0,0,0,0,0,0,0,0,0,0,0,0,2,0,0,0,0,0,0,0,0.0,0.0,0.019417475728155338,0.0,0.009708737864077669,0.0,0.02912621359223301,0.0,0.0,0.009708737864077669,0.009708737864077669,0.019417475728155338,0.0,0.0,0.0,25.0,36,0.0,0.0,0.0,1,0,0,0.0,0,0,0.10679611650485436,0.038834951456310676,0.0,0.009708737864077669,2,0,4
javascript,javascript_154,0,0,0,0,0,0,0,0,0,0,0,0,1,0,0,0,0,0,0,0,0,1,0,0,0,0,0,0,0,0,1,0,0,0,2,0,0,0,0,0,0,0,0.007407407407407408,0.007407407407407408,0.014814814814814815,0.0,0.0,0.0,0.007407407407407408,0.0,0.0,0.022222222222222223,0.0,0.0,0.0,0.014814814814814815,0.0,21.666666666666668,46,0.0,0.0,0.3333333333333333,0,0,0,0.0,0,0,0.11851851851851852,0.0,0.007407407407407408,0.007407407407407408,4,0,6
javascript,javascript_157,0,0,0,0,0,0,0,0,0,0,0,1,0,0,0,0,0,0,0,0,0,0,0,0,0,0,0,0,0,0,1,0,0,0,2,0,0,0,0,0,0,0,0.016666666666666666,0.016666666666666666,0.008333333333333333,0.0,0.0,0.0,0.0,0.0,0.0,0.008333333333333333,0.0,0.008333333333333333,0.0,0.0,0.0,16.285714285714285,27,0.0,0.0,0.42857142857142855,0,0,0,0.0,0,0,0.09166666666666666,0.0,0.008333333333333333,0.0,5,0,7
javascript,javascript_161,0,0,0,0,0,0,0,0,0,0,0,1,0,0,0,0,0,0,0,0,0,0,0,0,0,0,0,0,0,0,1,0,0,0,2,0,0,0,0,0,0,0,0.018867924528301886,0.018867924528301886,0.009433962264150943,0.0,0.0,0.0,0.0,0.0,0.0,0.009433962264150943,0.0,0.009433962264150943,0.0,0.0,0.0,14.285714285714286,27,0.0,0.0,0.42857142857142855,0,0,0,0.0,0,0,0.10377358490566038,0.0,0.009433962264150943,0.0,5,0,7
javascript,javascript_163,0,0,0,0,0,0,0,0,0,0,0,0,0,0,0,0,0,0,0,0,1,2,0,0,0,0,0,0,0,0,0,0,0,0,1,0,0,0,0,0,0,0,0.0,0.0,0.030303030303030304,0.0,0.010101010101010102,0.0,0.04040404040404041,0.0,0.0,0.010101010101010102,0.010101010101010102,0.020202020202020204,0.0,0.0,0.0,24.0,36,0.0,0.0,0.0,1,0,0,0.0,0,0,0.10101010101010101,0.04040404040404041,0.0,0.020202020202020204,3,0,4
javascript,javascript_167,0,0,0,0,0,0,0,0,0,0,0,0,0,0,0,0,0,0,0,0,0,2,0,0,0,0,0,0,0,0,0,0,0,0,1,0,0,0,0,0,0,0,0.0,0.0,0.027777777777777776,0.0,0.009259259259259259,0.0,0.027777777777777776,0.0,0.0,0.018518518518518517,0.009259259259259259,0.018518518518518517,0.0,0.018518518518518517,0.0,26.25,36,0.0,0.0,0.0,1,0,0,0.0,0,0,0.1111111111111111,0.037037037037037035,0.0,0.018518518518518517,3,0,4
javascript,javascript_173,0,0,0,0,0,0,0,0,0,0,0,1,0,0,0,0,0,0,0,0,0,0,1,0,0,0,0,0,0,0,1,0,0,0,1,0,0,0,0,0,0,0,0.017857142857142856,0.017857142857142856,0.017857142857142856,0.0,0.0,0.0,0.008928571428571428,0.0,0.0,0.008928571428571428,0.0,0.008928571428571428,0.0,0.017857142857142856,0.0,15.142857142857142,27,0.0,0.0,0.42857142857142855,0,0,0,0.0,0,0,0.08928571428571429,0.0,0.008928571428571428,0.0,6,0,7
javascript,javascript_175,0,0,0,0,0,0,0,0,0,0,0,0,1,0,0,0,0,0,0,0,0,1,0,0,0,0,0,0,0,0,1,0,0,0,2,0,0,0,0,0,0,0,0.00641025641025641,0.00641025641025641,0.019230769230769232,0.0,0.0,0.0,0.00641025641025641,0.0,0.0,0.02564102564102564,0.0,0.0,0.0,0.02564102564102564,0.0,21.428571428571427,46,0.0,0.0,0.2857142857142857,0,0,0,0.0,0,0,0.12179487179487179,0.0,0.00641025641025641,0.01282051282051282,5,0,7
javascript,javascript_176,0,0,0,0,0,0,0,0,0,0,0,0,0,0,0,0,0,0,0,0,0,2,0,0,0,0,0,0,0,0,0,0,0,0,1,0,0,0,0,0,0,0,0.02197802197802198,0.02197802197802198,0.02197802197802198,0.0,0.0,0.02197802197802198,0.02197802197802198,0.0,0.0,0.0,0.0,0.02197802197802198,0.0,0.02197802197802198,0.0,29.666666666666668,38,0.0,0.0,0.0,0,0,0,0.0,0,0,0.08791208791208792,0.02197802197802198,0.01098901098901099,0.0,2,0,3
javascript,javascript_178,0,0,0,0,0,0,0,0,0,0,0,0,0,0,0,0,0,0,0,0,0,2,1,0,0,0,0,0,0,0,0,0,0,0,1,0,0,0,0,0,0,0,0.0,0.0,0.03225806451612903,0.0,0.010752688172043012,0.0,0.043010752688172046,0.0,0.0,0.010752688172043012,0.010752688172043012,0.021505376344086023,0.0,0.021505376344086023,0.0,22.5,36,0.0,0.0,0.0,1,0,0,0.0,0,0,0.10752688172043011,0.043010752688172046,0.0,0.010752688172043012,3,0,4
javascript,javascript_179,0,0,0,0,0,0,0,0,0,0,0,0,1,0,0,0,0,0,0,0,0,0,0,0,0,0,0,0,0,0,1,0,0,0,2,0,0,0,0,0,0,0,0.010101010101010102,0.010101010101010102,0.020202020202020204,0.0,0.0,0.0,0.0,0.0,0.0,0.020202020202020204,0.0,0.010101010101010102,0.0,0.020202020202020204,0.0,15.666666666666666,33,0.0,0.0,0.3333333333333333,0,0,0,0.0,0,0,0.12121212121212122,0.0,0.020202020202020204,0.010101010101010102,4,0,6
javascript,javascript_180,0,0,0,0,0,0,0,0,0,0,0,0,0,0,0,0,0,0,0,0,1,2,0,0,0,0,0,0,0,0,0,0,0,0,0,0,0,0,0,0,0,0,0.0,0.0,0.03529411764705882,0.0,0.011764705882352941,0.0,0.047058823529411764,0.0,0.0,0.011764705882352941,0.011764705882352941,0.023529411764705882,0.0,0.0,0.0,27.666666666666668,36,0.0,0.0,0.0,1,0,0,0.0,0,0,0.09411764705882353,0.047058823529411764,0.0,0.023529411764705882,3,0,3
javascript,javascript_182,0,0,0,0,0,0,0,0,0,0,0,0,0,0,0,0,0,0,0,0,0,2,1,0,0,0,0,0,0,0,0,0,0,0,0,0,0,0,0,0,0,0,0.024096385542168676,0.024096385542168676,0.03614457831325301,0.0,0.0,0.024096385542168676,0.03614457831325301,0.0,0.0,0.0,0.0,0.024096385542168676,0.0,0.04819277108433735,0.0,27.0,38,0.0,0.0,0.0,0,0,0,0.0,0,0,0.08433734939759036,0.024096385542168676,0.012048192771084338,0.0,3,0,3
javascript,javascript_185,0,0,0,0,0,0,0,0,0,0,0,0,1,0,0,0,0,0,0,0,0,2,0,0,0,0,0,0,0,0,1,0,0,0,1,0,0,0,0,0,0,0,0.005714285714285714,0.005714285714285714,0.017142857142857144,0.0,0.005714285714285714,0.0,0.017142857142857144,0.0,0.0,0.02857142857142857,0.0,0.011428571428571429,0.0,0.011428571428571429,0.0,28.333333333333332,53,0.0,0.0,0.3333333333333333,1,0,0,0.0,0,0,0.11428571428571428,0.005714285714285714,0.005714285714285714,0.011428571428571429,5,0,6
javascript,javascript_187,0,0,0,0,0,0,0,0,0,0,0,1,0,0,0,0,0,0,0,0,0,1,0,0,0,0,0,0,0,0,1,0,0,0,1,0,0,0,0,0,0,0,0.020833333333333332,0.020833333333333332,0.020833333333333332,0.0,0.0,0.0,0.010416666666666666,0.0,0.0,0.010416666666666666,0.0,0.010416666666666666,0.0,0.0,0.0,12.857142857142858,21,0.0,0.0,0.42857142857142855,0,0,0,0.0,0,0,0.10416666666666667,0.020833333333333332,0.010416666666666666,0.0,6,0,7
javascript,javascript_198,0,0,0,0,0,0,0,0,0,0,0,1,0,0,0,0,0,0,0,0,1,0,0,0,0,0,0,0,0,0,1,0,0,0,1,0,0,0,0,0,0,0,0.018867924528301886,0.018867924528301886,0.018867924528301886,0.0,0.0,0.0,0.009433962264150943,0.0,0.0,0.009433962264150943,0.0,0.009433962264150943,0.0,0.0,0.0,14.285714285714286,25,0.0,0.0,0.42857142857142855,0,0,0,0.0,0,0,0.09433962264150944,0.0,0.009433962264150943,0.009433962264150943,6,0,7
javascript,javascript_200,0,0,0,0,0,0,0,0,0,0,0,0,1,0,0,0,0,0,0,0,0,0,0,0,0,0,0,0,0,0,1,0,0,0,2,0,0,0,0,0,0,0,0.007352941176470588,0.007352941176470588,0.022058823529411766,0.0,0.0,0.0,0.0,0.0,0.0,0.022058823529411766,0.0,0.007352941176470588,0.0,0.029411764705882353,0.0,18.571428571428573,33,0.0,0.0,0.2857142857142857,0,0,0,0.0,0,0,0.11029411764705882,0.0,0.014705882352941176,0.014705882352941176,5,0,7
javascript,javascript_201,0,0,0,0,0,0,0,0,0,0,0,0,1,0,0,0,0,0,0,0,0,2,0,0,0,0,0,0,0,0,1,0,0,0,1,0,0,0,0,0,0,0,0.007407407407407408,0.007407407407407408,0.022222222222222223,0.0,0.0,0.0,0.014814814814814815,0.0,0.0,0.022222222222222223,0.0,0.0,0.0,0.014814814814814815,0.0,21.666666666666668,46,0.0,0.0,0.3333333333333333,0,0,0,0.0,0,0,0.1111111111111111,0.014814814814814815,0.007407407407407408,0.007407407407407408,5,0,6
javascript,javascript_204,0,0,0,0,0,0,0,0,0,0,0,0,1,0,0,0,0,0,0,0,0,1,0,0,0,0,0,0,0,0,1,0,0,0,2,0,0,0,0,0,0,0,0.006802721088435374,0.006802721088435374,0.013605442176870748,0.0,0.0,0.0,0.006802721088435374,0.0,0.0,0.02040816326530612,0.0,0.0,0.0,0.013605442176870748,0.0,23.666666666666668,46,0.0,0.0,0.3333333333333333,0,0,0,0.0,0,0,0.10884353741496598,0.0,0.006802721088435374,0.006802721088435374,4,0,6
javascript,javascript_206,0,0,0,0,0,0,0,0,0,0,0,0,0,0,0,0,0,0,0,0,0,2,0,0,0,0,0,0,0,0,0,0,0,0,1,0,0,0,0,0,0,0,0.0,0.0,0.031914893617021274,0.0,0.010638297872340425,0.0,0.031914893617021274,0.0,0.0,0.02127659574468085,0.010638297872340425,0.02127659574468085,0.0,0.02127659574468085,0.0,22.75,36,0.0,0.0,0.0,1,0,0,0.0,0,0,0.1276595744680851,0.0425531914893617,0.0,0.02127659574468085,3,0,4
javascript,javascript_209,0,0,0,0,0,0,0,0,0,0,0,0,0,0,0,0,0,0,0,0,0,3,0,0,0,0,0,0,0,0,0,0,0,0,2,0,0,0,0,0,0,0,0.014814814814814815,0.014814814814814815,0.022222222222222223,0.0,0.0,0.014814814814814815,0.022222222222222223,0.0,0.0,0.0,0.0,0.014814814814814815,0.0,0.014814814814814815,0.0,26.2,38,0.0,0.0,0.0,0,0,0,0.0,0,0,0.08148148148148149,0.02962962962962963,0.007407407407407408,0.0,3,0,5
javascript,javascript_210,0,0,0,0,0,0,0,0,0,0,0,0,1,0,0,0,0,0,0,0,0,1,0,0,0,0,0,0,0,0,1,0,0,0,1,0,0,0,0,0,0,0,0.008695652173913044,0.008695652173913044,0.02608695652173913,0.0,0.0,0.0,0.008695652173913044,0.0,0.0,0.017391304347826087,0.0,0.008695652173913044,0.0,0.017391304347826087,0.0,18.333333333333332,33,0.0,0.0,0.3333333333333333,0,0,0,0.0,0,0,0.09565217391304348,0.017391304347826087,0.017391304347826087,0.008695652173913044,5,0,6
javascript,javascript_213,0,0,0,0,0,0,0,0,0,0,0,1,0,0,0,0,0,0,0,0,1,0,0,0,0,0,0,0,0,0,1,0,0,0,2,0,0,0,0,0,0,0,0.014925373134328358,0.014925373134328358,0.014925373134328358,0.0,0.0,0.0,0.007462686567164179,0.0,0.0,0.007462686567164179,0.0,0.007462686567164179,0.0,0.0,0.0,15.875,27,0.0,0.0,0.375,0,0,0,0.0,0,0,0.08955223880597014,0.0,0.007462686567164179,0.007462686567164179,6,0,8
javascript,javascript_214,0,0,0,0,0,0,0,0,0,0,0,0,1,0,0,0,0,0,0,0,1,0,0,0,0,0,0,0,0,0,1,0,0,0,0,0,0,0,0,0,0,0,0.010309278350515464,0.010309278350515464,0.030927835051546393,0.0,0.0,0.0,0.010309278350515464,0.0,0.0,0.020618556701030927,0.0,0.010309278350515464,0.0,0.020618556701030927,0.0,18.6,33,0.0,0.0,0.4,0,0,0,0.0,0,0,0.09278350515463918,0.0,0.020618556701030927,0.020618556701030927,5,0,5
javascript,javascript_223,0,0,0,0,0,0,0,0,0,0,0,1,0,0,0,0,0,0,0,0,0,0,1,0,0,0,0,0,0,0,1,0,0,0,1,0,0,0,0,0,0,0,0.02040816326530612,0.02040816326530612,0.02040816326530612,0.0,0.0,0.0,0.01020408163265306,0.0,0.0,0.01020408163265306,0.0,0.01020408163265306,0.0,0.02040816326530612,0.0,13.142857142857142,21,0.0,0.0,0.42857142857142855,0,0,0,0.0,0,0,0.10204081632653061,0.0,0.01020408163265306,0.0,6,0,7
javascript,javascript_230,0,0,0,0,0,0,0,0,0,0,0,1,0,0,0,0,0,0,0,0,0,1,0,0,0,0,0,0,0,0,1,0,0,0,1,0,0,0,0,0,0,0,0.02127659574468085,0.02127659574468085,0.02127659574468085,0.0,0.0,0.0,0.010638297872340425,0.0,0.0,0.010638297872340425,0.0,0.010638297872340425,0.0,0.0,0.0,12.571428571428571,21,0.0,0.0,0.42857142857142855,0,0,0,0.0,0,0,0.10638297872340426,0.02127659574468085,0.010638297872340425,0.0,6,0,7
javascript,javascript_241,0,0,0,0,0,0,0,0,0,0,0,0,1,0,0,0,0,0,0,0,0,0,0,0,0,0,0,0,0,0,1,0,0,0,2,0,0,0,0,0,0,0,0.009708737864077669,0.009708737864077669,0.019417475728155338,0.0,0.0,0.0,0.0,0.0,0.0,0.019417475728155338,0.0,0.009708737864077669,0.0,0.019417475728155338,0.0,16.333333333333332,33,0.0,0.0,0.3333333333333333,0,0,0,0.0,0,0,0.11650485436893204,0.0,0.019417475728155338,0.009708737864077669,4,0,6
javascript,javascript_249,0,0,0,0,0,0,0,0,0,0,0,0,0,0,0,0,0,0,0,0,0,3,0,0,0,0,0,0,0,0,0,0,0,0,1,0,0,0,0,0,0,0,0.015267175572519083,0.015267175572519083,0.022900763358778626,0.0,0.007633587786259542,0.015267175572519083,0.030534351145038167,0.0,0.0,0.015267175572519083,0.0,0.030534351145038167,0.0,0.015267175572519083,0.0,32.0,53,0.0,0.0,0.0,1,0,0,0.0,0,0,0.10687022900763359,0.022900763358778626,0.007633587786259542,0.007633587786259542,3,0,4
javascript,javascript_259,0,0,0,0,0,0,0,0,0,0,0,0,0,0,0,0,0,0,0,0,0,3,0,0,0,0,0,0,0,0,0,0,0,0,1,0,0,0,0,0,0,0,0.0,0.0,0.033707865168539325,0.0,0.011235955056179775,0.0,0.0449438202247191,0.0,0.0,0.011235955056179775,0.011235955056179775,0.02247191011235955,0.0,0.0,0.0,21.5,36,0.0,0.0,0.0,1,0,0,0.0,0,0,0.11235955056179775,0.06741573033707865,0.0,0.011235955056179775,3,0,4
javascript,javascript_266,0,0,0,0,0,0,0,0,0,0,0,1,0,0,0,0,0,0,0,0,0,0,0,0,0,0,0,0,0,0,1,0,0,0,2,0,0,0,0,0,0,0,0.014184397163120567,0.014184397163120567,0.014184397163120567,0.0,0.0,0.0,0.0,0.0,0.0,0.014184397163120567,0.0,0.0070921985815602835,0.0,0.014184397163120567,0.0,16.75,27,0.0,0.0,0.375,0,0,0,0.0,0,0,0.09929078014184398,0.0,0.0070921985815602835,0.0070921985815602835,6,0,8
javascript,javascript_267,0,0,0,0,0,0,0,0,0,0,0,0,0,0,0,0,0,0,0,0,0,2,0,0,0,0,0,0,0,0,0,0,0,0,2,0,0,0,0,0,0,0,0.021052631578947368,0.021052631578947368,0.021052631578947368,0.0,0.0,0.021052631578947368,0.021052631578947368,0.0,0.0,0.0,0.0,0.021052631578947368,0.0,0.021052631578947368,0.0,23.0,38,0.0,0.0,0.0,0,0,0,0.0,0,0,0.10526315789473684,0.021052631578947368,0.010526315789473684,0.0,2,0,4
javascript,javascript_268,0,0,0,0,0,0,0,0,0,0,0,0,1,0,0,0,0,0,0,0,0,2,0,0,0,0,0,0,0,0,1,0,0,0,1,0,0,0,0,0,0,0,0.006711409395973154,0.006711409395973154,0.020134228187919462,0.0,0.0,0.0,0.013422818791946308,0.0,0.0,0.020134228187919462,0.0,0.0,0.0,0.013422818791946308,0.0,24.0,46,0.0,0.0,0.3333333333333333,0,0,0,0.0,0,0,0.10067114093959731,0.013422818791946308,0.006711409395973154,0.006711409395973154,5,0,6
javascript,javascript_269,0,0,0,0,0,0,0,0,0,0,0,0,0,0,0,0,0,0,0,0,0,3,0,0,0,0,0,0,0,0,0,0,0,0,1,0,0,0,0,0,0,0,0.0,0.0,0.03296703296703297,0.0,0.01098901098901099,0.0,0.04395604395604396,0.0,0.0,0.01098901098901099,0.01098901098901099,0.02197802197802198,0.0,0.0,0.0,22.0,36,0.0,0.0,0.0,1,0,0,0.0,0,0,0.10989010989010989,0.06593406593406594,0.0,0.01098901098901099,3,0,4
javascript,javascript_273,0,0,0,0,0,0,0,0,0,0,0,0,1,0,0,0,0,0,0,0,0,0,0,0,0,0,0,0,0,0,1,0,0,0,2,0,0,0,0,0,0,0,0.008695652173913044,0.008695652173913044,0.017391304347826087,0.0,0.0,0.0,0.0,0.0,0.0,0.017391304347826087,0.0,0.008695652173913044,0.0,0.017391304347826087,0.0,18.333333333333332,33,0.0,0.0,0.3333333333333333,0,0,0,0.0,0,0,0.10434782608695652,0.0,0.017391304347826087,0.008695652173913044,4,0,6
javascript,javascript_274,0,0,0,0,0,0,0,0,0,0,0,0,1,0,0,0,0,0,0,0,0,1,0,0,0,0,0,0,0,0,1,0,0,0,2,0,0,0,0,0,0,0,0.007518796992481203,0.007518796992481203,0.015037593984962405,0.0,0.0,0.0,0.007518796992481203,0.0,0.0,0.022556390977443608,0.0,0.0,0.0,0.015037593984962405,0.0,21.333333333333332,46,0.0,0.0,0.3333333333333333,0,0,0,0.0,0,0,0.12030075187969924,0.0,0.007518796992481203,0.007518796992481203,4,0,6
javascript,javascript_275,0,0,0,0,0,0,0,0,0,0,0,0,0,0,0,0,0,0,0,0,0,2,0,0,0,0,0,0,0,0,0,0,0,0,2,0,0,0,0,0,0,0,0.01680672268907563,0.01680672268907563,0.01680672268907563,0.0,0.0,0.01680672268907563,0.01680672268907563,0.0,0.0,0.0,0.0,0.01680672268907563,0.0,0.01680672268907563,0.0,29.0,38,0.0,0.0,0.0,0,0,0,0.0,0,0,0.08403361344537816,0.01680672268907563,0.008403361344537815,0.0,2,0,4
javascript,javascript_283,0,0,0,0,0,0,0,0,0,0,0,0,0,0,0,0,0,0,0,0,0,3,0,0,0,0,0,0,0,0,0,0,0,0,1,0,0,0,0,0,0,0,0.0,0.0,0.02912621359223301,0.0,0.009708737864077669,0.0,0.038834951456310676,0.0,0.0,0.009708737864077669,0.009708737864077669,0.019417475728155338,0.0,0.0,0.0,25.0,36,0.0,0.0,0.0,1,0,0,0.0,0,0,0.0970873786407767,0.05825242718446602,0.0,0.009708737864077669,3,0,4
javascript,javascript_284,0,0,0,0,0,0,0,0,0,0,0,1,0,0,0,0,0,0,0,0,0,0,0,0,0,0,0,0,0,0,1,0,0,0,2,0,0,0,0,0,0,0,0.020833333333333332,0.020833333333333332,0.010416666666666666,0.0,0.0,0.0,0.0,0.0,0.0,0.010416666666666666,0.0,0.010416666666666666,0.0,0.0,0.0,12.857142857142858,21,0.0,0.0,0.42857142857142855,0,0,0,0.0,0,0,0.11458333333333333,0.0,0.010416666666666666,0.0,5,0,7
javascript,javascript_285,0,0,0,0,0,0,0,0,0,0,0,0,1,0,0,0,0,0,0,0,0,2,0,0,0,0,0,0,0,0,1,0,0,0,1,0,0,0,0,0,0,0,0.005780346820809248,0.005780346820809248,0.017341040462427744,0.0,0.005780346820809248,0.0,0.017341040462427744,0.0,0.0,0.028901734104046242,0.0,0.011560693641618497,0.0,0.011560693641618497,0.0,28.0,53,0.0,0.0,0.3333333333333333,1,0,0,0.0,0,0,0.11560693641618497,0.005780346820809248,0.005780346820809248,0.011560693641618497,5,0,6
javascript,javascript_301,0,0,0,0,0,0,0,0,0,0,0,1,0,0,0,0,0,0,0,0,0,0,0,0,0,0,0,0,0,0,1,0,0,0,2,0,0,0,0,0,0,0,0.018518518518518517,0.018518518518518517,0.009259259259259259,0.0,0.0,0.0,0.0,0.0,0.0,0.009259259259259259,0.0,0.009259259259259259,0.0,0.0,0.0,14.571428571428571,27,0.0,0.0,0.42857142857142855,0,0,0,0.0,0,0,0.10185185185185185,0.0,0.009259259259259259,0.0,5,0,7
javascript,javascript_304,0,0,0,0,0,0,0,0,0,0,0,0,1,0,0,0,0,0,0,0,0,1,0,0,0,0,0,0,0,0,1,0,0,0,2,0,0,0,0,0,0,0,0.008547008547008548,0.008547008547008548,0.02564102564102564,0.0,0.0,0.0,0.008547008547008548,0.0,0.0,0.017094017094017096,0.0,0.008547008547008548,0.0,0.017094017094017096,0.0,15.857142857142858,33,0.0,0.0,0.2857142857142857,0,0,0,0.0,0,0,0.1111111111111111,0.017094017094017096,0.017094017094017096,0.008547008547008548,5,0,7
javascript,javascript_306,0,0,0,0,0,0,0,0,0,0,0,0,1,0,0,0,0,0,0,0,0,1,0,0,0,0,0,0,0,0,1,0,0,0,1,0,0,0,0,0,0,0,0.007042253521126761,0.007042253521126761,0.02112676056338028,0.0,0.0,0.0,0.007042253521126761,0.0,0.0,0.028169014084507043,0.0,0.0,0.0,0.028169014084507043,0.0,22.833333333333332,46,0.0,0.0,0.3333333333333333,0,0,0,0.0,0,0,0.11971830985915492,0.0,0.007042253521126761,0.014084507042253521,5,0,6
javascript,javascript_311,0,0,0,0,0,0,0,0,0,0,0,0,1,0,0,0,0,0,0,0,0,0,0,0,0,0,0,0,0,0,1,0,0,0,2,0,0,0,0,0,0,0,0.008849557522123894,0.008849557522123894,0.017699115044247787,0.0,0.0,0.0,0.0,0.0,0.0,0.017699115044247787,0.0,0.008849557522123894,0.0,0.017699115044247787,0.0,18.0,33,0.0,0.0,0.3333333333333333,0,0,0,0.0,0,0,0.10619469026548672,0.0,0.017699115044247787,0.008849557522123894,4,0,6
javascript,javascript_319,0,0,0,0,0,0,0,0,0,0,0,0,1,0,0,0,0,0,0,0,0,0,0,0,0,0,0,0,0,0,1,0,0,0,1,0,0,0,0,0,0,0,0.009259259259259259,0.009259259259259259,0.027777777777777776,0.0,0.0,0.0,0.0,0.0,0.0,0.027777777777777776,0.0,0.009259259259259259,0.0,0.037037037037037035,0.0,17.166666666666668,33,0.0,0.0,0.3333333333333333,0,0,0,0.0,0,0,0.12037037037037036,0.0,0.018518518518518517,0.018518518518518517,5,0,6
javascript,javascript_323,0,0,0,0,0,0,0,0,0,0,0,0,0,0,0,0,0,0,0,0,0,2,1,0,0,0,0,0,0,0,0,0,0,0,1,0,0,0,0,0,0,0,0.020618556701030927,0.020618556701030927,0.030927835051546393,0.0,0.0,0.020618556701030927,0.030927835051546393,0.0,0.0,0.0,0.0,0.020618556701030927,0.0,0.041237113402061855,0.0,23.5,38,0.0,0.0,0.0,0,0,0,0.0,0,0,0.09278350515463918,0.020618556701030927,0.010309278350515464,0.0,3,0,4
javascript,javascript_326,0,0,0,0,0,0,0,0,0,0,0,0,1,0,0,0,0,0,0,0,1,0,0,0,0,0,0,0,0,0,1,0,0,0,1,0,0,0,0,0,0,0,0.008,0.008,0.024,0.0,0.0,0.0,0.008,0.0,0.0,0.016,0.0,0.008,0.0,0.016,0.0,20.0,33,0.0,0.0,0.3333333333333333,0,0,0,0.0,0,0,0.088,0.0,0.016,0.016,5,0,6
javascript,javascript_328,0,0,0,0,0,0,0,0,0,0,0,0,1,0,0,0,0,0,0,0,0,1,0,0,0,0,0,0,0,0,1,0,0,0,2,0,0,0,0,0,0,0,0.005917159763313609,0.005917159763313609,0.01775147928994083,0.0,0.005917159763313609,0.0,0.011834319526627219,0.0,0.0,0.023668639053254437,0.0,0.01775147928994083,0.0,0.011834319526627219,0.0,23.285714285714285,53,0.0,0.0,0.2857142857142857,1,0,0,0.0,0,0,0.10650887573964497,0.005917159763313609,0.011834319526627219,0.011834319526627219,5,0,7
javascript,javascript_329,0,0,0,0,0,0,0,0,0,0,0,0,1,0,0,0,0,0,0,0,0,0,0,0,0,0,0,0,0,0,1,0,0,0,2,0,0,0,0,0,0,0,0.007874015748031496,0.007874015748031496,0.015748031496062992,0.0,0.0,0.0,0.0,0.0,0.0,0.015748031496062992,0.0,0.007874015748031496,0.0,0.015748031496062992,0.0,20.333333333333332,33,0.0,0.0,0.3333333333333333,0,0,0,0.0,0,0,0.09448818897637795,0.0,0.015748031496062992,0.007874015748031496,4,0,6
javascript,javascript_338,0,0,0,0,0,0,0,0,0,0,0,0,0,0,0,0,0,0,0,0,0,2,0,0,0,0,0,0,0,0,0,0,0,0,2,0,0,0,0,0,0,0,0.0,0.0,0.019801980198019802,0.0,0.009900990099009901,0.0,0.0297029702970297,0.0,0.0,0.009900990099009901,0.009900990099009901,0.019801980198019802,0.0,0.0,0.0,24.5,36,0.0,0.0,0.0,1,0,0,0.0,0,0,0.10891089108910891,0.039603960396039604,0.0,0.009900990099009901,2,0,4
javascript,javascript_348,0,0,0,0,0,0,0,0,0,0,0,0,1,0,0,0,0,0,0,0,0,1,0,0,0,0,0,0,0,0,1,0,0,0,1,0,0,0,0,0,0,0,0.006493506493506494,0.006493506493506494,0.01948051948051948,0.0,0.0,0.0,0.006493506493506494,0.0,0.0,0.025974025974025976,0.0,0.0,0.0,0.025974025974025976,0.0,24.833333333333332,46,0.0,0.0,0.3333333333333333,0,0,0,0.0,0,0,0.11038961038961038,0.0,0.006493506493506494,0.012987012987012988,5,0,6
javascript,javascript_349,0,0,0,0,0,0,0,0,0,0,0,1,0,0,0,0,0,0,0,0,0,1,0,0,0,0,0,0,0,0,1,0,0,0,1,0,0,0,0,0,0,0,0.014925373134328358,0.014925373134328358,0.014925373134328358,0.0,0.007462686567164179,0.0,0.014925373134328358,0.0,0.0,0.022388059701492536,0.0,0.022388059701492536,0.0,0.0,0.0,18.285714285714285,53,0.0,0.0,0.42857142857142855,1,0,0,0.0,0,0,0.11194029850746269,0.007462686567164179,0.007462686567164179,0.007462686567164179,6,0,7
javascript,javascript_352,0,0,0,0,0,0,0,0,0,0,0,0,0,0,0,0,0,0,0,0,0,2,0,0,0,0,0,0,0,0,0,0,0,0,2,0,0,0,0,0,0,0,0.02197802197802198,0.02197802197802198,0.02197802197802198,0.0,0.0,0.02197802197802198,0.02197802197802198,0.0,0.0,0.0,0.0,0.02197802197802198,0.0,0.02197802197802198,0.0,22.0,38,0.0,0.0,0.0,0,0,0,0.0,0,0,0.10989010989010989,0.02197802197802198,0.01098901098901099,0.0,2,0,4
javascript,javascript_354,0,0,0,0,0,0,0,0,0,0,0,0,0,0,0,0,0,0,0,0,0,2,1,0,0,0,0,0,0,0,0,0,0,0,1,0,0,0,0,0,0,0,0.020202020202020204,0.020202020202020204,0.030303030303030304,0.0,0.0,0.020202020202020204,0.030303030303030304,0.0,0.0,0.0,0.0,0.020202020202020204,0.0,0.04040404040404041,0.0,24.0,38,0.0,0.0,0.0,0,0,0,0.0,0,0,0.09090909090909091,0.020202020202020204,0.010101010101010102,0.0,3,0,4
javascript,javascript_355,0,0,0,0,0,0,0,0,0,0,0,0,0,0,0,0,0,0,0,0,0,3,0,0,0,0,0,0,0,0,0,0,0,0,2,0,0,0,0,0,0,0,0.01834862385321101,0.01834862385321101,0.027522935779816515,0.0,0.0,0.01834862385321101,0.027522935779816515,0.0,0.0,0.0,0.0,0.01834862385321101,0.0,0.01834862385321101,0.0,21.0,38,0.0,0.0,0.0,0,0,0,0.0,0,0,0.10091743119266056,0.03669724770642202,0.009174311926605505,0.0,3,0,5
javascript,javascript_357,0,0,0,0,0,0,0,0,0,0,0,0,1,0,0,0,0,0,0,0,0,0,0,0,0,0,0,0,0,0,1,0,0,0,1,0,0,0,0,0,0,0,0.010101010101010102,0.010101010101010102,0.020202020202020204,0.0,0.0,0.0,0.0,0.0,0.0,0.020202020202020204,0.0,0.010101010101010102,0.0,0.020202020202020204,0.0,19.0,33,0.0,0.0,0.4,0,0,0,0.0,0,0,0.10101010101010101,0.0,0.020202020202020204,0.010101010101010102,4,0,5
javascript,javascript_358,0,0,0,0,0,0,0,0,0,0,0,0,1,0,0,0,0,0,0,0,0,0,0,0,0,0,0,0,0,0,1,0,0,0,2,0,0,0,0,0,0,0,0.008695652173913044,0.008695652173913044,0.017391304347826087,0.0,0.0,0.0,0.0,0.0,0.0,0.017391304347826087,0.0,0.008695652173913044,0.0,0.017391304347826087,0.0,18.333333333333332,33,0.0,0.0,0.3333333333333333,0,0,0,0.0,0,0,0.10434782608695652,0.0,0.017391304347826087,0.008695652173913044,4,0,6
javascript,javascript_361,0,0,0,0,0,0,0,0,0,0,0,1,0,0,0,0,0,0,0,0,1,0,0,0,0,0,0,0,0,0,1,0,0,0,2,0,0,0,0,0,0,0,0.0136986301369863,0.0136986301369863,0.0136986301369863,0.0,0.0,0.0,0.00684931506849315,0.0,0.0,0.00684931506849315,0.0,0.00684931506849315,0.0,0.0,0.0,17.375,27,0.0,0.0,0.375,0,0,0,0.0,0,0,0.0821917808219178,0.0,0.00684931506849315,0.00684931506849315,6,0,8
javascript,javascript_367,0,0,0,0,0,0,0,0,0,0,0,1,0,0,0,0,0,0,0,0,0,1,0,0,0,0,0,0,0,0,1,0,0,0,1,0,0,0,0,0,0,0,0.018518518518518517,0.018518518518518517,0.018518518518518517,0.0,0.0,0.0,0.009259259259259259,0.0,0.0,0.009259259259259259,0.0,0.009259259259259259,0.0,0.0,0.0,14.571428571428571,27,0.0,0.0,0.42857142857142855,0,0,0,0.0,0,0,0.09259259259259259,0.018518518518518517,0.009259259259259259,0.0,6,0,7
javascript,javascript_372,0,0,0,0,0,0,0,0,0,0,0,1,0,0,0,0,0,0,0,0,0,0,0,0,0,0,0,0,0,0,1,0,0,0,0,0,0,0,0,0,0,0,0.023529411764705882,0.023529411764705882,0.023529411764705882,0.0,0.0,0.0,0.0,0.0,0.0,0.023529411764705882,0.0,0.011764705882352941,0.0,0.023529411764705882,0.0,13.333333333333334,21,0.0,0.0,0.5,0,0,0,0.0,0,0,0.11764705882352941,0.0,0.011764705882352941,0.011764705882352941,6,0,6
javascript,javascript_376,0,0,0,0,0,0,0,0,0,0,0,0,1,0,0,0,0,0,0,0,1,0,0,0,0,0,0,0,0,0,1,0,0,0,1,0,0,0,0,0,0,0,0.008849557522123894,0.008849557522123894,0.02654867256637168,0.0,0.0,0.0,0.008849557522123894,0.0,0.0,0.017699115044247787,0.0,0.008849557522123894,0.0,0.017699115044247787,0.0,18.0,33,0.0,0.0,0.3333333333333333,0,0,0,0.0,0,0,0.09734513274336283,0.0,0.017699115044247787,0.017699115044247787,5,0,6
javascript,javascript_384,0,0,0,0,0,0,0,0,0,0,0,0,0,0,0,0,0,0,0,0,1,2,0,0,0,0,0,0,0,0,0,0,0,0,2,0,0,0,0,0,0,0,0.01652892561983471,0.01652892561983471,0.024793388429752067,0.0,0.0,0.01652892561983471,0.024793388429752067,0.0,0.0,0.0,0.0,0.01652892561983471,0.0,0.01652892561983471,0.0,23.4,38,0.0,0.0,0.0,0,0,0,0.0,0,0,0.09090909090909091,0.01652892561983471,0.008264462809917356,0.008264462809917356,3,0,5
javascript,javascript_390,0,0,0,0,0,0,0,0,0,0,0,0,1,0,0,0,0,0,0,0,0,1,1,0,0,0,0,0,0,0,1,0,0,0,2,0,0,0,0,0,0,0,0.0064516129032258064,0.0064516129032258064,0.01935483870967742,0.0,0.0,0.0,0.012903225806451613,0.0,0.0,0.01935483870967742,0.0,0.0,0.0,0.025806451612903226,0.0,21.285714285714285,46,0.0,0.0,0.2857142857142857,0,0,0,0.0,0,0,0.10967741935483871,0.0,0.0064516129032258064,0.0064516129032258064,5,0,7
javascript,javascript_394,0,0,0,0,0,0,0,0,0,0,0,0,1,0,0,0,0,0,0,0,1,1,0,0,0,0,0,0,0,0,1,0,0,0,1,0,0,0,0,0,0,0,0.006802721088435374,0.006802721088435374,0.02040816326530612,0.0,0.0,0.0,0.013605442176870748,0.0,0.0,0.02040816326530612,0.0,0.0,0.0,0.013605442176870748,0.0,23.666666666666668,46,0.0,0.0,0.3333333333333333,0,0,0,0.0,0,0,0.10204081632653061,0.0,0.006802721088435374,0.013605442176870748,5,0,6
javascript,javascript_396,0,0,0,0,0,0,0,0,0,0,0,0,0,0,0,0,0,0,0,0,1,2,0,0,0,0,0,0,0,0,0,0,0,0,1,0,0,0,0,0,0,0,0.0,0.0,0.0297029702970297,0.0,0.009900990099009901,0.0,0.039603960396039604,0.0,0.0,0.009900990099009901,0.009900990099009901,0.019801980198019802,0.0,0.0,0.0,24.5,36,0.0,0.0,0.0,1,0,0,0.0,0,0,0.09900990099009901,0.039603960396039604,0.0,0.019801980198019802,3,0,4
javascript,javascript_399,0,0,0,0,0,0,0,0,0,0,0,1,0,0,0,0,0,0,0,0,0,0,0,0,0,0,0,0,0,0,1,0,0,0,2,0,0,0,0,0,0,0,0.017391304347826087,0.017391304347826087,0.017391304347826087,0.0,0.0,0.0,0.0,0.0,0.0,0.017391304347826087,0.0,0.008695652173913044,0.0,0.017391304347826087,0.0,13.5,21,0.0,0.0,0.375,0,0,0,0.0,0,0,0.12173913043478261,0.0,0.008695652173913044,0.008695652173913044,6,0,8
javascript,javascript_405,0,0,0,0,0,0,0,0,0,0,0,0,0,0,0,0,0,0,0,0,0,2,1,0,0,0,0,0,0,0,0,0,0,0,2,0,0,0,0,0,0,0,0.0,0.0,0.02702702702702703,0.0,0.009009009009009009,0.0,0.036036036036036036,0.0,0.0,0.009009009009009009,0.009009009009009009,0.018018018018018018,0.0,0.018018018018018018,0.0,21.4,36,0.0,0.0,0.0,1,0,0,0.0,0,0,0.10810810810810811,0.036036036036036036,0.0,0.009009009009009009,3,0,5
javascript,javascript_406,0,0,0,0,0,0,0,0,0,0,0,0,1,0,0,0,0,0,0,0,0,0,0,0,0,0,0,0,0,0,1,0,0,0,2,0,0,0,0,0,0,0,0.008064516129032258,0.008064516129032258,0.024193548387096774,0.0,0.0,0.0,0.0,0.0,0.0,0.024193548387096774,0.0,0.008064516129032258,0.0,0.03225806451612903,0.0,16.857142857142858,33,0.0,0.0,0.2857142857142857,0,0,0,0.0,0,0,0.12096774193548387,0.0,0.016129032258064516,0.016129032258064516,5,0,7
javascript,javascript_407,0,0,0,0,0,0,0,0,0,0,0,0,0,0,0,0,0,0,0,0,0,3,0,0,0,0,0,0,0,0,0,0,0,0,2,0,0,0,0,0,0,0,0.018018018018018018,0.018018018018018018,0.02702702702702703,0.0,0.0,0.018018018018018018,0.02702702702702703,0.0,0.0,0.0,0.0,0.018018018018018018,0.0,0.018018018018018018,0.0,21.4,38,0.0,0.0,0.0,0,0,0,0.0,0,0,0.0990990990990991,0.036036036036036036,0.009009009009009009,0.0,3,0,5
javascript,javascript_413,0,0,0,0,0,0,0,0,0,0,0,0,1,0,0,0,0,0,0,0,0,1,1,0,0,0,0,0,0,0,1,0,0,0,1,0,0,0,0,0,0,0,0.006535947712418301,0.006535947712418301,0.0196078431372549,0.0,0.0,0.0,0.013071895424836602,0.0,0.0,0.0196078431372549,0.0,0.0,0.0,0.026143790849673203,0.0,24.666666666666668,46,0.0,0.0,0.3333333333333333,0,0,0,0.0,0,0,0.09803921568627451,0.0,0.006535947712418301,0.006535947712418301,5,0,6
javascript,javascript_418,0,0,0,0,0,0,0,0,0,0,0,0,1,0,0,0,0,0,0,0,0,0,1,0,0,0,0,0,0,0,1,0,0,0,1,0,0,0,0,0,0,0,0.009523809523809525,0.009523809523809525,0.02857142857142857,0.0,0.0,0.0,0.009523809523809525,0.0,0.0,0.01904761904761905,0.0,0.009523809523809525,0.0,0.0380952380952381,0.0,16.666666666666668,33,0.0,0.0,0.3333333333333333,0,0,0,0.0,0,0,0.10476190476190476,0.0,0.01904761904761905,0.009523809523809525,5,0,6
javascript,javascript_420,0,0,0,0,0,0,0,0,0,0,0,0,0,0,0,0,0,0,0,0,0,2,0,0,0,0,0,0,0,0,0,0,0,0,2,0,0,0,0,0,0,0,0.01904761904761905,0.01904761904761905,0.01904761904761905,0.0,0.0,0.01904761904761905,0.01904761904761905,0.0,0.0,0.0,0.0,0.01904761904761905,0.0,0.01904761904761905,0.0,25.5,38,0.0,0.0,0.0,0,0,0,0.0,0,0,0.09523809523809523,0.01904761904761905,0.009523809523809525,0.0,2,0,4
javascript,javascript_427,0,0,0,0,0,0,0,0,0,0,0,0,0,0,0,0,0,0,0,0,0,2,0,0,0,0,0,0,0,0,0,0,0,0,2,0,0,0,0,0,0,0,0.015625,0.015625,0.0234375,0.0,0.0,0.015625,0.015625,0.0,0.0,0.0078125,0.0,0.015625,0.0,0.03125,0.0,24.8,38,0.0,0.0,0.0,0,0,0,0.0,0,0,0.1015625,0.015625,0.0078125,0.0078125,3,0,5
javascript,javascript_430,0,0,0,0,0,0,0,0,0,0,0,0,1,0,0,0,0,0,0,0,0,1,1,0,0,0,0,0,0,0,1,0,0,0,0,0,0,0,0,0,0,0,0.008,0.008,0.024,0.0,0.0,0.0,0.016,0.0,0.0,0.024,0.0,0.0,0.0,0.032,0.0,24.2,46,0.0,0.0,0.4,0,0,0,0.0,0,0,0.104,0.0,0.008,0.008,5,0,5
javascript,javascript_431,0,0,0,0,0,0,0,0,0,0,0,0,1,0,0,0,0,0,0,0,0,1,1,0,0,0,0,0,0,0,1,0,0,0,1,0,0,0,0,0,0,0,0.0070921985815602835,0.0070921985815602835,0.02127659574468085,0.0,0.0,0.0,0.014184397163120567,0.0,0.0,0.02127659574468085,0.0,0.0,0.0,0.028368794326241134,0.0,22.666666666666668,46,0.0,0.0,0.3333333333333333,0,0,0,0.0,0,0,0.10638297872340426,0.0,0.0070921985815602835,0.0070921985815602835,5,0,6
javascript,javascript_432,0,0,0,0,0,0,0,0,0,0,0,0,1,0,0,0,0,0,0,0,0,0,1,0,0,0,0,0,0,0,1,0,0,0,2,0,0,0,0,0,0,0,0.007407407407407408,0.007407407407407408,0.022222222222222223,0.0,0.0,0.0,0.007407407407407408,0.0,0.0,0.014814814814814815,0.0,0.007407407407407408,0.0,0.02962962962962963,0.0,18.428571428571427,33,0.0,0.0,0.2857142857142857,0,0,0,0.0,0,0,0.0962962962962963,0.0,0.014814814814814815,0.007407407407407408,5,0,7
javascript,javascript_439,0,0,0,0,0,0,0,0,0,0,0,0,1,0,0,0,0,0,0,0,0,1,0,0,0,0,0,0,0,0,1,0,0,0,0,0,0,0,0,0,0,0,0.008,0.008,0.024,0.0,0.008,0.0,0.016,0.0,0.0,0.032,0.0,0.024,0.0,0.016,0.0,24.2,53,0.0,0.0,0.4,1,0,0,0.0,0,0,0.112,0.008,0.016,0.016,5,0,5
javascript,javascript_442,0,0,0,0,0,0,0,0,0,0,0,0,1,0,0,0,0,0,0,0,0,2,0,0,0,0,0,0,0,0,1,0,0,0,1,0,0,0,0,0,0,0,0.006711409395973154,0.006711409395973154,0.020134228187919462,0.0,0.0,0.0,0.013422818791946308,0.0,0.0,0.020134228187919462,0.0,0.0,0.0,0.013422818791946308,0.0,24.0,46,0.0,0.0,0.3333333333333333,0,0,0,0.0,0,0,0.10067114093959731,0.013422818791946308,0.006711409395973154,0.006711409395973154,5,0,6
javascript,javascript_455,0,0,0,0,0,0,0,0,0,0,0,0,0,0,0,0,0,0,0,0,0,2,1,0,0,0,0,0,0,0,0,0,0,0,2,0,0,0,0,0,0,0,0.0,0.0,0.024390243902439025,0.0,0.008130081300813009,0.0,0.032520325203252036,0.0,0.0,0.008130081300813009,0.008130081300813009,0.016260162601626018,0.0,0.016260162601626018,0.0,23.8,36,0.0,0.0,0.0,1,0,0,0.0,0,0,0.0975609756097561,0.032520325203252036,0.0,0.008130081300813009,3,0,5
javascript,javascript_460,0,0,0,0,0,0,0,0,0,0,0,0,0,0,0,0,0,0,0,0,0,2,0,0,0,0,0,0,0,0,0,0,0,0,2,0,0,0,0,0,0,0,0.0,0.0,0.022988505747126436,0.0,0.011494252873563218,0.0,0.034482758620689655,0.0,0.0,0.011494252873563218,0.011494252873563218,0.022988505747126436,0.0,0.0,0.0,21.0,36,0.0,0.0,0.0,1,0,0,0.0,0,0,0.12643678160919541,0.04597701149425287,0.0,0.011494252873563218,2,0,4
javascript,javascript_462,0,0,0,0,0,0,0,0,0,0,0,0,1,0,0,0,0,0,0,0,0,0,1,0,0,0,0,0,0,0,1,0,0,0,1,0,0,0,0,0,0,0,0.009345794392523364,0.009345794392523364,0.028037383177570093,0.0,0.0,0.0,0.009345794392523364,0.0,0.0,0.018691588785046728,0.0,0.009345794392523364,0.0,0.037383177570093455,0.0,17.0,33,0.0,0.0,0.3333333333333333,0,0,0,0.0,0,0,0.102803738317757,0.0,0.018691588785046728,0.009345794392523364,5,0,6
javascript,javascript_464,0,0,0,0,0,0,0,0,0,0,0,0,1,0,0,0,0,0,0,0,0,0,0,0,0,0,0,0,0,0,1,0,0,0,2,0,0,0,0,0,0,0,0.007462686567164179,0.007462686567164179,0.022388059701492536,0.0,0.0,0.0,0.0,0.0,0.0,0.022388059701492536,0.0,0.007462686567164179,0.0,0.029850746268656716,0.0,18.285714285714285,33,0.0,0.0,0.2857142857142857,0,0,0,0.0,0,0,0.11194029850746269,0.0,0.014925373134328358,0.014925373134328358,5,0,7
javascript,javascript_468,0,0,0,0,0,0,0,0,0,0,0,1,0,0,0,0,0,0,0,0,0,1,0,0,0,0,0,0,0,0,1,0,0,0,2,0,0,0,0,0,0,0,0.01818181818181818,0.01818181818181818,0.01818181818181818,0.0,0.0,0.0,0.00909090909090909,0.0,0.0,0.00909090909090909,0.0,0.00909090909090909,0.0,0.0,0.0,12.875,21,0.0,0.0,0.375,0,0,0,0.0,0,0,0.10909090909090909,0.01818181818181818,0.00909090909090909,0.0,6,0,8
javascript,javascript_472,0,0,0,0,0,0,0,0,0,0,0,0,1,0,0,0,0,0,0,0,0,1,0,0,0,0,0,0,0,0,1,0,0,0,1,0,0,0,0,0,0,0,0.006535947712418301,0.006535947712418301,0.0196078431372549,0.0,0.006535947712418301,0.0,0.013071895424836602,0.0,0.0,0.026143790849673203,0.0,0.0196078431372549,0.0,0.013071895424836602,0.0,24.666666666666668,53,0.0,0.0,0.3333333333333333,1,0,0,0.0,0,0,0.10457516339869281,0.006535947712418301,0.013071895424836602,0.013071895424836602,5,0,6
javascript,javascript_473,0,0,0,0,0,0,0,0,0,0,0,0,1,0,0,0,0,0,0,0,0,2,0,0,0,0,0,0,0,0,1,0,0,0,1,0,0,0,0,0,0,0,0.005714285714285714,0.005714285714285714,0.017142857142857144,0.0,0.005714285714285714,0.0,0.017142857142857144,0.0,0.0,0.02857142857142857,0.0,0.011428571428571429,0.0,0.011428571428571429,0.0,28.333333333333332,53,0.0,0.0,0.3333333333333333,1,0,0,0.0,0,0,0.11428571428571428,0.005714285714285714,0.005714285714285714,0.011428571428571429,5,0,6
javascript,javascript_478,0,0,0,0,0,0,0,0,0,0,0,0,0,0,0,0,0,0,0,0,0,2,0,0,0,0,0,0,0,0,0,0,0,0,2,0,0,0,0,0,0,0,0.0,0.0,0.019801980198019802,0.0,0.009900990099009901,0.0,0.0297029702970297,0.0,0.0,0.009900990099009901,0.009900990099009901,0.019801980198019802,0.0,0.0,0.0,24.5,36,0.0,0.0,0.0,1,0,0,0.0,0,0,0.10891089108910891,0.039603960396039604,0.0,0.009900990099009901,2,0,4
javascript,javascript_483,0,0,0,0,0,0,0,0,0,0,0,1,0,0,0,0,0,0,0,0,0,0,0,0,0,0,0,0,0,0,1,0,0,0,2,0,0,0,0,0,0,0,0.02127659574468085,0.02127659574468085,0.010638297872340425,0.0,0.0,0.0,0.0,0.0,0.0,0.010638297872340425,0.0,0.010638297872340425,0.0,0.0,0.0,12.571428571428571,21,0.0,0.0,0.42857142857142855,0,0,0,0.0,0,0,0.11702127659574468,0.0,0.010638297872340425,0.0,5,0,7
javascript,javascript_499,0,0,0,0,0,0,0,0,0,0,0,0,0,0,0,0,0,0,0,0,0,3,0,0,0,0,0,0,0,0,0,0,0,0,2,0,0,0,0,0,0,0,0.013793103448275862,0.013793103448275862,0.020689655172413793,0.0,0.006896551724137931,0.013793103448275862,0.027586206896551724,0.0,0.0,0.013793103448275862,0.0,0.027586206896551724,0.0,0.013793103448275862,0.0,28.2,53,0.0,0.0,0.0,1,0,0,0.0,0,0,0.1103448275862069,0.020689655172413793,0.006896551724137931,0.006896551724137931,3,0,5
javascript,javascript_503,0,0,0,0,0,0,0,0,0,0,0,0,0,0,0,0,0,0,0,0,0,2,0,0,0,0,0,0,0,0,0,0,0,0,0,0,0,0,0,0,0,0,0.0,0.0,0.0375,0.0,0.0125,0.0,0.0375,0.0,0.0,0.025,0.0125,0.025,0.0,0.025,0.0,26.0,36,0.0,0.0,0.0,1,0,0,0.0,0,0,0.125,0.05,0.0,0.025,3,0,3
javascript,javascript_508,0,0,0,0,0,0,0,0,0,0,0,0,0,0,0,0,0,0,0,0,0,3,0,0,0,0,0,0,0,0,0,0,0,0,1,0,0,0,0,0,0,0,0.021505376344086023,0.021505376344086023,0.03225806451612903,0.0,0.0,0.021505376344086023,0.03225806451612903,0.0,0.0,0.0,0.0,0.021505376344086023,0.0,0.021505376344086023,0.0,22.5,38,0.0,0.0,0.0,0,0,0,0.0,0,0,0.0967741935483871,0.043010752688172046,0.010752688172043012,0.0,3,0,4
javascript,javascript_513,0,0,0,0,0,0,0,0,0,0,0,1,0,0,0,0,0,0,0,0,0,0,0,0,0,0,0,0,0,0,1,0,0,0,1,0,0,0,0,0,0,0,0.017699115044247787,0.017699115044247787,0.017699115044247787,0.0,0.0,0.0,0.0,0.0,0.0,0.017699115044247787,0.0,0.008849557522123894,0.0,0.017699115044247787,0.0,15.285714285714286,27,0.0,0.0,0.42857142857142855,0,0,0,0.0,0,0,0.10619469026548672,0.0,0.008849557522123894,0.008849557522123894,6,0,7
javascript,javascript_514,0,0,0,0,0,0,0,0,0,0,0,0,0,0,0,0,0,0,0,0,0,3,0,0,0,0,0,0,0,0,0,0,0,0,1,0,0,0,0,0,0,0,0.0,0.0,0.03296703296703297,0.0,0.01098901098901099,0.0,0.04395604395604396,0.0,0.0,0.01098901098901099,0.01098901098901099,0.02197802197802198,0.0,0.0,0.0,22.0,36,0.0,0.0,0.0,1,0,0,0.0,0,0,0.10989010989010989,0.06593406593406594,0.0,0.01098901098901099,3,0,4
javascript,javascript_516,0,0,0,0,0,0,0,0,0,0,0,0,1,0,0,0,0,0,0,0,0,0,0,0,0,0,0,0,0,0,1,0,0,0,2,0,0,0,0,0,0,0,0.009900990099009901,0.009900990099009901,0.019801980198019802,0.0,0.0,0.0,0.0,0.0,0.0,0.019801980198019802,0.0,0.009900990099009901,0.0,0.019801980198019802,0.0,16.0,33,0.0,0.0,0.3333333333333333,0,0,0,0.0,0,0,0.1188118811881188,0.0,0.019801980198019802,0.009900990099009901,4,0,6
javascript,javascript_521,0,0,0,0,0,0,0,0,0,0,0,0,0,0,0,0,0,0,0,0,1,2,0,0,0,0,0,0,0,0,0,0,0,0,2,0,0,0,0,0,0,0,0.01680672268907563,0.01680672268907563,0.025210084033613446,0.0,0.0,0.01680672268907563,0.025210084033613446,0.0,0.0,0.0,0.0,0.01680672268907563,0.0,0.01680672268907563,0.0,23.0,38,0.0,0.0,0.0,0,0,0,0.0,0,0,0.09243697478991597,0.01680672268907563,0.008403361344537815,0.008403361344537815,3,0,5
javascript,javascript_525,0,0,0,0,0,0,0,0,0,0,0,0,0,0,0,0,0,0,0,0,0,2,1,0,0,0,0,0,0,0,0,0,0,0,2,0,0,0,0,0,0,0,0.0,0.0,0.024390243902439025,0.0,0.008130081300813009,0.0,0.032520325203252036,0.0,0.0,0.008130081300813009,0.008130081300813009,0.016260162601626018,0.0,0.016260162601626018,0.0,23.8,36,0.0,0.0,0.0,1,0,0,0.0,0,0,0.0975609756097561,0.032520325203252036,0.0,0.008130081300813009,3,0,5
javascript,javascript_536,0,0,0,0,0,0,0,0,0,0,0,0,1,0,0,0,0,0,0,0,1,0,0,0,0,0,0,0,0,0,1,0,0,0,1,0,0,0,0,0,0,0,0.008849557522123894,0.008849557522123894,0.02654867256637168,0.0,0.0,0.0,0.008849557522123894,0.0,0.0,0.017699115044247787,0.0,0.008849557522123894,0.0,0.017699115044247787,0.0,18.0,33,0.0,0.0,0.3333333333333333,0,0,0,0.0,0,0,0.09734513274336283,0.0,0.017699115044247787,0.017699115044247787,5,0,6
javascript,javascript_537,0,0,0,0,0,0,0,0,0,0,0,0,0,0,0,0,0,0,0,0,0,2,0,0,0,0,0,0,0,0,0,0,0,0,2,0,0,0,0,0,0,0,0.017857142857142856,0.017857142857142856,0.026785714285714284,0.0,0.0,0.017857142857142856,0.017857142857142856,0.0,0.0,0.008928571428571428,0.0,0.017857142857142856,0.0,0.03571428571428571,0.0,21.6,38,0.0,0.0,0.0,0,0,0,0.0,0,0,0.11607142857142858,0.017857142857142856,0.008928571428571428,0.008928571428571428,3,0,5
javascript,javascript_555,0,0,0,0,0,0,0,0,0,0,0,0,1,0,0,0,0,0,0,0,0,1,0,0,0,0,0,0,0,0,1,0,0,0,0,0,0,0,0,0,0,0,0.007936507936507936,0.007936507936507936,0.023809523809523808,0.0,0.0,0.0,0.007936507936507936,0.0,0.0,0.031746031746031744,0.0,0.0,0.0,0.031746031746031744,0.0,24.4,46,0.0,0.0,0.4,0,0,0,0.0,0,0,0.11904761904761904,0.0,0.007936507936507936,0.015873015873015872,5,0,5
javascript,javascript_558,0,0,0,0,0,0,0,0,0,0,0,0,0,0,0,0,0,0,0,0,1,2,0,0,0,0,0,0,0,0,0,0,0,0,1,0,0,0,0,0,0,0,0.01904761904761905,0.01904761904761905,0.02857142857142857,0.0,0.0,0.01904761904761905,0.02857142857142857,0.0,0.0,0.0,0.0,0.01904761904761905,0.0,0.01904761904761905,0.0,25.5,38,0.0,0.0,0.0,0,0,0,0.0,0,0,0.08571428571428572,0.01904761904761905,0.009523809523809525,0.009523809523809525,3,0,4
javascript,javascript_570,0,0,0,0,0,0,0,0,0,0,0,0,0,0,0,0,0,0,0,0,0,3,0,0,0,0,0,0,0,0,0,0,0,0,2,0,0,0,0,0,0,0,0.0,0.0,0.01910828025477707,0.0,0.012738853503184714,0.0,0.03184713375796178,0.0,0.0,0.01910828025477707,0.006369426751592357,0.025477707006369428,0.0,0.0,0.0,30.6,53,0.0,0.0,0.0,2,0,0,0.0,0,0,0.10828025477707007,0.03184713375796178,0.0,0.012738853503184714,3,0,5
javascript,javascript_573,0,0,0,0,0,0,0,0,0,0,0,0,0,0,0,0,0,0,0,0,0,3,0,0,0,0,0,0,0,0,0,0,0,0,1,0,0,0,0,0,0,0,0.021052631578947368,0.021052631578947368,0.031578947368421054,0.0,0.0,0.021052631578947368,0.031578947368421054,0.0,0.0,0.0,0.0,0.021052631578947368,0.0,0.021052631578947368,0.0,23.0,38,0.0,0.0,0.0,0,0,0,0.0,0,0,0.09473684210526316,0.042105263157894736,0.010526315789473684,0.0,3,0,4
javascript,javascript_578,0,0,0,0,0,0,0,0,0,0,0,0,0,0,0,0,0,0,0,0,1,2,0,0,0,0,0,0,0,0,0,0,0,0,1,0,0,0,0,0,0,0,0.019417475728155338,0.019417475728155338,0.02912621359223301,0.0,0.0,0.019417475728155338,0.02912621359223301,0.0,0.0,0.0,0.0,0.019417475728155338,0.0,0.019417475728155338,0.0,25.0,38,0.0,0.0,0.0,0,0,0,0.0,0,0,0.08737864077669903,0.019417475728155338,0.009708737864077669,0.009708737864077669,3,0,4
javascript,javascript_579,0,0,0,0,0,0,0,0,0,0,0,0,0,0,0,0,0,0,0,0,0,2,1,0,0,0,0,0,0,0,0,0,0,0,1,0,0,0,0,0,0,0,0.0,0.0,0.03225806451612903,0.0,0.010752688172043012,0.0,0.043010752688172046,0.0,0.0,0.010752688172043012,0.010752688172043012,0.021505376344086023,0.0,0.021505376344086023,0.0,22.5,36,0.0,0.0,0.0,1,0,0,0.0,0,0,0.10752688172043011,0.043010752688172046,0.0,0.010752688172043012,3,0,4
javascript,javascript_587,0,0,0,0,0,0,0,0,0,0,0,0,1,0,0,0,0,0,0,0,0,0,1,0,0,0,0,0,0,0,1,0,0,0,0,0,0,0,0,0,0,0,0.01098901098901099,0.01098901098901099,0.03296703296703297,0.0,0.0,0.0,0.01098901098901099,0.0,0.0,0.02197802197802198,0.0,0.01098901098901099,0.0,0.04395604395604396,0.0,17.4,33,0.0,0.0,0.4,0,0,0,0.0,0,0,0.0989010989010989,0.0,0.02197802197802198,0.01098901098901099,5,0,5
javascript,javascript_591,0,0,0,0,0,0,0,0,0,0,0,0,0,0,0,0,0,0,0,0,0,2,1,0,0,0,0,0,0,0,0,0,0,0,2,0,0,0,0,0,0,0,0.015748031496062992,0.015748031496062992,0.023622047244094488,0.0,0.0,0.015748031496062992,0.023622047244094488,0.0,0.0,0.0,0.0,0.015748031496062992,0.0,0.031496062992125984,0.0,24.6,38,0.0,0.0,0.0,0,0,0,0.0,0,0,0.08661417322834646,0.015748031496062992,0.007874015748031496,0.0,3,0,5
javascript,javascript_596,0,0,0,0,0,0,0,0,0,0,0,0,0,0,0,0,0,0,0,0,0,2,0,0,0,0,0,0,0,0,0,0,0,0,1,0,0,0,0,0,0,0,0.0,0.0,0.027777777777777776,0.0,0.009259259259259259,0.0,0.027777777777777776,0.0,0.0,0.018518518518518517,0.009259259259259259,0.018518518518518517,0.0,0.018518518518518517,0.0,26.25,36,0.0,0.0,0.0,1,0,0,0.0,0,0,0.1111111111111111,0.037037037037037035,0.0,0.018518518518518517,3,0,4
javascript,javascript_626,0,0,0,0,0,0,0,0,0,0,0,0,1,0,0,0,0,0,0,0,0,1,0,0,0,0,0,0,0,0,1,0,0,0,2,0,0,0,0,0,0,0,0.005988023952095809,0.005988023952095809,0.017964071856287425,0.0,0.005988023952095809,0.0,0.011976047904191617,0.0,0.0,0.023952095808383235,0.0,0.017964071856287425,0.0,0.011976047904191617,0.0,23.0,53,0.0,0.0,0.2857142857142857,1,0,0,0.0,0,0,0.10778443113772455,0.005988023952095809,0.011976047904191617,0.011976047904191617,5,0,7
javascript,javascript_628,0,0,0,0,0,0,0,0,0,0,0,0,1,0,0,0,0,0,0,0,0,1,0,0,0,0,0,0,0,0,1,0,0,0,1,0,0,0,0,0,0,0,0.007194244604316547,0.007194244604316547,0.02158273381294964,0.0,0.007194244604316547,0.0,0.014388489208633094,0.0,0.0,0.02877697841726619,0.0,0.02158273381294964,0.0,0.014388489208633094,0.0,22.333333333333332,53,0.0,0.0,0.3333333333333333,1,0,0,0.0,0,0,0.11510791366906475,0.007194244604316547,0.014388489208633094,0.014388489208633094,5,0,6
javascript,javascript_632,0,0,0,0,0,0,0,0,0,0,0,0,0,0,0,0,0,0,0,0,0,3,0,0,0,0,0,0,0,0,0,0,0,0,2,0,0,0,0,0,0,0,0.0,0.0,0.01775147928994083,0.0,0.011834319526627219,0.0,0.029585798816568046,0.0,0.0,0.01775147928994083,0.005917159763313609,0.023668639053254437,0.0,0.0,0.0,33.0,53,0.0,0.0,0.0,2,0,0,0.0,0,0,0.10059171597633136,0.029585798816568046,0.0,0.011834319526627219,3,0,5
javascript,javascript_633,0,0,0,0,0,0,0,0,0,0,0,0,1,0,0,0,0,0,0,0,0,0,1,0,0,0,0,0,0,0,1,0,0,0,1,0,0,0,0,0,0,0,0.009345794392523364,0.009345794392523364,0.028037383177570093,0.0,0.0,0.0,0.009345794392523364,0.0,0.0,0.018691588785046728,0.0,0.009345794392523364,0.0,0.037383177570093455,0.0,17.0,33,0.0,0.0,0.3333333333333333,0,0,0,0.0,0,0,0.102803738317757,0.0,0.018691588785046728,0.009345794392523364,5,0,6
javascript,javascript_636,0,0,0,0,0,0,0,0,0,0,0,0,1,0,0,0,0,0,0,0,0,1,0,0,0,0,0,0,0,0,1,0,0,0,1,0,0,0,0,0,0,0,0.009900990099009901,0.009900990099009901,0.0297029702970297,0.0,0.0,0.0,0.009900990099009901,0.0,0.0,0.019801980198019802,0.0,0.009900990099009901,0.0,0.019801980198019802,0.0,16.0,33,0.0,0.0,0.3333333333333333,0,0,0,0.0,0,0,0.10891089108910891,0.019801980198019802,0.019801980198019802,0.009900990099009901,5,0,6
javascript,javascript_639,0,0,0,0,0,0,0,0,0,0,0,0,1,0,0,0,0,0,0,0,0,1,0,0,0,0,0,0,0,0,1,0,0,0,2,0,0,0,0,0,0,0,0.006711409395973154,0.006711409395973154,0.013422818791946308,0.0,0.0,0.0,0.006711409395973154,0.0,0.0,0.020134228187919462,0.0,0.0,0.0,0.013422818791946308,0.0,24.0,46,0.0,0.0,0.3333333333333333,0,0,0,0.0,0,0,0.10738255033557047,0.0,0.006711409395973154,0.006711409395973154,4,0,6
javascript,javascript_640,0,0,0,0,0,0,0,0,0,0,0,0,1,0,0,0,0,0,0,0,0,1,0,0,0,0,0,0,0,0,1,0,0,0,1,0,0,0,0,0,0,0,0.009900990099009901,0.009900990099009901,0.0297029702970297,0.0,0.0,0.0,0.009900990099009901,0.0,0.0,0.019801980198019802,0.0,0.009900990099009901,0.0,0.019801980198019802,0.0,16.0,33,0.0,0.0,0.3333333333333333,0,0,0,0.0,0,0,0.10891089108910891,0.019801980198019802,0.019801980198019802,0.009900990099009901,5,0,6
javascript,javascript_644,0,0,0,0,0,0,0,0,0,0,0,0,0,0,0,0,0,0,0,0,1,2,0,0,0,0,0,0,0,0,0,0,0,0,2,0,0,0,0,0,0,0,0.01680672268907563,0.01680672268907563,0.025210084033613446,0.0,0.0,0.01680672268907563,0.025210084033613446,0.0,0.0,0.0,0.0,0.01680672268907563,0.0,0.01680672268907563,0.0,23.0,38,0.0,0.0,0.0,0,0,0,0.0,0,0,0.09243697478991597,0.01680672268907563,0.008403361344537815,0.008403361344537815,3,0,5
javascript,javascript_651,0,0,0,0,0,0,0,0,0,0,0,0,1,0,0,0,0,0,0,0,1,0,0,0,0,0,0,0,0,0,1,0,0,0,2,0,0,0,0,0,0,0,0.007751937984496124,0.007751937984496124,0.023255813953488372,0.0,0.0,0.0,0.007751937984496124,0.0,0.0,0.015503875968992248,0.0,0.007751937984496124,0.0,0.015503875968992248,0.0,17.571428571428573,33,0.0,0.0,0.2857142857142857,0,0,0,0.0,0,0,0.10077519379844961,0.0,0.015503875968992248,0.015503875968992248,5,0,7
javascript,javascript_662,0,0,0,0,0,0,0,0,0,0,0,1,0,0,0,0,0,0,0,0,0,0,0,0,0,0,0,0,0,0,1,0,0,0,1,0,0,0,0,0,0,0,0.019801980198019802,0.019801980198019802,0.019801980198019802,0.0,0.0,0.0,0.0,0.0,0.0,0.019801980198019802,0.0,0.009900990099009901,0.0,0.019801980198019802,0.0,13.571428571428571,21,0.0,0.0,0.42857142857142855,0,0,0,0.0,0,0,0.1188118811881188,0.0,0.009900990099009901,0.009900990099009901,6,0,7
javascript,javascript_671,0,0,0,0,0,0,0,0,0,0,0,0,1,0,0,0,0,0,0,0,0,1,0,0,0,0,0,0,0,0,1,0,0,0,1,0,0,0,0,0,0,0,0.006535947712418301,0.006535947712418301,0.0196078431372549,0.0,0.006535947712418301,0.0,0.013071895424836602,0.0,0.0,0.026143790849673203,0.0,0.0196078431372549,0.0,0.013071895424836602,0.0,24.666666666666668,53,0.0,0.0,0.3333333333333333,1,0,0,0.0,0,0,0.10457516339869281,0.006535947712418301,0.013071895424836602,0.013071895424836602,5,0,6
javascript,javascript_676,0,0,0,0,0,0,0,0,0,0,0,0,1,0,0,0,0,0,0,0,0,1,0,0,0,0,0,0,0,0,1,0,0,0,2,0,0,0,0,0,0,0,0.006802721088435374,0.006802721088435374,0.013605442176870748,0.0,0.0,0.0,0.006802721088435374,0.0,0.0,0.02040816326530612,0.0,0.0,0.0,0.013605442176870748,0.0,23.666666666666668,46,0.0,0.0,0.3333333333333333,0,0,0,0.0,0,0,0.10884353741496598,0.0,0.006802721088435374,0.006802721088435374,4,0,6
javascript,javascript_684,0,0,0,0,0,0,0,0,0,0,0,0,0,0,0,0,0,0,0,0,0,3,0,0,0,0,0,0,0,0,0,0,0,0,2,0,0,0,0,0,0,0,0.013605442176870748,0.013605442176870748,0.02040816326530612,0.0,0.006802721088435374,0.013605442176870748,0.027210884353741496,0.0,0.0,0.013605442176870748,0.0,0.027210884353741496,0.0,0.013605442176870748,0.0,28.6,53,0.0,0.0,0.0,1,0,0,0.0,0,0,0.10884353741496598,0.02040816326530612,0.006802721088435374,0.006802721088435374,3,0,5
javascript,javascript_685,0,0,0,0,0,0,0,0,0,0,0,0,1,0,0,0,0,0,0,0,0,2,0,0,0,0,0,0,0,0,1,0,0,0,2,0,0,0,0,0,0,0,0.005235602094240838,0.005235602094240838,0.015706806282722512,0.0,0.005235602094240838,0.0,0.015706806282722512,0.0,0.0,0.02617801047120419,0.0,0.010471204188481676,0.0,0.010471204188481676,0.0,26.428571428571427,53,0.0,0.0,0.2857142857142857,1,0,0,0.0,0,0,0.11518324607329843,0.005235602094240838,0.005235602094240838,0.010471204188481676,5,0,7
javascript,javascript_695,0,0,0,0,0,0,0,0,0,0,0,1,0,0,0,0,0,0,0,0,1,0,0,0,0,0,0,0,0,0,1,0,0,0,2,0,0,0,0,0,0,0,0.015151515151515152,0.015151515151515152,0.015151515151515152,0.0,0.0,0.0,0.007575757575757576,0.0,0.0,0.007575757575757576,0.0,0.007575757575757576,0.0,0.0,0.0,15.625,27,0.0,0.0,0.375,0,0,0,0.0,0,0,0.09090909090909091,0.0,0.007575757575757576,0.007575757575757576,6,0,8
javascript,javascript_722,0,0,0,0,0,0,0,0,0,0,0,0,0,0,0,0,0,0,0,0,0,2,0,0,0,0,0,0,0,0,0,0,0,0,2,0,0,0,0,0,0,0,0.017543859649122806,0.017543859649122806,0.02631578947368421,0.0,0.0,0.017543859649122806,0.017543859649122806,0.0,0.0,0.008771929824561403,0.0,0.017543859649122806,0.0,0.03508771929824561,0.0,22.0,38,0.0,0.0,0.0,0,0,0,0.0,0,0,0.11403508771929824,0.017543859649122806,0.008771929824561403,0.008771929824561403,3,0,5
javascript,javascript_725,0,0,0,0,0,0,0,0,0,0,0,1,0,0,0,0,0,0,0,0,0,1,0,0,0,0,0,0,0,0,1,0,0,0,1,0,0,0,0,0,0,0,0.02127659574468085,0.02127659574468085,0.02127659574468085,0.0,0.0,0.0,0.010638297872340425,0.0,0.0,0.010638297872340425,0.0,0.010638297872340425,0.0,0.0,0.0,12.571428571428571,21,0.0,0.0,0.42857142857142855,0,0,0,0.0,0,0,0.10638297872340426,0.02127659574468085,0.010638297872340425,0.0,6,0,7
javascript,javascript_732,0,0,0,0,0,0,0,0,0,0,0,0,1,0,0,0,0,0,0,0,0,1,0,0,0,0,0,0,0,0,1,0,0,0,2,0,0,0,0,0,0,0,0.007633587786259542,0.007633587786259542,0.022900763358778626,0.0,0.0,0.0,0.007633587786259542,0.0,0.0,0.015267175572519083,0.0,0.007633587786259542,0.0,0.015267175572519083,0.0,17.857142857142858,33,0.0,0.0,0.2857142857142857,0,0,0,0.0,0,0,0.09923664122137404,0.015267175572519083,0.015267175572519083,0.007633587786259542,5,0,7
javascript,javascript_743,0,0,0,0,0,0,0,0,0,0,0,0,0,0,0,0,0,0,0,0,1,2,0,0,0,0,0,0,0,0,0,0,0,0,2,0,0,0,0,0,0,0,0.0,0.0,0.023255813953488372,0.0,0.007751937984496124,0.0,0.031007751937984496,0.0,0.0,0.007751937984496124,0.007751937984496124,0.015503875968992248,0.0,0.0,0.0,25.0,36,0.0,0.0,0.0,1,0,0,0.0,0,0,0.09302325581395349,0.031007751937984496,0.0,0.015503875968992248,3,0,5
javascript,javascript_745,0,0,0,0,0,0,0,0,0,0,0,0,1,0,0,0,0,0,0,0,1,0,0,0,0,0,0,0,0,0,1,0,0,0,2,0,0,0,0,0,0,0,0.007194244604316547,0.007194244604316547,0.02158273381294964,0.0,0.0,0.0,0.007194244604316547,0.0,0.0,0.014388489208633094,0.0,0.007194244604316547,0.0,0.014388489208633094,0.0,19.0,33,0.0,0.0,0.2857142857142857,0,0,0,0.0,0,0,0.09352517985611511,0.0,0.014388489208633094,0.014388489208633094,5,0,7
javascript,javascript_752,0,0,0,0,0,0,0,0,0,0,0,0,0,0,0,0,0,0,0,0,0,2,0,0,0,0,0,0,0,0,0,0,0,0,2,0,0,0,0,0,0,0,0.0,0.0,0.027777777777777776,0.0,0.009259259259259259,0.0,0.027777777777777776,0.0,0.0,0.018518518518518517,0.009259259259259259,0.018518518518518517,0.0,0.018518518518518517,0.0,20.8,36,0.0,0.0,0.0,1,0,0,0.0,0,0,0.12962962962962962,0.037037037037037035,0.0,0.018518518518518517,3,0,5
javascript,javascript_755,0,0,0,0,0,0,0,0,0,0,0,0,1,0,0,0,0,0,0,0,0,1,0,0,0,0,0,0,0,0,1,0,0,0,2,0,0,0,0,0,0,0,0.006535947712418301,0.006535947712418301,0.0196078431372549,0.0,0.006535947712418301,0.0,0.013071895424836602,0.0,0.0,0.026143790849673203,0.0,0.0196078431372549,0.0,0.013071895424836602,0.0,21.0,53,0.0,0.0,0.2857142857142857,1,0,0,0.0,0,0,0.11764705882352941,0.006535947712418301,0.013071895424836602,0.013071895424836602,5,0,7
javascript,javascript_766,0,0,0,0,0,0,0,0,0,0,0,0,1,0,0,0,0,0,0,0,0,1,0,0,0,0,0,0,0,0,1,0,0,0,2,0,0,0,0,0,0,0,0.0072992700729927005,0.0072992700729927005,0.014598540145985401,0.0,0.0,0.0,0.0072992700729927005,0.0,0.0,0.021897810218978103,0.0,0.0,0.0,0.014598540145985401,0.0,22.0,46,0.0,0.0,0.3333333333333333,0,0,0,0.0,0,0,0.11678832116788321,0.0,0.0072992700729927005,0.0072992700729927005,4,0,6
javascript,javascript_767,0,0,0,0,0,0,0,0,0,0,0,0,1,0,0,0,0,0,0,0,0,1,0,0,0,0,0,0,0,0,1,0,0,0,2,0,0,0,0,0,0,0,0.006329113924050633,0.006329113924050633,0.0189873417721519,0.0,0.0,0.0,0.006329113924050633,0.0,0.0,0.02531645569620253,0.0,0.0,0.0,0.02531645569620253,0.0,21.714285714285715,46,0.0,0.0,0.2857142857142857,0,0,0,0.0,0,0,0.12025316455696203,0.0,0.006329113924050633,0.012658227848101266,5,0,7
javascript,javascript_772,0,0,0,0,0,0,0,0,0,0,0,1,0,0,0,0,0,0,0,0,0,0,1,0,0,0,0,0,0,0,1,0,0,0,2,0,0,0,0,0,0,0,0.015625,0.015625,0.015625,0.0,0.0,0.0,0.0078125,0.0,0.0,0.0078125,0.0,0.0078125,0.0,0.015625,0.0,15.125,27,0.0,0.0,0.375,0,0,0,0.0,0,0,0.09375,0.0,0.0078125,0.0,6,0,8
javascript,javascript_776,0,0,0,0,0,0,0,0,0,0,0,0,0,0,0,0,0,0,0,0,0,2,0,0,0,0,0,0,0,0,0,0,0,0,2,0,0,0,0,0,0,0,0.017241379310344827,0.017241379310344827,0.02586206896551724,0.0,0.0,0.017241379310344827,0.017241379310344827,0.0,0.0,0.008620689655172414,0.0,0.017241379310344827,0.0,0.034482758620689655,0.0,22.4,38,0.0,0.0,0.0,0,0,0,0.0,0,0,0.11206896551724138,0.017241379310344827,0.008620689655172414,0.008620689655172414,3,0,5
javascript,javascript_778,0,0,0,0,0,0,0,0,0,0,0,1,0,0,0,0,0,0,0,0,0,0,0,0,0,0,0,0,0,0,1,0,0,0,1,0,0,0,0,0,0,0,0.019801980198019802,0.019801980198019802,0.019801980198019802,0.0,0.0,0.0,0.0,0.0,0.0,0.019801980198019802,0.0,0.009900990099009901,0.0,0.019801980198019802,0.0,13.571428571428571,21,0.0,0.0,0.42857142857142855,0,0,0,0.0,0,0,0.1188118811881188,0.0,0.009900990099009901,0.009900990099009901,6,0,7
javascript,javascript_780,0,0,0,0,0,0,0,0,0,0,0,0,1,0,0,0,0,0,0,0,0,0,0,0,0,0,0,0,0,0,1,0,0,0,2,0,0,0,0,0,0,0,0.009900990099009901,0.009900990099009901,0.019801980198019802,0.0,0.0,0.0,0.0,0.0,0.0,0.019801980198019802,0.0,0.009900990099009901,0.0,0.019801980198019802,0.0,16.0,33,0.0,0.0,0.3333333333333333,0,0,0,0.0,0,0,0.1188118811881188,0.0,0.019801980198019802,0.009900990099009901,4,0,6
javascript,javascript_785,0,0,0,0,0,0,0,0,0,0,0,0,0,0,0,0,0,0,0,0,0,2,0,0,0,0,0,0,0,0,0,0,0,0,2,0,0,0,0,0,0,0,0.0,0.0,0.017391304347826087,0.0,0.008695652173913044,0.0,0.02608695652173913,0.0,0.0,0.008695652173913044,0.008695652173913044,0.017391304347826087,0.0,0.0,0.0,28.0,36,0.0,0.0,0.0,1,0,0,0.0,0,0,0.09565217391304348,0.034782608695652174,0.0,0.008695652173913044,2,0,4
javascript,javascript_788,0,0,0,0,0,0,0,0,0,0,0,1,0,0,0,0,0,0,0,0,0,0,0,0,0,0,0,0,0,0,1,0,0,0,2,0,0,0,0,0,0,0,0.018867924528301886,0.018867924528301886,0.009433962264150943,0.0,0.0,0.0,0.0,0.0,0.0,0.009433962264150943,0.0,0.009433962264150943,0.0,0.0,0.0,14.285714285714286,27,0.0,0.0,0.42857142857142855,0,0,0,0.0,0,0,0.10377358490566038,0.0,0.009433962264150943,0.0,5,0,7
javascript,javascript_807,0,0,0,0,0,0,0,0,0,0,0,0,1,0,0,0,0,0,0,0,0,2,0,0,0,0,0,0,0,0,1,0,0,0,2,0,0,0,0,0,0,0,0.006622516556291391,0.006622516556291391,0.019867549668874173,0.0,0.0,0.0,0.013245033112582781,0.0,0.0,0.019867549668874173,0.0,0.0,0.0,0.013245033112582781,0.0,20.714285714285715,46,0.0,0.0,0.2857142857142857,0,0,0,0.0,0,0,0.11258278145695365,0.013245033112582781,0.006622516556291391,0.006622516556291391,5,0,7
javascript,javascript_816,0,0,0,0,0,0,0,0,0,0,0,0,1,0,0,0,0,0,0,0,0,1,0,0,0,0,0,0,0,0,1,0,0,0,2,0,0,0,0,0,0,0,0.006711409395973154,0.006711409395973154,0.013422818791946308,0.0,0.0,0.0,0.006711409395973154,0.0,0.0,0.020134228187919462,0.0,0.0,0.0,0.013422818791946308,0.0,24.0,46,0.0,0.0,0.3333333333333333,0,0,0,0.0,0,0,0.10738255033557047,0.0,0.006711409395973154,0.006711409395973154,4,0,6
javascript,javascript_821,0,0,0,0,0,0,0,0,0,0,0,0,1,0,0,0,0,0,0,0,0,1,0,0,0,0,0,0,0,0,1,0,0,0,1,0,0,0,0,0,0,0,0.0070921985815602835,0.0070921985815602835,0.02127659574468085,0.0,0.0070921985815602835,0.0,0.014184397163120567,0.0,0.0,0.028368794326241134,0.0,0.02127659574468085,0.0,0.014184397163120567,0.0,22.666666666666668,53,0.0,0.0,0.3333333333333333,1,0,0,0.0,0,0,0.11347517730496454,0.0070921985815602835,0.014184397163120567,0.014184397163120567,5,0,6
javascript,javascript_827,0,0,0,0,0,0,0,0,0,0,0,0,0,0,0,0,0,0,0,0,0,2,1,0,0,0,0,0,0,0,0,0,0,0,1,0,0,0,0,0,0,0,0.018018018018018018,0.018018018018018018,0.02702702702702703,0.0,0.0,0.018018018018018018,0.02702702702702703,0.0,0.0,0.0,0.0,0.018018018018018018,0.0,0.036036036036036036,0.0,27.0,38,0.0,0.0,0.0,0,0,0,0.0,0,0,0.08108108108108109,0.018018018018018018,0.009009009009009009,0.0,3,0,4
javascript,javascript_828,0,0,0,0,0,0,0,0,0,0,0,0,1,0,0,0,0,0,0,0,0,0,0,0,0,0,0,0,0,0,1,0,0,0,1,0,0,0,0,0,0,0,0.009433962264150943,0.009433962264150943,0.02830188679245283,0.0,0.0,0.0,0.0,0.0,0.0,0.02830188679245283,0.0,0.009433962264150943,0.0,0.03773584905660377,0.0,16.833333333333332,33,0.0,0.0,0.3333333333333333,0,0,0,0.0,0,0,0.12264150943396226,0.0,0.018867924528301886,0.018867924528301886,5,0,6
javascript,javascript_832,0,0,0,0,0,0,0,0,0,0,0,0,0,0,0,0,0,0,0,0,0,2,0,0,0,0,0,0,0,0,0,0,0,0,2,0,0,0,0,0,0,0,0.017543859649122806,0.017543859649122806,0.02631578947368421,0.0,0.0,0.017543859649122806,0.017543859649122806,0.0,0.0,0.008771929824561403,0.0,0.017543859649122806,0.0,0.03508771929824561,0.0,22.0,38,0.0,0.0,0.0,0,0,0,0.0,0,0,0.11403508771929824,0.017543859649122806,0.008771929824561403,0.008771929824561403,3,0,5
javascript,javascript_835,0,0,0,0,0,0,0,0,0,0,0,0,1,0,0,0,0,0,0,0,0,2,0,0,0,0,0,0,0,0,1,0,0,0,2,0,0,0,0,0,0,0,0.006134969325153374,0.006134969325153374,0.018404907975460124,0.0,0.0,0.0,0.012269938650306749,0.0,0.0,0.018404907975460124,0.0,0.0,0.0,0.012269938650306749,0.0,22.428571428571427,46,0.0,0.0,0.2857142857142857,0,0,0,0.0,0,0,0.10429447852760736,0.012269938650306749,0.006134969325153374,0.006134969325153374,5,0,7
javascript,javascript_837,0,0,0,0,0,0,0,0,0,0,0,0,1,0,0,0,0,0,0,0,0,0,0,0,0,0,0,0,0,0,1,0,0,0,2,0,0,0,0,0,0,0,0.008333333333333333,0.008333333333333333,0.025,0.0,0.0,0.0,0.0,0.0,0.0,0.025,0.0,0.008333333333333333,0.0,0.03333333333333333,0.0,16.285714285714285,33,0.0,0.0,0.2857142857142857,0,0,0,0.0,0,0,0.125,0.0,0.016666666666666666,0.016666666666666666,5,0,7
javascript,javascript_839,0,0,0,0,0,0,0,0,0,0,0,0,1,0,0,0,0,0,0,0,0,2,0,0,0,0,0,0,0,0,1,0,0,0,2,0,0,0,0,0,0,0,0.006134969325153374,0.006134969325153374,0.018404907975460124,0.0,0.0,0.0,0.012269938650306749,0.0,0.0,0.018404907975460124,0.0,0.0,0.0,0.012269938650306749,0.0,22.428571428571427,46,0.0,0.0,0.2857142857142857,0,0,0,0.0,0,0,0.10429447852760736,0.012269938650306749,0.006134969325153374,0.006134969325153374,5,0,7
javascript,javascript_841,0,0,0,0,0,0,0,0,0,0,0,1,0,0,0,0,0,0,0,0,0,0,1,0,0,0,0,0,0,0,1,0,0,0,2,0,0,0,0,0,0,0,0.017241379310344827,0.017241379310344827,0.017241379310344827,0.0,0.0,0.0,0.008620689655172414,0.0,0.0,0.008620689655172414,0.0,0.008620689655172414,0.0,0.017241379310344827,0.0,13.625,21,0.0,0.0,0.375,0,0,0,0.0,0,0,0.10344827586206896,0.0,0.008620689655172414,0.0,6,0,8
javascript,javascript_844,0,0,0,0,0,0,0,0,0,0,0,0,0,0,0,0,0,0,0,0,1,2,0,0,0,0,0,0,0,0,0,0,0,0,1,0,0,0,0,0,0,0,0.019417475728155338,0.019417475728155338,0.02912621359223301,0.0,0.0,0.019417475728155338,0.02912621359223301,0.0,0.0,0.0,0.0,0.019417475728155338,0.0,0.019417475728155338,0.0,25.0,38,0.0,0.0,0.0,0,0,0,0.0,0,0,0.08737864077669903,0.019417475728155338,0.009708737864077669,0.009708737864077669,3,0,4
javascript,javascript_847,0,0,0,0,0,0,0,0,0,0,0,0,0,0,0,0,0,0,0,0,0,2,1,0,0,0,0,0,0,0,0,0,0,0,1,0,0,0,0,0,0,0,0.0,0.0,0.031578947368421054,0.0,0.010526315789473684,0.0,0.042105263157894736,0.0,0.0,0.010526315789473684,0.010526315789473684,0.021052631578947368,0.0,0.021052631578947368,0.0,23.0,36,0.0,0.0,0.0,1,0,0,0.0,0,0,0.10526315789473684,0.042105263157894736,0.0,0.010526315789473684,3,0,4
javascript,javascript_860,0,0,0,0,0,0,0,0,0,0,0,1,0,0,0,0,0,0,0,0,0,1,0,0,0,0,0,0,0,0,1,0,0,0,1,0,0,0,0,0,0,0,0.0136986301369863,0.0136986301369863,0.0136986301369863,0.0,0.00684931506849315,0.0,0.0136986301369863,0.0,0.0,0.02054794520547945,0.0,0.02054794520547945,0.0,0.0,0.0,20.0,53,0.0,0.0,0.42857142857142855,1,0,0,0.0,0,0,0.10273972602739725,0.00684931506849315,0.00684931506849315,0.00684931506849315,6,0,7
javascript,javascript_876,0,0,0,0,0,0,0,0,0,0,0,0,1,0,0,0,0,0,0,0,0,0,0,0,0,0,0,0,0,0,1,0,0,0,2,0,0,0,0,0,0,0,0.006756756756756757,0.006756756756756757,0.02027027027027027,0.0,0.0,0.0,0.0,0.0,0.0,0.02027027027027027,0.0,0.006756756756756757,0.0,0.02702702702702703,0.0,20.285714285714285,33,0.0,0.0,0.2857142857142857,0,0,0,0.0,0,0,0.10135135135135136,0.0,0.013513513513513514,0.013513513513513514,5,0,7
javascript,javascript_888,0,0,0,0,0,0,0,0,0,0,0,0,0,0,0,0,0,0,0,0,0,2,0,0,0,0,0,0,0,0,0,0,0,0,1,0,0,0,0,0,0,0,0.0,0.0,0.03125,0.0,0.010416666666666666,0.0,0.03125,0.0,0.0,0.020833333333333332,0.010416666666666666,0.020833333333333332,0.0,0.020833333333333332,0.0,23.25,36,0.0,0.0,0.0,1,0,0,0.0,0,0,0.125,0.041666666666666664,0.0,0.020833333333333332,3,0,4
javascript,javascript_890,0,0,0,0,0,0,0,0,0,0,0,1,0,0,0,0,0,0,0,0,0,1,0,0,0,0,0,0,0,0,1,0,0,0,2,0,0,0,0,0,0,0,0.0125,0.0125,0.0125,0.0,0.00625,0.0,0.0125,0.0,0.0,0.01875,0.0,0.01875,0.0,0.0,0.0,19.125,53,0.0,0.0,0.375,1,0,0,0.0,0,0,0.10625,0.00625,0.00625,0.00625,6,0,8
javascript,javascript_891,0,0,0,0,0,0,0,0,0,0,0,0,1,0,0,0,0,0,0,0,0,1,0,0,0,0,0,0,0,0,1,0,0,0,2,0,0,0,0,0,0,0,0.005952380952380952,0.005952380952380952,0.017857142857142856,0.0,0.0,0.0,0.005952380952380952,0.0,0.0,0.023809523809523808,0.0,0.0,0.0,0.023809523809523808,0.0,23.142857142857142,46,0.0,0.0,0.2857142857142857,0,0,0,0.0,0,0,0.1130952380952381,0.0,0.005952380952380952,0.011904761904761904,5,0,7
javascript,javascript_911,0,0,0,0,0,0,0,0,0,0,0,1,0,0,0,0,0,0,0,0,0,1,0,0,0,0,0,0,0,0,1,0,0,0,2,0,0,0,0,0,0,0,0.014705882352941176,0.014705882352941176,0.014705882352941176,0.0,0.0,0.0,0.007352941176470588,0.0,0.0,0.007352941176470588,0.0,0.007352941176470588,0.0,0.0,0.0,16.125,27,0.0,0.0,0.375,0,0,0,0.0,0,0,0.08823529411764706,0.014705882352941176,0.007352941176470588,0.0,6,0,8
javascript,javascript_916,0,0,0,0,0,0,0,0,0,0,0,0,1,0,0,0,0,0,0,0,0,1,0,0,0,0,0,0,0,0,1,0,0,0,2,0,0,0,0,0,0,0,0.0058823529411764705,0.0058823529411764705,0.01764705882352941,0.0,0.0,0.0,0.0058823529411764705,0.0,0.0,0.023529411764705882,0.0,0.0,0.0,0.023529411764705882,0.0,23.428571428571427,46,0.0,0.0,0.2857142857142857,0,0,0,0.0,0,0,0.11176470588235295,0.0,0.0058823529411764705,0.011764705882352941,5,0,7
javascript,javascript_918,0,0,0,0,0,0,0,0,0,0,0,0,1,0,0,0,0,0,0,0,0,1,0,0,0,0,0,0,0,0,1,0,0,0,1,0,0,0,0,0,0,0,0.007194244604316547,0.007194244604316547,0.02158273381294964,0.0,0.007194244604316547,0.0,0.014388489208633094,0.0,0.0,0.02877697841726619,0.0,0.02158273381294964,0.0,0.014388489208633094,0.0,22.333333333333332,53,0.0,0.0,0.3333333333333333,1,0,0,0.0,0,0,0.11510791366906475,0.007194244604316547,0.014388489208633094,0.014388489208633094,5,0,6
javascript,javascript_932,0,0,0,0,0,0,0,0,0,0,0,0,1,0,0,0,0,0,0,0,0,1,1,0,0,0,0,0,0,0,1,0,0,0,1,0,0,0,0,0,0,0,0.007194244604316547,0.007194244604316547,0.02158273381294964,0.0,0.0,0.0,0.014388489208633094,0.0,0.0,0.02158273381294964,0.0,0.0,0.0,0.02877697841726619,0.0,22.333333333333332,46,0.0,0.0,0.3333333333333333,0,0,0,0.0,0,0,0.1079136690647482,0.0,0.007194244604316547,0.007194244604316547,5,0,6
javascript,javascript_936,0,0,0,0,0,0,0,0,0,0,0,0,0,0,0,0,0,0,0,0,0,3,0,0,0,0,0,0,0,0,0,0,0,0,1,0,0,0,0,0,0,0,0.0,0.0,0.02127659574468085,0.0,0.014184397163120567,0.0,0.03546099290780142,0.0,0.0,0.02127659574468085,0.0070921985815602835,0.028368794326241134,0.0,0.0,0.0,34.5,53,0.0,0.0,0.0,2,0,0,0.0,0,0,0.10638297872340426,0.03546099290780142,0.0,0.014184397163120567,3,0,4
javascript,javascript_947,0,0,0,0,0,0,0,0,0,0,0,0,0,0,0,0,0,0,0,0,0,3,0,0,0,0,0,0,0,0,0,0,0,0,1,0,0,0,0,0,0,0,0.021505376344086023,0.021505376344086023,0.03225806451612903,0.0,0.0,0.021505376344086023,0.03225806451612903,0.0,0.0,0.0,0.0,0.021505376344086023,0.0,0.021505376344086023,0.0,22.5,38,0.0,0.0,0.0,0,0,0,0.0,0,0,0.0967741935483871,0.043010752688172046,0.010752688172043012,0.0,3,0,4
javascript,javascript_957,0,0,0,0,0,0,0,0,0,0,0,0,1,0,0,0,0,0,0,0,0,0,0,0,0,0,0,0,0,0,1,0,0,0,1,0,0,0,0,0,0,0,0.009433962264150943,0.009433962264150943,0.02830188679245283,0.0,0.0,0.0,0.0,0.0,0.0,0.02830188679245283,0.0,0.009433962264150943,0.0,0.03773584905660377,0.0,16.833333333333332,33,0.0,0.0,0.3333333333333333,0,0,0,0.0,0,0,0.12264150943396226,0.0,0.018867924528301886,0.018867924528301886,5,0,6
javascript,javascript_971,0,0,0,0,0,0,0,0,0,0,0,0,1,0,0,0,0,0,0,0,0,1,0,0,0,0,0,0,0,0,1,0,0,0,2,0,0,0,0,0,0,0,0.0058823529411764705,0.0058823529411764705,0.01764705882352941,0.0,0.0,0.0,0.0058823529411764705,0.0,0.0,0.023529411764705882,0.0,0.0,0.0,0.023529411764705882,0.0,23.428571428571427,46,0.0,0.0,0.2857142857142857,0,0,0,0.0,0,0,0.11176470588235295,0.0,0.0058823529411764705,0.011764705882352941,5,0,7
typescript,typescript_0,0,0,0,0,0,0,0,0,0,1,0,0,0,0,0,0,0,0,0,0,0,0,0,0,0,0,0,0,0,0,0,0,0,0,0,1,0,0,0,0,0,0,0.0,0.0,0.0,0.0,0.0,0.0,0.0,0.0,0.0,0.022222222222222223,0.0,0.0,0.0,0.044444444444444446,0.0,22.0,25,0.0,0.0,0.0,0,0,0,0.0,0,0,0.044444444444444446,0.0,0.0,0.0,0,0,2
typescript,typescript_1,0,0,0,0,0,0,0,0,0,1,0,0,0,0,0,0,0,0,0,0,0,0,0,0,0,0,0,0,0,0,0,0,0,0,0,2,0,0,0,0,0,0,0.0,0.0,0.0,0.0,0.0,0.0,0.0,0.0,0.0,0.01694915254237288,0.0,0.0,0.0,0.03389830508474576,0.0,19.0,25,0.0,0.0,0.0,0,0,0,0.0,0,0,0.03389830508474576,0.0,0.0,0.0,0,0,3
typescript,typescript_2,0,0,0,0,0,0,0,0,0,1,0,0,0,0,0,0,0,0,0,0,0,0,0,0,0,0,0,0,0,0,0,0,0,0,0,3,0,0,0,0,0,0,0.0,0.0,0.0,0.0,0.0,0.0,0.0,0.0,0.0,0.0136986301369863,0.0,0.0,0.0,0.0273972602739726,0.0,17.5,25,0.0,0.0,0.0,0,0,0,0.0,0,0,0.0273972602739726,0.0,0.0,0.0,0,0,4
typescript,typescript_3,0,0,0,0,0,0,0,0,0,1,0,0,0,0,0,0,0,0,0,0,0,1,0,0,0,0,0,0,0,0,0,0,0,0,0,1,0,0,0,0,0,0,0.0,0.0,0.01639344262295082,0.0,0.0,0.0,0.01639344262295082,0.0,0.0,0.01639344262295082,0.0,0.0,0.0,0.03278688524590164,0.0,19.666666666666668,25,0.0,0.0,0.0,0,0,0,0.0,0,0,0.04918032786885246,0.03278688524590164,0.0,0.0,1,0,3
typescript,typescript_4,0,0,0,0,0,0,0,0,0,1,0,0,0,0,0,0,0,0,0,0,0,0,0,0,0,0,0,0,0,0,0,0,0,0,0,2,0,0,0,0,0,0,0.0,0.0,0.0125,0.0,0.0,0.0,0.0,0.0,0.0,0.025,0.0,0.0,0.0,0.05,0.0,19.25,25,0.0,0.0,0.0,0,0,0,0.0,0,0,0.0625,0.0,0.0,0.0125,1,0,4
typescript,typescript_11,0,0,0,0,0,0,0,0,0,1,0,0,0,0,0,0,0,0,0,0,1,0,0,0,0,0,0,0,0,0,0,0,0,0,0,2,0,0,0,0,0,0,0.0,0.0,0.011764705882352941,0.0,0.0,0.0,0.011764705882352941,0.0,0.0,0.011764705882352941,0.0,0.0,0.0,0.023529411764705882,0.0,20.5,25,0.0,0.0,0.0,0,0,0,0.0,0,0,0.03529411764705882,0.0,0.0,0.011764705882352941,1,0,4
typescript,typescript_12,0,0,0,0,0,0,0,0,0,1,0,0,0,0,0,0,0,0,0,0,0,0,0,0,0,0,0,0,0,0,0,0,0,0,0,2,0,0,0,0,0,0,0.0,0.0,0.0125,0.0,0.0,0.0,0.0,0.0,0.0,0.025,0.0,0.0,0.0,0.05,0.0,19.25,25,0.0,0.0,0.0,0,0,0,0.0,0,0,0.0625,0.0,0.0,0.0125,1,0,4
typescript,typescript_13,0,0,0,0,0,0,0,0,0,1,0,0,0,0,0,0,0,0,0,0,0,0,1,0,0,0,0,0,0,0,0,0,0,0,0,2,0,0,0,0,0,0,0.0,0.0,0.012658227848101266,0.0,0.0,0.0,0.012658227848101266,0.0,0.0,0.012658227848101266,0.0,0.0,0.0,0.05063291139240506,0.0,19.0,25,0.0,0.0,0.0,0,0,0,0.0,0,0,0.0379746835443038,0.0,0.0,0.0,1,0,4
typescript,typescript_24,0,0,0,0,0,0,0,0,0,1,0,0,0,0,0,0,0,0,0,0,1,0,0,0,0,0,0,0,0,0,0,0,0,0,0,1,0,0,0,0,0,0,0.0,0.0,0.014084507042253521,0.0,0.0,0.0,0.014084507042253521,0.0,0.0,0.014084507042253521,0.0,0.0,0.0,0.028169014084507043,0.0,23.0,25,0.0,0.0,0.0,0,0,0,0.0,0,0,0.04225352112676056,0.0,0.0,0.014084507042253521,1,0,3
typescript,typescript_26,0,0,0,0,0,0,0,0,0,1,0,0,0,0,0,0,0,0,0,0,0,1,0,0,0,0,0,0,0,0,0,0,0,0,0,2,0,0,0,0,0,0,0.0,0.0,0.013333333333333334,0.0,0.0,0.0,0.013333333333333334,0.0,0.0,0.013333333333333334,0.0,0.0,0.0,0.02666666666666667,0.0,18.0,25,0.0,0.0,0.0,0,0,0,0.0,0,0,0.04,0.02666666666666667,0.0,0.0,1,0,4
typescript,typescript_28,0,0,0,0,0,0,0,0,0,1,0,0,0,0,0,0,0,0,0,0,0,0,1,0,0,0,0,0,0,0,0,0,0,0,0,1,0,0,0,0,0,0,0.0,0.0,0.015384615384615385,0.0,0.0,0.0,0.015384615384615385,0.0,0.0,0.015384615384615385,0.0,0.0,0.0,0.06153846153846154,0.0,21.0,25,0.0,0.0,0.0,0,0,0,0.0,0,0,0.046153846153846156,0.0,0.0,0.0,1,0,3
typescript,typescript_29,0,0,0,0,0,0,0,0,0,1,0,0,0,0,0,0,0,0,0,0,0,0,1,0,0,0,0,0,0,0,0,0,0,0,0,3,0,0,0,0,0,0,0.0,0.0,0.010752688172043012,0.0,0.0,0.0,0.010752688172043012,0.0,0.0,0.010752688172043012,0.0,0.0,0.0,0.043010752688172046,0.0,17.8,25,0.0,0.0,0.0,0,0,0,0.0,0,0,0.03225806451612903,0.0,0.0,0.0,1,0,5
typescript,typescript_42,0,0,0,0,0,0,0,0,0,1,0,0,0,0,0,0,0,0,0,0,0,1,0,0,0,0,0,0,0,0,0,0,0,0,0,2,0,0,0,0,0,0,0.0,0.0,0.008849557522123894,0.0,0.008849557522123894,0.0,0.017699115044247787,0.0,0.0,0.02654867256637168,0.0,0.017699115044247787,0.0,0.017699115044247787,0.0,27.5,53,0.0,0.0,0.0,1,0,0,0.0,0,0,0.07079646017699115,0.008849557522123894,0.0,0.008849557522123894,1,0,4
typescript,typescript_44,0,0,0,0,0,0,0,0,0,1,0,0,0,0,0,0,0,0,0,0,0,0,0,0,0,0,0,0,0,0,0,0,0,0,0,1,0,0,0,0,0,0,0.0,0.0,0.015151515151515152,0.0,0.0,0.0,0.0,0.0,0.0,0.030303030303030304,0.0,0.0,0.0,0.06060606060606061,0.0,21.333333333333332,25,0.0,0.0,0.0,0,0,0,0.0,0,0,0.07575757575757576,0.0,0.0,0.015151515151515152,1,0,3
typescript,typescript_53,0,0,0,0,0,0,0,0,0,1,0,0,0,0,0,0,0,0,0,0,0,0,0,0,0,0,0,0,0,0,0,0,0,0,0,3,0,0,0,0,0,0,0.0,0.0,0.010638297872340425,0.0,0.0,0.0,0.0,0.0,0.0,0.02127659574468085,0.0,0.0,0.0,0.0425531914893617,0.0,18.0,25,0.0,0.0,0.0,0,0,0,0.0,0,0,0.05319148936170213,0.0,0.0,0.010638297872340425,1,0,5
typescript,typescript_67,0,0,0,0,0,0,0,0,0,1,0,0,0,0,0,0,0,0,0,0,0,1,0,0,0,0,0,0,0,0,0,0,0,0,0,2,0,0,0,0,0,0,0.0,0.0,0.013333333333333334,0.0,0.0,0.0,0.013333333333333334,0.0,0.0,0.013333333333333334,0.0,0.0,0.0,0.02666666666666667,0.0,18.0,25,0.0,0.0,0.0,0,0,0,0.0,0,0,0.04,0.02666666666666667,0.0,0.0,1,0,4
typescript,typescript_68,0,0,0,0,0,0,0,0,0,1,0,0,0,0,0,0,0,0,0,0,0,1,0,0,0,0,0,0,0,0,0,0,0,0,0,2,0,0,0,0,0,0,0.0,0.0,0.008849557522123894,0.0,0.008849557522123894,0.0,0.017699115044247787,0.0,0.0,0.02654867256637168,0.0,0.017699115044247787,0.0,0.017699115044247787,0.0,27.5,53,0.0,0.0,0.0,1,0,0,0.0,0,0,0.07079646017699115,0.008849557522123894,0.0,0.008849557522123894,1,0,4
typescript,typescript_76,0,0,0,0,0,0,0,0,0,1,0,0,0,0,0,0,0,0,0,0,0,0,1,0,0,0,0,0,0,0,0,0,0,0,0,2,0,0,0,0,0,0,0.0,0.0,0.012658227848101266,0.0,0.0,0.0,0.012658227848101266,0.0,0.0,0.012658227848101266,0.0,0.0,0.0,0.05063291139240506,0.0,19.0,25,0.0,0.0,0.0,0,0,0,0.0,0,0,0.0379746835443038,0.0,0.0,0.0,1,0,4
typescript,typescript_83,0,0,0,0,0,0,0,0,0,1,0,0,0,0,0,0,0,0,0,0,0,1,0,0,0,0,0,0,0,0,0,0,0,0,0,3,0,0,0,0,0,0,0.0,0.0,0.011235955056179775,0.0,0.0,0.0,0.011235955056179775,0.0,0.0,0.011235955056179775,0.0,0.0,0.0,0.02247191011235955,0.0,17.0,25,0.0,0.0,0.0,0,0,0,0.0,0,0,0.033707865168539325,0.02247191011235955,0.0,0.0,1,0,5
typescript,typescript_92,0,0,0,0,0,0,0,0,0,1,0,0,0,0,0,0,0,0,0,0,1,0,0,0,0,0,0,0,0,0,0,0,0,0,0,3,0,0,0,0,0,0,0.0,0.0,0.010101010101010102,0.0,0.0,0.0,0.010101010101010102,0.0,0.0,0.010101010101010102,0.0,0.0,0.0,0.020202020202020204,0.0,19.0,25,0.0,0.0,0.0,0,0,0,0.0,0,0,0.030303030303030304,0.0,0.0,0.010101010101010102,1,0,5
typescript,typescript_104,0,0,0,0,0,0,0,0,0,1,0,0,0,0,0,0,0,0,0,0,1,0,0,0,0,0,0,0,0,0,0,0,0,0,0,2,0,0,0,0,0,0,0.0,0.0,0.011764705882352941,0.0,0.0,0.0,0.011764705882352941,0.0,0.0,0.011764705882352941,0.0,0.0,0.0,0.023529411764705882,0.0,20.5,25,0.0,0.0,0.0,0,0,0,0.0,0,0,0.03529411764705882,0.0,0.0,0.011764705882352941,1,0,4
typescript,typescript_215,0,0,0,0,0,0,0,0,0,1,0,0,0,0,0,0,0,0,0,0,0,1,0,0,0,0,0,0,0,0,0,0,0,0,0,3,0,0,0,0,0,0,0.0,0.0,0.007874015748031496,0.0,0.007874015748031496,0.0,0.015748031496062992,0.0,0.0,0.023622047244094488,0.0,0.015748031496062992,0.0,0.015748031496062992,0.0,24.6,53,0.0,0.0,0.0,1,0,0,0.0,0,0,0.06299212598425197,0.007874015748031496,0.0,0.007874015748031496,1,0,5
typescript,typescript_220,0,0,0,0,0,0,0,0,0,1,0,0,0,0,0,0,0,0,0,0,0,1,0,0,0,0,0,0,0,0,0,0,0,0,0,1,0,0,0,0,0,0,0.0,0.0,0.010101010101010102,0.0,0.010101010101010102,0.0,0.020202020202020204,0.0,0.0,0.030303030303030304,0.0,0.020202020202020204,0.0,0.020202020202020204,0.0,32.333333333333336,53,0.0,0.0,0.0,1,0,0,0.0,0,0,0.08080808080808081,0.010101010101010102,0.0,0.010101010101010102,1,0,3
csharp,csharp_0,0,0,0,0,0,0,0,0,0,1,0,0,0,0,0,0,0,0,0,0,0,0,0,0,0,0,0,0,0,0,0,0,0,0,0,1,0,0,0,0,0,0,0.0,0.0,0.0,0.0,0.0,0.0,0.0,0.0,0.0,0.02702702702702703,0.0,0.0,0.0,0.05405405405405406,0.0,18.0,21,0.0,0.0,0.0,0,0,0,0.0,0,0,0.05405405405405406,0.0,0.0,0.0,0,0,2
csharp,csharp_1,0,0,0,0,0,0,0,0,0,1,0,0,0,0,0,0,0,0,0,0,0,0,0,0,0,0,0,0,0,0,0,0,0,0,0,2,0,0,0,0,0,0,0.0,0.0,0.0,0.0,0.0,0.0,0.0,0.0,0.0,0.0196078431372549,0.0,0.0,0.0,0.0392156862745098,0.0,16.333333333333332,21,0.0,0.0,0.0,0,0,0,0.0,0,0,0.0392156862745098,0.0,0.0,0.0,0,0,3
csharp,csharp_3,0,0,0,0,0,0,0,0,0,1,0,0,0,0,0,0,0,0,0,0,0,0,0,0,0,0,0,0,0,0,0,0,0,0,0,3,0,0,0,0,0,0,0.0,0.0,0.0,0.0,0.0,0.0,0.0,0.0,0.0,0.015384615384615385,0.0,0.0,0.0,0.03076923076923077,0.0,15.5,21,0.0,0.0,0.0,0,0,0,0.0,0,0,0.03076923076923077,0.0,0.0,0.0,0,0,4
csharp,csharp_20,0,0,0,0,0,0,0,0,0,1,0,0,0,0,0,0,0,0,0,0,0,0,0,0,0,0,0,0,0,0,0,0,0,0,0,2,0,0,0,0,0,0,0.0,0.0,0.0,0.0,0.0,0.0,0.0,0.0,0.0,0.019230769230769232,0.0,0.0,0.0,0.038461538461538464,0.0,12.25,21,0.25,0.0,0.0,0,0,0,0.0,0,0,0.038461538461538464,0.0,0.0,0.0,0,0,4
csharp,csharp_81,0,0,0,0,0,0,0,0,0,1,0,0,0,0,0,0,0,0,0,0,0,0,0,0,0,0,0,0,0,0,0,0,0,0,0,3,0,0,0,0,0,0,0.0,0.0,0.0,0.0,0.0,0.0,0.0,0.0,0.0,0.015151515151515152,0.0,0.0,0.0,0.030303030303030304,0.0,12.4,21,0.2,0.0,0.0,0,0,0,0.0,0,0,0.030303030303030304,0.0,0.0,0.0,0,0,5
cpp,cpp_0,0,0,0,0,0,0,0,0,0,1,0,0,0,0,0,0,0,0,0,0,0,0,0,0,0,0,0,0,0,0,0,0,0,0,0,1,0,0,0,0,0,0,0.0,0.0,0.0,0.0,0.0,0.0,0.0,0.0,0.0,0.03225806451612903,0.0,0.0,0.0,0.06451612903225806,0.0,15.0,18,0.0,0.0,0.0,0,0,0,0.0,0,0,0.06451612903225806,0.0,0.0,0.0,0,0,2
cpp,cpp_1,0,0,0,0,0,0,0,0,0,1,0,0,0,0,0,0,0,0,0,0,0,0,0,0,0,0,0,0,0,0,0,0,0,0,0,2,0,0,0,0,0,0,0.0,0.0,0.0,0.0,0.0,0.0,0.0,0.0,0.0,0.022222222222222223,0.0,0.0,0.0,0.044444444444444446,0.0,14.333333333333334,18,0.0,0.0,0.0,0,0,0,0.0,0,0,0.044444444444444446,0.0,0.0,0.0,0,0,3
cpp,cpp_2,0,0,0,0,0,0,0,0,0,1,0,0,0,0,0,0,0,0,0,0,0,0,0,0,0,0,0,0,0,0,0,0,0,0,0,3,0,0,0,0,0,0,0.0,0.0,0.0,0.0,0.0,0.0,0.0,0.0,0.0,0.016666666666666666,0.0,0.0,0.0,0.03333333333333333,0.0,11.2,18,0.2,0.0,0.0,0,0,0,0.0,0,0,0.03333333333333333,0.0,0.0,0.0,0,0,5
cpp,cpp_19,0,0,0,0,0,0,0,0,0,1,0,0,0,0,0,0,0,0,0,0,0,0,0,0,0,0,0,0,0,0,0,0,0,0,0,3,0,0,0,0,0,0,0.0,0.0,0.0,0.0,0.0,0.0,0.0,0.0,0.0,0.01694915254237288,0.0,0.0,0.0,0.03389830508474576,0.0,14.0,18,0.0,0.0,0.0,0,0,0,0.0,0,0,0.03389830508474576,0.0,0.0,0.0,0,0,4
cpp,cpp_103,0,0,0,0,0,0,0,0,0,1,0,0,0,0,0,0,0,0,0,0,0,0,0,0,0,0,0,0,0,0,0,0,0,0,0,2,0,0,0,0,0,0,0.0,0.0,0.0,0.0,0.0,0.0,0.0,0.0,0.0,0.021739130434782608,0.0,0.0,0.0,0.043478260869565216,0.0,10.75,18,0.25,0.0,0.0,0,0,0,0.0,0,0,0.043478260869565216,0.0,0.0,0.0,0,0,4
c,c_0,0,0,0,0,0,0,0,0,0,1,0,0,0,0,0,0,0,0,0,0,0,0,0,0,0,0,0,0,0,0,0,0,0,0,0,2,0,0,0,0,0,0,0.0,0.0,0.0,0.0,0.0,0.0,0.0,0.0,0.0,0.024390243902439025,0.0,0.0,0.0,0.04878048780487805,0.0,13.0,16,0.0,0.0,0.0,0,0,0,0.0,0,0,0.04878048780487805,0.0,0.0,0.0,0,0,3
c,c_1,0,0,0,0,0,0,0,0,0,1,0,0,0,0,0,0,0,0,0,0,0,0,0,0,0,0,0,0,0,0,0,0,0,0,0,3,0,0,0,0,0,0,0.0,0.0,0.0,0.0,0.0,0.0,0.0,0.0,0.0,0.017857142857142856,0.0,0.0,0.0,0.03571428571428571,0.0,10.4,16,0.2,0.0,0.0,0,0,0,0.0,0,0,0.03571428571428571,0.0,0.0,0.0,0,0,5
c,c_2,0,0,0,0,0,0,0,0,0,1,0,0,0,0,0,0,0,0,0,0,0,0,0,0,0,0,0,0,0,0,0,0,0,0,0,2,0,0,0,0,0,0,0.0,0.0,0.0,0.0,0.0,0.0,0.0,0.0,0.0,0.023809523809523808,0.0,0.0,0.0,0.047619047619047616,0.0,9.75,16,0.25,0.0,0.0,0,0,0,0.0,0,0,0.047619047619047616,0.0,0.0,0.0,0,0,4
c,c_3,0,0,0,0,0,0,0,0,0,1,0,0,0,0,0,0,0,0,0,0,0,0,0,0,0,0,0,0,0,0,0,0,0,0,0,1,0,0,0,0,0,0,0.0,0.0,0.0,0.0,0.0,0.0,0.0,0.0,0.0,0.037037037037037035,0.0,0.0,0.0,0.07407407407407407,0.0,13.0,16,0.0,0.0,0.0,0,0,0,0.0,0,0,0.07407407407407407,0.0,0.0,0.0,0,0,2
c,c_18,0,0,0,0,0,0,0,0,0,1,0,0,0,0,0,0,0,0,0,0,0,0,0,0,0,0,0,0,0,0,0,0,0,0,0,3,0,0,0,0,0,0,0.0,0.0,0.0,0.0,0.0,0.0,0.0,0.0,0.0,0.01818181818181818,0.0,0.0,0.0,0.03636363636363636,0.0,13.0,16,0.0,0.0,0.0,0,0,0,0.0,0,0,0.03636363636363636,0.0,0.0,0.0,0,0,4
ruby,ruby_0,0,0,0,0,0,0,0,0,0,1,0,0,0,0,0,0,0,0,0,0,0,0,0,0,0,0,0,0,0,0,0,0,0,0,0,1,0,0,0,0,0,0,0.0,0.0,0.0,0.0,0.0,0.0,0.0,0.0,0.0,0.030303030303030304,0.0,0.0,0.0,0.06060606060606061,0.0,16.0,19,0.0,0.0,0.0,0,0,0,0.0,0,0,0.06060606060606061,0.0,0.0,0.0,0,0,2
ruby,ruby_1,0,0,0,0,0,0,0,0,0,1,0,0,0,0,0,0,0,0,0,0,0,0,0,0,0,0,0,0,0,0,0,0,0,0,0,2,0,0,0,0,0,0,0.0,0.0,0.0,0.0,0.0,0.0,0.0,0.0,0.0,0.02127659574468085,0.0,0.0,0.0,0.0425531914893617,0.0,15.0,19,0.0,0.0,0.0,0,0,0,0.0,0,0,0.0425531914893617,0.0,0.0,0.0,0,0,3
ruby,ruby_4,0,0,0,0,0,0,0,0,0,1,0,0,0,0,0,0,0,0,0,0,0,0,0,0,0,0,0,0,0,0,0,0,0,0,0,3,0,0,0,0,0,0,0.0,0.0,0.0,0.0,0.0,0.0,0.0,0.0,0.0,0.016129032258064516,0.0,0.0,0.0,0.03225806451612903,0.0,11.6,19,0.2,0.0,0.0,0,0,0,0.0,0,0,0.03225806451612903,0.0,0.0,0.0,0,0,5
ruby,ruby_8,0,0,0,0,0,0,0,0,0,1,0,0,0,0,0,0,0,0,0,0,0,0,0,0,0,0,0,0,0,0,0,0,0,0,0,3,0,0,0,0,0,0,0.0,0.0,0.0,0.0,0.0,0.0,0.0,0.0,0.0,0.01639344262295082,0.0,0.0,0.0,0.03278688524590164,0.0,14.5,19,0.0,0.0,0.0,0,0,0,0.0,0,0,0.03278688524590164,0.0,0.0,0.0,0,0,4
ruby,ruby_21,0,0,0,0,0,0,0,0,0,1,0,0,0,0,0,0,0,0,0,0,0,0,0,0,0,0,0,0,0,0,0,0,0,0,0,2,0,0,0,0,0,0,0.0,0.0,0.0,0.0,0.0,0.0,0.0,0.0,0.0,0.020833333333333332,0.0,0.0,0.0,0.041666666666666664,0.0,11.25,19,0.25,0.0,0.0,0,0,0,0.0,0,0,0.041666666666666664,0.0,0.0,0.0,0,0,4
php,php_0,0,0,0,0,0,0,0,0,0,1,0,0,0,0,0,0,0,0,0,0,0,0,0,0,0,0,0,0,0,0,0,0,0,0,0,3,0,0,0,0,0,0,0.0,0.0,0.0,0.0,0.0,0.0,0.0,0.0,0.0,0.016666666666666666,0.0,0.0,0.0,0.03333333333333333,0.0,11.2,18,0.2,0.0,0.0,0,0,0,0.0,0,0,0.03333333333333333,0.0,0.0,0.0,0,0,5
php,php_1,0,0,0,0,0,0,0,0,0,1,0,0,0,0,0,0,0,0,0,0,0,0,0,0,0,0,0,0,0,0,0,0,0,0,0,2,0,0,0,0,0,0,0.0,0.0,0.0,0.0,0.0,0.0,0.0,0.0,0.0,0.021739130434782608,0.0,0.0,0.0,0.043478260869565216,0.0,10.75,18,0.25,0.0,0.0,0,0,0,0.0,0,0,0.043478260869565216,0.0,0.0,0.0,0,0,4
php,php_2,0,0,0,0,0,0,0,0,0,1,0,0,0,0,0,0,0,0,0,0,0,0,0,0,0,0,0,0,0,0,0,0,0,0,0,2,0,0,0,0,0,0,0.0,0.0,0.0,0.0,0.0,0.0,0.0,0.0,0.0,0.022222222222222223,0.0,0.0,0.0,0.044444444444444446,0.0,14.333333333333334,18,0.0,0.0,0.0,0,0,0,0.0,0,0,0.044444444444444446,0.0,0.0,0.0,0,0,3
php,php_7,0,0,0,0,0,0,0,0,0,1,0,0,0,0,0,0,0,0,0,0,0,0,0,0,0,0,0,0,0,0,0,0,0,0,0,1,0,0,0,0,0,0,0.0,0.0,0.0,0.0,0.0,0.0,0.0,0.0,0.0,0.03225806451612903,0.0,0.0,0.0,0.06451612903225806,0.0,15.0,18,0.0,0.0,0.0,0,0,0,0.0,0,0,0.06451612903225806,0.0,0.0,0.0,0,0,2
php,php_18,0,0,0,0,0,0,0,0,0,1,0,0,0,0,0,0,0,0,0,0,0,0,0,0,0,0,0,0,0,0,0,0,0,0,0,3,0,0,0,0,0,0,0.0,0.0,0.0,0.0,0.0,0.0,0.0,0.0,0.0,0.01694915254237288,0.0,0.0,0.0,0.03389830508474576,0.0,14.0,18,0.0,0.0,0.0,0,0,0,0.0,0,0,0.03389830508474576,0.0,0.0,0.0,0,0,4
go,go_0,0,0,0,0,0,0,0,0,0,1,0,0,0,0,0,0,0,0,0,0,0,0,0,0,0,0,0,0,0,0,0,0,0,0,0,2,0,0,0,0,0,0,0.0,0.0,0.0,0.0,0.0,0.0,0.0,0.0,0.0,0.023255813953488372,0.0,0.0,0.0,0.046511627906976744,0.0,13.666666666666666,17,0.0,0.0,0.0,0,0,0,0.0,0,0,0.046511627906976744,0.0,0.0,0.0,0,0,3
go,go_1,0,0,0,0,0,0,0,0,0,1,0,0,0,0,0,0,0,0,0,0,0,0,0,0,0,0,0,0,0,0,0,0,0,0,0,1,0,0,0,0,0,0,0.0,0.0,0.0,0.0,0.0,0.0,0.0,0.0,0.0,0.034482758620689655,0.0,0.0,0.0,0.06896551724137931,0.0,14.0,17,0.0,0.0,0.0,0,0,0,0.0,0,0,0.06896551724137931,0.0,0.0,0.0,0,0,2
go,go_2,0,0,0,0,0,0,0,0,0,1,0,0,0,0,0,0,0,0,0,0,0,0,0,0,0,0,0,0,0,0,0,0,0,0,0,3,0,0,0,0,0,0,0.0,0.0,0.0,0.0,0.0,0.0,0.0,0.0,0.0,0.017543859649122806,0.0,0.0,0.0,0.03508771929824561,0.0,13.5,17,0.0,0.0,0.0,0,0,0,0.0,0,0,0.03508771929824561,0.0,0.0,0.0,0,0,4
go,go_4,0,0,0,0,0,0,0,0,0,1,0,0,0,0,0,0,0,0,0,0,0,0,0,0,0,0,0,0,0,0,0,0,0,0,0,3,0,0,0,0,0,0,0.0,0.0,0.0,0.0,0.0,0.0,0.0,0.0,0.0,0.017241379310344827,0.0,0.0,0.0,0.034482758620689655,0.0,10.8,17,0.2,0.0,0.0,0,0,0,0.0,0,0,0.034482758620689655,0.0,0.0,0.0,0,0,5
go,go_32,0,0,0,0,0,0,0,0,0,1,0,0,0,0,0,0,0,0,0,0,0,0,0,0,0,0,0,0,0,0,0,0,0,0,0,2,0,0,0,0,0,0,0.0,0.0,0.0,0.0,0.0,0.0,0.0,0.0,0.0,0.022727272727272728,0.0,0.0,0.0,0.045454545454545456,0.0,10.25,17,0.25,0.0,0.0,0,0,0,0.0,0,0,0.045454545454545456,0.0,0.0,0.0,0,0,4
rust,rust_0,0,0,0,0,0,0,0,0,0,1,0,0,0,0,0,0,0,0,0,0,0,0,0,0,0,0,0,0,0,0,0,0,0,0,0,1,0,0,0,0,0,0,0.0,0.0,0.0,0.0,0.0,0.0,0.0,0.0,0.0,0.030303030303030304,0.0,0.0,0.0,0.06060606060606061,0.0,16.0,19,0.0,0.0,0.0,0,0,0,0.0,0,0,0.06060606060606061,0.0,0.0,0.0,0,0,2
rust,rust_1,0,0,0,0,0,0,0,0,0,1,0,0,0,0,0,0,0,0,0,0,0,0,0,0,0,0,0,0,0,0,0,0,0,0,0,2,0,0,0,0,0,0,0.0,0.0,0.0,0.0,0.0,0.0,0.0,0.0,0.0,0.02127659574468085,0.0,0.0,0.0,0.0425531914893617,0.0,15.0,19,0.0,0.0,0.0,0,0,0,0.0,0,0,0.0425531914893617,0.0,0.0,0.0,0,0,3
rust,rust_7,0,0,0,0,0,0,0,0,0,1,0,0,0,0,0,0,0,0,0,0,0,0,0,0,0,0,0,0,0,0,0,0,0,0,0,2,0,0,0,0,0,0,0.0,0.0,0.0,0.0,0.0,0.0,0.0,0.0,0.0,0.020833333333333332,0.0,0.0,0.0,0.041666666666666664,0.0,11.25,19,0.25,0.0,0.0,0,0,0,0.0,0,0,0.041666666666666664,0.0,0.0,0.0,0,0,4
rust,rust_9,0,0,0,0,0,0,0,0,0,1,0,0,0,0,0,0,0,0,0,0,0,0,0,0,0,0,0,0,0,0,0,0,0,0,0,3,0,0,0,0,0,0,0.0,0.0,0.0,0.0,0.0,0.0,0.0,0.0,0.0,0.01639344262295082,0.0,0.0,0.0,0.03278688524590164,0.0,14.5,19,0.0,0.0,0.0,0,0,0,0.0,0,0,0.03278688524590164,0.0,0.0,0.0,0,0,4
rust,rust_15,0,0,0,0,0,0,0,0,0,1,0,0,0,0,0,0,0,0,0,0,0,0,0,0,0,0,0,0,0,0,0,0,0,0,0,3,0,0,0,0,0,0,0.0,0.0,0.0,0.0,0.0,0.0,0.0,0.0,0.0,0.016129032258064516,0.0,0.0,0.0,0.03225806451612903,0.0,11.6,19,0.2,0.0,0.0,0,0,0,0.0,0,0,0.03225806451612903,0.0,0.0,0.0,0,0,5
kotlin,kotlin_0,0,0,0,0,0,0,0,0,0,1,0,0,0,0,0,0,0,0,0,0,0,0,0,0,0,0,0,0,0,0,0,0,0,0,0,1,0,0,0,0,0,0,0.0,0.0,0.0,0.0,0.0,0.0,0.0,0.0,0.0,0.02702702702702703,0.0,0.0,0.0,0.05405405405405406,0.0,18.0,21,0.0,0.0,0.0,0,0,0,0.0,0,0,0.05405405405405406,0.0,0.0,0.0,0,0,2
kotlin,kotlin_1,0,0,0,0,0,0,0,0,0,1,0,0,0,0,0,0,0,0,0,0,0,0,0,0,0,0,0,0,0,0,0,0,0,0,0,2,0,0,0,0,0,0,0.0,0.0,0.0,0.0,0.0,0.0,0.0,0.0,0.0,0.0196078431372549,0.0,0.0,0.0,0.0392156862745098,0.0,16.333333333333332,21,0.0,0.0,0.0,0,0,0,0.0,0,0,0.0392156862745098,0.0,0.0,0.0,0,0,3
kotlin,kotlin_10,0,0,0,0,0,0,0,0,0,1,0,0,0,0,0,0,0,0,0,0,0,0,0,0,0,0,0,0,0,0,0,0,0,0,0,3,0,0,0,0,0,0,0.0,0.0,0.0,0.0,0.0,0.0,0.0,0.0,0.0,0.015384615384615385,0.0,0.0,0.0,0.03076923076923077,0.0,15.5,21,0.0,0.0,0.0,0,0,0,0.0,0,0,0.03076923076923077,0.0,0.0,0.0,0,0,4
kotlin,kotlin_11,0,0,0,0,0,0,0,0,0,1,0,0,0,0,0,0,0,0,0,0,0,0,0,0,0,0,0,0,0,0,0,0,0,0,0,2,0,0,0,0,0,0,0.0,0.0,0.0,0.0,0.0,0.0,0.0,0.0,0.0,0.019230769230769232,0.0,0.0,0.0,0.038461538461538464,0.0,12.25,21,0.25,0.0,0.0,0,0,0,0.0,0,0,0.038461538461538464,0.0,0.0,0.0,0,0,4
kotlin,kotlin_31,0,0,0,0,0,0,0,0,0,1,0,0,0,0,0,0,0,0,0,0,0,0,0,0,0,0,0,0,0,0,0,0,0,0,0,3,0,0,0,0,0,0,0.0,0.0,0.0,0.0,0.0,0.0,0.0,0.0,0.0,0.015151515151515152,0.0,0.0,0.0,0.030303030303030304,0.0,12.4,21,0.2,0.0,0.0,0,0,0,0.0,0,0,0.030303030303030304,0.0,0.0,0.0,0,0,5
swift,swift_0,0,0,0,0,0,0,0,0,0,1,0,0,0,0,0,0,0,0,0,0,0,0,0,0,0,0,0,0,0,0,0,0,0,0,0,2,0,0,0,0,0,0,0.0,0.0,0.0,0.0,0.0,0.0,0.0,0.0,0.0,0.02040816326530612,0.0,0.0,0.0,0.04081632653061224,0.0,15.666666666666666,20,0.0,0.0,0.0,0,0,0,0.0,0,0,0.04081632653061224,0.0,0.0,0.0,0,0,3
swift,swift_1,0,0,0,0,0,0,0,0,0,1,0,0,0,0,0,0,0,0,0,0,0,0,0,0,0,0,0,0,0,0,0,0,0,0,0,1,0,0,0,0,0,0,0.0,0.0,0.0,0.0,0.0,0.0,0.0,0.0,0.0,0.02857142857142857,0.0,0.0,0.0,0.05714285714285714,0.0,17.0,20,0.0,0.0,0.0,0,0,0,0.0,0,0,0.05714285714285714,0.0,0.0,0.0,0,0,2
swift,swift_12,0,0,0,0,0,0,0,0,0,1,0,0,0,0,0,0,0,0,0,0,0,0,0,0,0,0,0,0,0,0,0,0,0,0,0,3,0,0,0,0,0,0,0.0,0.0,0.0,0.0,0.0,0.0,0.0,0.0,0.0,0.015873015873015872,0.0,0.0,0.0,0.031746031746031744,0.0,15.0,20,0.0,0.0,0.0,0,0,0,0.0,0,0,0.031746031746031744,0.0,0.0,0.0,0,0,4
swift,swift_16,0,0,0,0,0,0,0,0,0,1,0,0,0,0,0,0,0,0,0,0,0,0,0,0,0,0,0,0,0,0,0,0,0,0,0,2,0,0,0,0,0,0,0.0,0.0,0.0,0.0,0.0,0.0,0.0,0.0,0.0,0.02,0.0,0.0,0.0,0.04,0.0,11.75,20,0.25,0.0,0.0,0,0,0,0.0,0,0,0.04,0.0,0.0,0.0,0,0,4
swift,swift_18,0,0,0,0,0,0,0,0,0,1,0,0,0,0,0,0,0,0,0,0,0,0,0,0,0,0,0,0,0,0,0,0,0,0,0,3,0,0,0,0,0,0,0.0,0.0,0.0,0.0,0.0,0.0,0.0,0.0,0.0,0.015625,0.0,0.0,0.0,0.03125,0.0,12.0,20,0.2,0.0,0.0,0,0,0,0.0,0,0,0.03125,0.0,0.0,0.0,0,0,5
scala,scala_0,0,0,0,0,0,0,0,0,0,1,0,0,0,0,0,0,0,0,0,0,0,0,0,0,0,0,0,0,0,0,0,0,0,0,0,3,0,0,0,0,0,0,0.0,0.0,0.0,0.0,0.0,0.0,0.0,0.0,0.0,0.015625,0.0,0.0,0.0,0.03125,0.0,12.0,20,0.2,0.0,0.0,0,0,0,0.0,0,0,0.03125,0.0,0.0,0.0,0,0,5
scala,scala_1,0,0,0,0,0,0,0,0,0,1,0,0,0,0,0,0,0,0,0,0,0,0,0,0,0,0,0,0,0,0,0,0,0,0,0,2,0,0,0,0,0,0,0.0,0.0,0.0,0.0,0.0,0.0,0.0,0.0,0.0,0.02040816326530612,0.0,0.0,0.0,0.04081632653061224,0.0,15.666666666666666,20,0.0,0.0,0.0,0,0,0,0.0,0,0,0.04081632653061224,0.0,0.0,0.0,0,0,3
scala,scala_2,0,0,0,0,0,0,0,0,0,1,0,0,0,0,0,0,0,0,0,0,0,0,0,0,0,0,0,0,0,0,0,0,0,0,0,2,0,0,0,0,0,0,0.0,0.0,0.0,0.0,0.0,0.0,0.0,0.0,0.0,0.02,0.0,0.0,0.0,0.04,0.0,11.75,20,0.25,0.0,0.0,0,0,0,0.0,0,0,0.04,0.0,0.0,0.0,0,0,4
scala,scala_3,0,0,0,0,0,0,0,0,0,1,0,0,0,0,0,0,0,0,0,0,0,0,0,0,0,0,0,0,0,0,0,0,0,0,0,3,0,0,0,0,0,0,0.0,0.0,0.0,0.0,0.0,0.0,0.0,0.0,0.0,0.015873015873015872,0.0,0.0,0.0,0.031746031746031744,0.0,15.0,20,0.0,0.0,0.0,0,0,0,0.0,0,0,0.031746031746031744,0.0,0.0,0.0,0,0,4
scala,scala_4,0,0,0,0,0,0,0,0,0,1,0,0,0,0,0,0,0,0,0,0,0,0,0,0,0,0,0,0,0,0,0,0,0,0,0,1,0,0,0,0,0,0,0.0,0.0,0.0,0.0,0.0,0.0,0.0,0.0,0.0,0.02857142857142857,0.0,0.0,0.0,0.05714285714285714,0.0,17.0,20,0.0,0.0,0.0,0,0,0,0.0,0,0,0.05714285714285714,0.0,0.0,0.0,0,0,2
haskell,haskell_0,0,0,0,0,0,0,0,0,0,1,0,0,0,0,0,0,0,0,0,0,0,0,0,0,0,0,0,0,0,0,0,0,0,0,0,2,0,0,0,0,0,0,0.0,0.0,0.0,0.0,0.0,0.0,0.0,0.0,0.0,0.018518518518518517,0.0,0.0,0.0,0.037037037037037035,0.0,12.75,22,0.25,0.0,0.0,0,0,0,0.0,0,0,0.037037037037037035,0.0,0.0,0.0,0,0,4
haskell,haskell_1,0,0,0,0,0,0,0,0,0,1,0,0,0,0,0,0,0,0,0,0,0,0,0,0,0,0,0,0,0,0,0,0,0,0,0,2,0,0,0,0,0,0,0.0,0.0,0.0,0.0,0.0,0.0,0.0,0.0,0.0,0.018867924528301886,0.0,0.0,0.0,0.03773584905660377,0.0,17.0,22,0.0,0.0,0.0,0,0,0,0.0,0,0,0.03773584905660377,0.0,0.0,0.0,0,0,3
haskell,haskell_3,0,0,0,0,0,0,0,0,0,1,0,0,0,0,0,0,0,0,0,0,0,0,0,0,0,0,0,0,0,0,0,0,0,0,0,1,0,0,0,0,0,0,0.0,0.0,0.0,0.0,0.0,0.0,0.0,0.0,0.0,0.02564102564102564,0.0,0.0,0.0,0.05128205128205128,0.0,19.0,22,0.0,0.0,0.0,0,0,0,0.0,0,0,0.05128205128205128,0.0,0.0,0.0,0,0,2
haskell,haskell_20,0,0,0,0,0,0,0,0,0,1,0,0,0,0,0,0,0,0,0,0,0,0,0,0,0,0,0,0,0,0,0,0,0,0,0,3,0,0,0,0,0,0,0.0,0.0,0.0,0.0,0.0,0.0,0.0,0.0,0.0,0.014925373134328358,0.0,0.0,0.0,0.029850746268656716,0.0,16.0,22,0.0,0.0,0.0,0,0,0,0.0,0,0,0.029850746268656716,0.0,0.0,0.0,0,0,4
haskell,haskell_28,0,0,0,0,0,0,0,0,0,1,0,0,0,0,0,0,0,0,0,0,0,0,0,0,0,0,0,0,0,0,0,0,0,0,0,3,0,0,0,0,0,0,0.0,0.0,0.0,0.0,0.0,0.0,0.0,0.0,0.0,0.014705882352941176,0.0,0.0,0.0,0.029411764705882353,0.0,12.8,22,0.2,0.0,0.0,0,0,0,0.0,0,0,0.029411764705882353,0.0,0.0,0.0,0,0,5
r,r_0,0,0,0,0,0,0,0,0,0,1,0,0,0,0,0,0,0,0,0,0,0,0,0,0,0,0,0,0,0,0,0,0,0,0,0,3,0,0,0,0,0,0,0.0,0.0,0.0,0.0,0.0,0.0,0.0,0.0,0.0,0.01818181818181818,0.0,0.0,0.0,0.03636363636363636,0.0,13.0,16,0.0,0.0,0.0,0,0,0,0.0,0,0,0.03636363636363636,0.0,0.0,0.0,0,0,4
r,r_1,0,0,0,0,0,0,0,0,0,1,0,0,0,0,0,0,0,0,0,0,0,0,0,0,0,0,0,0,0,0,0,0,0,0,0,2,0,0,0,0,0,0,0.0,0.0,0.0,0.0,0.0,0.0,0.0,0.0,0.0,0.024390243902439025,0.0,0.0,0.0,0.04878048780487805,0.0,13.0,16,0.0,0.0,0.0,0,0,0,0.0,0,0,0.04878048780487805,0.0,0.0,0.0,0,0,3
r,r_3,0,0,0,0,0,0,0,0,0,1,0,0,0,0,0,0,0,0,0,0,0,0,0,0,0,0,0,0,0,0,0,0,0,0,0,3,0,0,0,0,0,0,0.0,0.0,0.0,0.0,0.0,0.0,0.0,0.0,0.0,0.017857142857142856,0.0,0.0,0.0,0.03571428571428571,0.0,10.4,16,0.2,0.0,0.0,0,0,0,0.0,0,0,0.03571428571428571,0.0,0.0,0.0,0,0,5
r,r_5,0,0,0,0,0,0,0,0,0,1,0,0,0,0,0,0,0,0,0,0,0,0,0,0,0,0,0,0,0,0,0,0,0,0,0,1,0,0,0,0,0,0,0.0,0.0,0.0,0.0,0.0,0.0,0.0,0.0,0.0,0.037037037037037035,0.0,0.0,0.0,0.07407407407407407,0.0,13.0,16,0.0,0.0,0.0,0,0,0,0.0,0,0,0.07407407407407407,0.0,0.0,0.0,0,0,2
r,r_41,0,0,0,0,0,0,0,0,0,1,0,0,0,0,0,0,0,0,0,0,0,0,0,0,0,0,0,0,0,0,0,0,0,0,0,2,0,0,0,0,0,0,0.0,0.0,0.0,0.0,0.0,0.0,0.0,0.0,0.0,0.023809523809523808,0.0,0.0,0.0,0.047619047619047616,0.0,9.75,16,0.25,0.0,0.0,0,0,0,0.0,0,0,0.047619047619047616,0.0,0.0,0.0,0,0,4
perl,perl_0,0,0,0,0,0,0,0,0,0,1,0,0,0,0,0,0,0,0,0,0,0,0,0,0,0,0,0,0,0,0,0,0,0,0,0,2,0,0,0,0,0,0,0.0,0.0,0.0,0.0,0.0,0.0,0.0,0.0,0.0,0.02127659574468085,0.0,0.0,0.0,0.0425531914893617,0.0,15.0,19,0.0,0.0,0.0,0,0,0,0.0,0,0,0.0425531914893617,0.0,0.0,0.0,0,0,3
perl,perl_4,0,0,0,0,0,0,0,0,0,1,0,0,0,0,0,0,0,0,0,0,0,0,0,0,0,0,0,0,0,0,0,0,0,0,0,3,0,0,0,0,0,0,0.0,0.0,0.0,0.0,0.0,0.0,0.0,0.0,0.0,0.01639344262295082,0.0,0.0,0.0,0.03278688524590164,0.0,14.5,19,0.0,0.0,0.0,0,0,0,0.0,0,0,0.03278688524590164,0.0,0.0,0.0,0,0,4
perl,perl_5,0,0,0,0,0,0,0,0,0,1,0,0,0,0,0,0,0,0,0,0,0,0,0,0,0,0,0,0,0,0,0,0,0,0,0,1,0,0,0,0,0,0,0.0,0.0,0.0,0.0,0.0,0.0,0.0,0.0,0.0,0.030303030303030304,0.0,0.0,0.0,0.06060606060606061,0.0,16.0,19,0.0,0.0,0.0,0,0,0,0.0,0,0,0.06060606060606061,0.0,0.0,0.0,0,0,2
perl,perl_12,0,0,0,0,0,0,0,0,0,1,0,0,0,0,0,0,0,0,0,0,0,0,0,0,0,0,0,0,0,0,0,0,0,0,0,3,0,0,0,0,0,0,0.0,0.0,0.0,0.0,0.0,0.0,0.0,0.0,0.0,0.016129032258064516,0.0,0.0,0.0,0.03225806451612903,0.0,11.6,19,0.2,0.0,0.0,0,0,0,0.0,0,0,0.03225806451612903,0.0,0.0,0.0,0,0,5
perl,perl_25,0,0,0,0,0,0,0,0,0,1,0,0,0,0,0,0,0,0,0,0,0,0,0,0,0,0,0,0,0,0,0,0,0,0,0,2,0,0,0,0,0,0,0.0,0.0,0.0,0.0,0.0,0.0,0.0,0.0,0.0,0.020833333333333332,0.0,0.0,0.0,0.041666666666666664,0.0,11.25,19,0.25,0.0,0.0,0,0,0,0.0,0,0,0.041666666666666664,0.0,0.0,0.0,0,0,4
lua,lua_0,0,0,0,0,0,0,0,0,0,1,0,0,0,0,0,0,0,0,0,0,0,0,0,0,0,0,0,0,0,0,0,0,0,0,0,2,0,0,0,0,0,0,0.0,0.0,0.0,0.0,0.0,0.0,0.0,0.0,0.0,0.022222222222222223,0.0,0.0,0.0,0.044444444444444446,0.0,14.333333333333334,18,0.0,0.0,0.0,0,0,0,0.0,0,0,0.044444444444444446,0.0,0.0,0.0,0,0,3
lua,lua_1,0,0,0,0,0,0,0,0,0,1,0,0,0,0,0,0,0,0,0,0,0,0,0,0,0,0,0,0,0,0,0,0,0,0,0,3,0,0,0,0,0,0,0.0,0.0,0.0,0.0,0.0,0.0,0.0,0.0,0.0,0.01694915254237288,0.0,0.0,0.0,0.03389830508474576,0.0,14.0,18,0.0,0.0,0.0,0,0,0,0.0,0,0,0.03389830508474576,0.0,0.0,0.0,0,0,4
lua,lua_10,0,0,0,0,0,0,0,0,0,1,0,0,0,0,0,0,0,0,0,0,0,0,0,0,0,0,0,0,0,0,0,0,0,0,0,1,0,0,0,0,0,0,0.0,0.0,0.0,0.0,0.0,0.0,0.0,0.0,0.0,0.03225806451612903,0.0,0.0,0.0,0.06451612903225806,0.0,15.0,18,0.0,0.0,0.0,0,0,0,0.0,0,0,0.06451612903225806,0.0,0.0,0.0,0,0,2
lua,lua_17,0,0,0,0,0,0,0,0,0,1,0,0,0,0,0,0,0,0,0,0,0,0,0,0,0,0,0,0,0,0,0,0,0,0,0,3,0,0,0,0,0,0,0.0,0.0,0.0,0.0,0.0,0.0,0.0,0.0,0.0,0.016666666666666666,0.0,0.0,0.0,0.03333333333333333,0.0,11.2,18,0.2,0.0,0.0,0,0,0,0.0,0,0,0.03333333333333333,0.0,0.0,0.0,0,0,5
lua,lua_64,0,0,0,0,0,0,0,0,0,1,0,0,0,0,0,0,0,0,0,0,0,0,0,0,0,0,0,0,0,0,0,0,0,0,0,2,0,0,0,0,0,0,0.0,0.0,0.0,0.0,0.0,0.0,0.0,0.0,0.0,0.021739130434782608,0.0,0.0,0.0,0.043478260869565216,0.0,10.75,18,0.25,0.0,0.0,0,0,0,0.0,0,0,0.043478260869565216,0.0,0.0,0.0,0,0,4
shell,shell_0,0,0,0,0,0,0,0,0,0,1,0,0,0,0,0,0,0,0,0,0,0,0,0,0,0,0,0,0,0,0,0,0,0,0,0,2,0,0,0,0,0,0,0.0,0.0,0.0,0.0,0.0,0.0,0.0,0.0,0.0,0.02040816326530612,0.0,0.0,0.0,0.04081632653061224,0.0,15.666666666666666,20,0.0,0.0,0.0,0,0,0,0.0,0,0,0.04081632653061224,0.0,0.0,0.0,0,0,3
shell,shell_3,0,0,0,0,0,0,0,0,0,1,0,0,0,0,0,0,0,0,0,0,0,0,0,0,0,0,0,0,0,0,0,0,0,0,0,1,0,0,0,0,0,0,0.0,0.0,0.0,0.0,0.0,0.0,0.0,0.0,0.0,0.02857142857142857,0.0,0.0,0.0,0.05714285714285714,0.0,17.0,20,0.0,0.0,0.0,0,0,0,0.0,0,0,0.05714285714285714,0.0,0.0,0.0,0,0,2
shell,shell_4,0,0,0,0,0,0,0,0,0,1,0,0,0,0,0,0,0,0,0,0,0,0,0,0,0,0,0,0,0,0,0,0,0,0,0,3,0,0,0,0,0,0,0.0,0.0,0.0,0.0,0.0,0.0,0.0,0.0,0.0,0.015625,0.0,0.0,0.0,0.03125,0.0,12.0,20,0.2,0.0,0.0,0,0,0,0.0,0,0,0.03125,0.0,0.0,0.0,0,0,5
shell,shell_10,0,0,0,0,0,0,0,0,0,1,0,0,0,0,0,0,0,0,0,0,0,0,0,0,0,0,0,0,0,0,0,0,0,0,0,3,0,0,0,0,0,0,0.0,0.0,0.0,0.0,0.0,0.0,0.0,0.0,0.0,0.015873015873015872,0.0,0.0,0.0,0.031746031746031744,0.0,15.0,20,0.0,0.0,0.0,0,0,0,0.0,0,0,0.031746031746031744,0.0,0.0,0.0,0,0,4
shell,shell_50,0,0,0,0,0,0,0,0,0,1,0,0,0,0,0,0,0,0,0,0,0,0,0,0,0,0,0,0,0,0,0,0,0,0,0,2,0,0,0,0,0,0,0.0,0.0,0.0,0.0,0.0,0.0,0.0,0.0,0.0,0.02,0.0,0.0,0.0,0.04,0.0,11.75,20,0.25,0.0,0.0,0,0,0,0.0,0,0,0.04,0.0,0.0,0.0,0,0,4
sql,sql_0,0,0,0,0,0,0,0,0,0,0,0,0,0,0,0,0,0,0,0,0,0,0,0,0,0,1,1,0,0,0,0,0,0,0,0,0,0,1,0,0,0,0,0.0,0.0,0.0196078431372549,0.0,0.0196078431372549,0.0,0.0,0.0,0.0,0.0,0.0,0.0,0.0,0.0,0.0,25.0,35,0.0,0.0,0.0,0,0,0,0.0,0,0,0.0392156862745098,0.0392156862745098,0.29411764705882354,0.0,1,0,2
sql,sql_2,0,0,0,0,0,0,0,0,0,0,0,0,0,0,0,0,0,0,0,0,0,0,0,0,0,1,0,0,0,0,0,0,0,0,0,0,0,2,0,0,0,0,0.0,0.0,0.01,0.0,0.0,0.0,0.0,0.0,0.01,0.02,0.0,0.02,0.0,0.04,0.0,24.25,68,0.25,0.0,0.0,0,0,0,0.0,0,0,0.05,0.0,0.17,0.01,1,0,4
sql,sql_3,0,0,0,0,0,0,0,0,0,0,0,0,0,0,0,0,0,0,0,0,0,0,0,0,0,1,1,0,0,0,0,0,0,0,0,0,0,2,0,0,0,0,0.0,0.0,0.0136986301369863,0.0,0.0136986301369863,0.0,0.0,0.0,0.0,0.0,0.0,0.0,0.0,0.0,0.0,23.666666666666668,35,0.0,0.0,0.0,0,0,0,0.0,0,0,0.0273972602739726,0.0273972602739726,0.2054794520547945,0.0,1,0,3
sql,sql_4,0,0,0,0,0,0,0,0,0,0,0,0,0,0,0,0,0,0,0,0,0,0,0,0,0,0,0,0,0,0,0,0,0,0,0,0,0,1,0,0,0,0,0.0,0.0,0.011494252873563218,0.0,0.0,0.0,0.0,0.0,0.011494252873563218,0.022988505747126436,0.0,0.022988505747126436,0.0,0.04597701149425287,0.0,43.0,68,0.0,0.0,0.0,0,0,0,0.0,0,0,0.05747126436781609,0.0,0.19540229885057472,0.011494252873563218,1,0,2
sql,sql_5,0,0,0,0,0,0,0,0,0,0,0,0,0,0,0,0,0,0,0,0,0,0,0,0,0,2,1,0,0,0,0,0,0,0,0,0,0,2,0,0,0,0,0.0,0.0,0.014285714285714285,0.0,0.014285714285714285,0.0,0.0,0.0,0.0,0.0,0.0,0.0,0.0,0.0,0.0,16.75,35,0.25,0.0,0.0,0,0,0,0.0,0,0,0.02857142857142857,0.02857142857142857,0.21428571428571427,0.0,1,0,4
sql,sql_7,0,0,0,0,0,0,0,0,0,0,0,0,0,0,0,0,0,0,0,0,0,0,0,0,0,0,0,0,0,0,0,0,0,0,0,0,0,0,0,0,0,0,0.0,0.0,0.02127659574468085,0.0,0.0,0.0,0.0425531914893617,0.0,0.0,0.0,0.0,0.0,0.0,0.0,0.0,47.0,47,0.0,0.0,0.0,0,0,0,0.0,0,0,0.02127659574468085,0.10638297872340426,0.2978723404255319,0.02127659574468085,1,0,1
sql,sql_8,0,0,0,0,0,0,0,0,0,0,0,0,0,0,0,0,0,0,0,0,0,0,0,0,0,1,0,0,0,0,0,0,0,0,0,0,0,2,0,0,0,0,0.0,0.0,0.012195121951219513,0.0,0.0,0.0,0.024390243902439025,0.0,0.0,0.0,0.0,0.0,0.0,0.0,0.0,19.75,47,0.25,0.0,0.0,0,0,0,0.0,0,0,0.012195121951219513,0.06097560975609756,0.17073170731707318,0.012195121951219513,1,0,4
sql,sql_9,0,0,0,0,0,0,0,0,0,0,0,0,0,0,0,0,0,0,0,0,0,0,0,0,0,1,1,0,0,0,0,0,0,0,0,0,0,1,0,0,0,0,0.0,0.0,0.01818181818181818,0.0,0.01818181818181818,0.0,0.0,0.0,0.0,0.0,0.0,0.0,0.0,0.0,0.0,17.666666666666668,35,0.3333333333333333,0.0,0.0,0,0,0,0.0,0,0,0.03636363636363636,0.03636363636363636,0.2727272727272727,0.0,1,0,3
sql,sql_10,0,0,0,0,0,0,0,0,0,0,0,0,0,0,0,0,0,0,0,0,0,0,0,0,0,1,0,0,0,0,0,0,0,0,0,0,0,1,0,0,0,0,0.0,0.0,0.012048192771084338,0.0,0.0,0.0,0.0,0.0,0.012048192771084338,0.024096385542168676,0.0,0.024096385542168676,0.0,0.04819277108433735,0.0,41.0,68,0.0,0.0,0.0,0,0,0,0.0,0,0,0.060240963855421686,0.0,0.20481927710843373,0.012048192771084338,1,0,2
sql,sql_11,0,0,0,0,0,0,0,0,0,0,0,0,0,0,0,0,0,0,0,0,0,0,0,0,0,1,0,0,0,0,0,0,0,0,0,0,0,2,0,0,0,0,0.0,0.0,0.012195121951219513,0.0,0.0,0.0,0.024390243902439025,0.0,0.0,0.0,0.0,0.0,0.0,0.0,0.0,19.75,47,0.25,0.0,0.0,0,0,0,0.0,0,0,0.012195121951219513,0.06097560975609756,0.17073170731707318,0.012195121951219513,1,0,4
sql,sql_12,0,0,0,0,0,0,0,0,0,0,0,0,0,0,0,0,0,0,0,0,0,0,0,0,0,1,0,0,0,0,0,0,0,0,0,0,0,1,0,0,0,0,0.0,0.0,0.016129032258064516,0.0,0.0,0.0,0.03225806451612903,0.0,0.0,0.0,0.0,0.0,0.0,0.0,0.0,30.5,47,0.0,0.0,0.0,0,0,0,0.0,0,0,0.016129032258064516,0.08064516129032258,0.22580645161290322,0.016129032258064516,1,0,2
sql,sql_13,0,0,0,0,0,0,0,0,0,0,0,0,0,0,0,0,0,0,0,0,0,0,0,0,0,1,1,0,0,0,0,0,0,0,0,0,0,0,0,0,0,0,0.0,0.0,0.02857142857142857,0.0,0.02857142857142857,0.0,0.0,0.0,0.0,0.0,0.0,0.0,0.0,0.0,0.0,35.0,35,0.0,0.0,0.0,0,0,0,0.0,0,0,0.05714285714285714,0.05714285714285714,0.42857142857142855,0.0,1,0,1
sql,sql_19,0,0,0,0,0,0,0,0,0,0,0,0,0,0,0,0,0,0,0,0,0,0,0,0,0,1,1,0,0,0,0,0,0,0,0,0,0,2,0,0,0,0,0.0,0.0,0.014285714285714285,0.0,0.014285714285714285,0.0,0.0,0.0,0.0,0.0,0.0,0.0,0.0,0.0,0.0,22.666666666666668,35,0.0,0.0,0.0,0,0,0,0.0,0,0,0.02857142857142857,0.02857142857142857,0.21428571428571427,0.0,1,0,3
sql,sql_20,0,0,0,0,0,0,0,0,0,0,0,0,0,0,0,0,0,0,0,0,0,0,0,0,0,2,1,0,0,0,0,0,0,0,0,0,0,1,0,0,0,0,0.0,0.0,0.02,0.0,0.02,0.0,0.0,0.0,0.0,0.0,0.0,0.0,0.0,0.0,0.0,24.5,35,0.0,0.0,0.0,0,0,0,0.0,0,0,0.04,0.04,0.3,0.0,1,0,2
sql,sql_22,0,0,0,0,0,0,0,0,0,0,0,0,0,0,0,0,0,0,0,0,0,0,0,0,0,1,1,0,0,0,0,0,0,0,0,0,0,2,0,0,0,0,0.0,0.0,0.014285714285714285,0.0,0.014285714285714285,0.0,0.0,0.0,0.0,0.0,0.0,0.0,0.0,0.0,0.0,22.666666666666668,35,0.0,0.0,0.0,0,0,0,0.0,0,0,0.02857142857142857,0.02857142857142857,0.21428571428571427,0.0,1,0,3
sql,sql_23,0,0,0,0,0,0,0,0,0,0,0,0,0,0,0,0,0,0,0,0,0,0,0,0,0,0,0,0,0,0,0,0,0,0,0,0,0,1,0,0,0,0,0.0,0.0,0.015873015873015872,0.0,0.0,0.0,0.031746031746031744,0.0,0.0,0.0,0.0,0.0,0.0,0.0,0.0,31.0,47,0.0,0.0,0.0,0,0,0,0.0,0,0,0.015873015873015872,0.07936507936507936,0.2222222222222222,0.015873015873015872,1,0,2
sql,sql_27,0,0,0,0,0,0,0,0,0,0,0,0,0,0,0,0,0,0,0,0,0,0,0,0,0,0,0,0,0,0,0,0,0,0,0,0,0,1,0,0,0,0,0.0,0.0,0.011904761904761904,0.0,0.0,0.0,0.0,0.0,0.011904761904761904,0.023809523809523808,0.0,0.023809523809523808,0.0,0.047619047619047616,0.0,41.5,68,0.0,0.0,0.0,0,0,0,0.0,0,0,0.05952380952380952,0.0,0.20238095238095238,0.011904761904761904,1,0,2
sql,sql_28,0,0,0,0,0,0,0,0,0,0,0,0,0,0,0,0,0,0,0,0,0,0,0,0,0,0,0,0,0,0,0,0,0,0,0,0,0,1,0,0,0,0,0.0,0.0,0.015151515151515152,0.0,0.0,0.0,0.030303030303030304,0.0,0.0,0.0,0.0,0.0,0.0,0.0,0.0,32.5,47,0.0,0.0,0.0,0,0,0,0.0,0,0,0.015151515151515152,0.07575757575757576,0.21212121212121213,0.015151515151515152,1,0,2
sql,sql_29,0,0,0,0,0,0,0,0,0,0,0,0,0,0,0,0,0,0,0,0,0,0,0,0,0,0,0,0,0,0,0,0,0,0,0,0,0,2,0,0,0,0,0.0,0.0,0.009708737864077669,0.0,0.0,0.0,0.0,0.0,0.009708737864077669,0.019417475728155338,0.0,0.019417475728155338,0.0,0.038834951456310676,0.0,33.666666666666664,68,0.0,0.0,0.0,0,0,0,0.0,0,0,0.04854368932038835,0.0,0.1650485436893204,0.009708737864077669,1,0,3
sql,sql_30,0,0,0,0,0,0,0,0,0,0,0,0,0,0,0,0,0,0,0,0,0,0,0,0,0,1,0,0,0,0,0,0,0,0,0,0,0,1,0,0,0,0,0.0,0.0,0.015873015873015872,0.0,0.0,0.0,0.031746031746031744,0.0,0.0,0.0,0.0,0.0,0.0,0.0,0.0,20.333333333333332,47,0.3333333333333333,0.0,0.0,0,0,0,0.0,0,0,0.015873015873015872,0.07936507936507936,0.2222222222222222,0.015873015873015872,1,0,3
sql,sql_35,0,0,0,0,0,0,0,0,0,0,0,0,0,0,0,0,0,0,0,0,0,0,0,0,0,0,0,0,0,0,0,0,0,0,0,0,0,0,0,0,0,0,0.0,0.0,0.014705882352941176,0.0,0.0,0.0,0.0,0.0,0.014705882352941176,0.029411764705882353,0.0,0.029411764705882353,0.0,0.058823529411764705,0.0,68.0,68,0.0,0.0,0.0,0,0,0,0.0,0,0,0.07352941176470588,0.0,0.25,0.014705882352941176,1,0,1
sql,sql_44,0,0,0,0,0,0,0,0,0,0,0,0,0,0,0,0,0,0,0,0,0,0,0,0,0,0,0,0,0,0,0,0,0,0,0,0,0,2,0,0,0,0,0.0,0.0,0.009433962264150943,0.0,0.0,0.0,0.0,0.0,0.009433962264150943,0.018867924528301886,0.0,0.018867924528301886,0.0,0.03773584905660377,0.0,34.666666666666664,68,0.0,0.0,0.0,0,0,0,0.0,0,0,0.04716981132075472,0.0,0.16037735849056603,0.009433962264150943,1,0,3
sql,sql_54,0,0,0,0,0,0,0,0,0,0,0,0,0,0,0,0,0,0,0,0,0,0,0,0,0,0,0,0,0,0,0,0,0,0,0,0,0,1,0,0,0,0,0.0,0.0,0.011764705882352941,0.0,0.0,0.0,0.0,0.0,0.011764705882352941,0.023529411764705882,0.0,0.023529411764705882,0.0,0.047058823529411764,0.0,27.666666666666668,68,0.3333333333333333,0.0,0.0,0,0,0,0.0,0,0,0.058823529411764705,0.0,0.2,0.011764705882352941,1,0,3
sql,sql_56,0,0,0,0,0,0,0,0,0,0,0,0,0,0,0,0,0,0,0,0,0,0,0,0,0,0,0,0,0,0,0,0,0,0,0,0,0,1,0,0,0,0,0.0,0.0,0.014925373134328358,0.0,0.0,0.0,0.029850746268656716,0.0,0.0,0.0,0.0,0.0,0.0,0.0,0.0,21.666666666666668,47,0.3333333333333333,0.0,0.0,0,0,0,0.0,0,0,0.014925373134328358,0.07462686567164178,0.208955223880597,0.014925373134328358,1,0,3
sql,sql_57,0,0,0,0,0,0,0,0,0,0,0,0,0,0,0,0,0,0,0,0,0,0,0,0,0,0,0,0,0,0,0,0,0,0,0,0,0,2,0,0,0,0,0.0,0.0,0.012048192771084338,0.0,0.0,0.0,0.024096385542168676,0.0,0.0,0.0,0.0,0.0,0.0,0.0,0.0,20.0,47,0.25,0.0,0.0,0,0,0,0.0,0,0,0.012048192771084338,0.060240963855421686,0.1686746987951807,0.012048192771084338,1,0,4
sql,sql_59,0,0,0,0,0,0,0,0,0,0,0,0,0,0,0,0,0,0,0,0,0,0,0,0,0,1,0,0,0,0,0,0,0,0,0,0,0,2,0,0,0,0,0.0,0.0,0.00980392156862745,0.0,0.0,0.0,0.0,0.0,0.00980392156862745,0.0196078431372549,0.0,0.0196078431372549,0.0,0.0392156862745098,0.0,33.333333333333336,68,0.0,0.0,0.0,0,0,0,0.0,0,0,0.049019607843137254,0.0,0.16666666666666666,0.00980392156862745,1,0,3
sql,sql_61,0,0,0,0,0,0,0,0,0,0,0,0,0,0,0,0,0,0,0,0,0,0,0,0,0,1,1,0,0,0,0,0,0,0,0,0,0,1,0,0,0,0,0.0,0.0,0.018518518518518517,0.0,0.018518518518518517,0.0,0.0,0.0,0.0,0.0,0.0,0.0,0.0,0.0,0.0,26.5,35,0.0,0.0,0.0,0,0,0,0.0,0,0,0.037037037037037035,0.037037037037037035,0.2777777777777778,0.0,1,0,2
sql,sql_70,0,0,0,0,0,0,0,0,0,0,0,0,0,0,0,0,0,0,0,0,0,0,0,0,0,0,0,0,0,0,0,0,0,0,0,0,0,1,0,0,0,0,0.0,0.0,0.015625,0.0,0.0,0.0,0.03125,0.0,0.0,0.0,0.0,0.0,0.0,0.0,0.0,20.666666666666668,47,0.3333333333333333,0.0,0.0,0,0,0,0.0,0,0,0.015625,0.078125,0.21875,0.015625,1,0,3
sql,sql_78,0,0,0,0,0,0,0,0,0,0,0,0,0,0,0,0,0,0,0,0,0,0,0,0,0,2,0,0,0,0,0,0,0,0,0,0,0,2,0,0,0,0,0.0,0.0,0.01020408163265306,0.0,0.0,0.0,0.0,0.0,0.01020408163265306,0.02040816326530612,0.0,0.02040816326530612,0.0,0.04081632653061224,0.0,32.0,68,0.0,0.0,0.0,0,0,0,0.0,0,0,0.05102040816326531,0.0,0.17346938775510204,0.01020408163265306,1,0,3
sql,sql_81,0,0,0,0,0,0,0,0,0,0,0,0,0,0,0,0,0,0,0,0,0,0,0,0,0,0,0,0,0,0,0,0,0,0,0,0,0,2,0,0,0,0,0.0,0.0,0.011764705882352941,0.0,0.0,0.0,0.023529411764705882,0.0,0.0,0.0,0.0,0.0,0.0,0.0,0.0,27.666666666666668,47,0.0,0.0,0.0,0,0,0,0.0,0,0,0.011764705882352941,0.058823529411764705,0.16470588235294117,0.011764705882352941,1,0,3
sql,sql_82,0,0,0,0,0,0,0,0,0,0,0,0,0,0,0,0,0,0,0,0,0,0,0,0,0,1,0,0,0,0,0,0,0,0,0,0,0,2,0,0,0,0,0.0,0.0,0.012345679012345678,0.0,0.0,0.0,0.024691358024691357,0.0,0.0,0.0,0.0,0.0,0.0,0.0,0.0,26.333333333333332,47,0.0,0.0,0.0,0,0,0,0.0,0,0,0.012345679012345678,0.06172839506172839,0.1728395061728395,0.012345679012345678,1,0,3
sql,sql_84,0,0,0,0,0,0,0,0,0,0,0,0,0,0,0,0,0,0,0,0,0,0,0,0,0,1,0,0,0,0,0,0,0,0,0,0,0,1,0,0,0,0,0.0,0.0,0.011904761904761904,0.0,0.0,0.0,0.0,0.0,0.011904761904761904,0.023809523809523808,0.0,0.023809523809523808,0.0,0.047619047619047616,0.0,27.333333333333332,68,0.3333333333333333,0.0,0.0,0,0,0,0.0,0,0,0.05952380952380952,0.0,0.20238095238095238,0.011904761904761904,1,0,3
sql,sql_98,0,0,0,0,0,0,0,0,0,0,0,0,0,0,0,0,0,0,0,0,0,0,0,0,0,2,1,0,0,0,0,0,0,0,0,0,0,2,0,0,0,0,0.0,0.0,0.015151515151515152,0.0,0.015151515151515152,0.0,0.0,0.0,0.0,0.0,0.0,0.0,0.0,0.0,0.0,21.333333333333332,35,0.0,0.0,0.0,0,0,0,0.0,0,0,0.030303030303030304,0.030303030303030304,0.22727272727272727,0.0,1,0,3
sql,sql_100,0,0,0,0,0,0,0,0,0,0,0,0,0,0,0,0,0,0,0,0,0,0,0,0,0,1,1,0,0,0,0,0,0,0,0,0,0,2,0,0,0,0,0.0,0.0,0.013513513513513514,0.0,0.013513513513513514,0.0,0.0,0.0,0.0,0.0,0.0,0.0,0.0,0.0,0.0,17.75,35,0.25,0.0,0.0,0,0,0,0.0,0,0,0.02702702702702703,0.02702702702702703,0.20270270270270271,0.0,1,0,4
sql,sql_103,0,0,0,0,0,0,0,0,0,0,0,0,0,0,0,0,0,0,0,0,0,0,0,0,0,1,1,0,0,0,0,0,0,0,0,0,0,2,0,0,0,0,0.0,0.0,0.014925373134328358,0.0,0.014925373134328358,0.0,0.0,0.0,0.0,0.0,0.0,0.0,0.0,0.0,0.0,21.666666666666668,35,0.0,0.0,0.0,0,0,0,0.0,0,0,0.029850746268656716,0.029850746268656716,0.22388059701492538,0.0,1,0,3
sql,sql_110,0,0,0,0,0,0,0,0,0,0,0,0,0,0,0,0,0,0,0,0,0,0,0,0,0,0,0,0,0,0,0,0,0,0,0,0,0,2,0,0,0,0,0.0,0.0,0.009615384615384616,0.0,0.0,0.0,0.0,0.0,0.009615384615384616,0.019230769230769232,0.0,0.019230769230769232,0.0,0.038461538461538464,0.0,25.25,68,0.25,0.0,0.0,0,0,0,0.0,0,0,0.04807692307692308,0.0,0.16346153846153846,0.009615384615384616,1,0,4
sql,sql_112,0,0,0,0,0,0,0,0,0,0,0,0,0,0,0,0,0,0,0,0,0,0,0,0,0,2,1,0,0,0,0,0,0,0,0,0,0,2,0,0,0,0,0.0,0.0,0.015151515151515152,0.0,0.015151515151515152,0.0,0.0,0.0,0.0,0.0,0.0,0.0,0.0,0.0,0.0,21.333333333333332,35,0.0,0.0,0.0,0,0,0,0.0,0,0,0.030303030303030304,0.030303030303030304,0.22727272727272727,0.0,1,0,3
sql,sql_142,0,0,0,0,0,0,0,0,0,0,0,0,0,0,0,0,0,0,0,0,0,0,0,0,0,0,0,0,0,0,0,0,0,0,0,0,0,2,0,0,0,0,0.0,0.0,0.0125,0.0,0.0,0.0,0.025,0.0,0.0,0.0,0.0,0.0,0.0,0.0,0.0,19.25,47,0.25,0.0,0.0,0,0,0,0.0,0,0,0.0125,0.0625,0.175,0.0125,1,0,4
sql,sql_152,0,0,0,0,0,0,0,0,0,0,0,0,0,0,0,0,0,0,0,0,0,0,0,0,0,1,0,0,0,0,0,0,0,0,0,0,0,2,0,0,0,0,0.0,0.0,0.010101010101010102,0.0,0.0,0.0,0.0,0.0,0.010101010101010102,0.020202020202020204,0.0,0.020202020202020204,0.0,0.04040404040404041,0.0,32.333333333333336,68,0.0,0.0,0.0,0,0,0,0.0,0,0,0.050505050505050504,0.0,0.1717171717171717,0.010101010101010102,1,0,3
sql,sql_153,0,0,0,0,0,0,0,0,0,0,0,0,0,0,0,0,0,0,0,0,0,0,0,0,0,0,0,0,0,0,0,0,0,0,0,0,0,2,0,0,0,0,0.0,0.0,0.011627906976744186,0.0,0.0,0.0,0.023255813953488372,0.0,0.0,0.0,0.0,0.0,0.0,0.0,0.0,20.75,47,0.25,0.0,0.0,0,0,0,0.0,0,0,0.011627906976744186,0.05813953488372093,0.16279069767441862,0.011627906976744186,1,0,4
sql,sql_154,0,0,0,0,0,0,0,0,0,0,0,0,0,0,0,0,0,0,0,0,0,0,0,0,0,1,0,0,0,0,0,0,0,0,0,0,0,2,0,0,0,0,0.0,0.0,0.01282051282051282,0.0,0.0,0.0,0.02564102564102564,0.0,0.0,0.0,0.0,0.0,0.0,0.0,0.0,25.333333333333332,47,0.0,0.0,0.0,0,0,0,0.0,0,0,0.01282051282051282,0.0641025641025641,0.1794871794871795,0.01282051282051282,1,0,3
sql,sql_159,0,0,0,0,0,0,0,0,0,0,0,0,0,0,0,0,0,0,0,0,0,0,0,0,0,1,0,0,0,0,0,0,0,0,0,0,0,2,0,0,0,0,0.0,0.0,0.01282051282051282,0.0,0.0,0.0,0.02564102564102564,0.0,0.0,0.0,0.0,0.0,0.0,0.0,0.0,25.333333333333332,47,0.0,0.0,0.0,0,0,0,0.0,0,0,0.01282051282051282,0.0641025641025641,0.1794871794871795,0.01282051282051282,1,0,3
sql,sql_193,0,0,0,0,0,0,0,0,0,0,0,0,0,0,0,0,0,0,0,0,0,0,0,0,0,1,0,0,0,0,0,0,0,0,0,0,0,2,0,0,0,0,0.0,0.0,0.012658227848101266,0.0,0.0,0.0,0.02531645569620253,0.0,0.0,0.0,0.0,0.0,0.0,0.0,0.0,19.0,47,0.25,0.0,0.0,0,0,0,0.0,0,0,0.012658227848101266,0.06329113924050633,0.17721518987341772,0.012658227848101266,1,0,4
sql,sql_203,0,0,0,0,0,0,0,0,0,0,0,0,0,0,0,0,0,0,0,0,0,0,0,0,0,2,1,0,0,0,0,0,0,0,0,0,0,1,0,0,0,0,0.0,0.0,0.0196078431372549,0.0,0.0196078431372549,0.0,0.0,0.0,0.0,0.0,0.0,0.0,0.0,0.0,0.0,16.333333333333332,35,0.3333333333333333,0.0,0.0,0,0,0,0.0,0,0,0.0392156862745098,0.0392156862745098,0.29411764705882354,0.0,1,0,3
sql,sql_217,0,0,0,0,0,0,0,0,0,0,0,0,0,0,0,0,0,0,0,0,0,0,0,0,0,0,0,0,0,0,0,0,0,0,0,0,0,2,0,0,0,0,0.0,0.0,0.012195121951219513,0.0,0.0,0.0,0.024390243902439025,0.0,0.0,0.0,0.0,0.0,0.0,0.0,0.0,26.666666666666668,47,0.0,0.0,0.0,0,0,0,0.0,0,0,0.012195121951219513,0.06097560975609756,0.17073170731707318,0.012195121951219513,1,0,3
sql,sql_220,0,0,0,0,0,0,0,0,0,0,0,0,0,0,0,0,0,0,0,0,0,0,0,0,0,2,0,0,0,0,0,0,0,0,0,0,0,2,0,0,0,0,0.0,0.0,0.01282051282051282,0.0,0.0,0.0,0.02564102564102564,0.0,0.0,0.0,0.0,0.0,0.0,0.0,0.0,18.75,47,0.25,0.0,0.0,0,0,0,0.0,0,0,0.01282051282051282,0.0641025641025641,0.1794871794871795,0.01282051282051282,1,0,4
sql,sql_227,0,0,0,0,0,0,0,0,0,0,0,0,0,0,0,0,0,0,0,0,0,0,0,0,0,1,1,0,0,0,0,0,0,0,0,0,0,2,0,0,0,0,0.0,0.0,0.014084507042253521,0.0,0.014084507042253521,0.0,0.0,0.0,0.0,0.0,0.0,0.0,0.0,0.0,0.0,17.0,35,0.25,0.0,0.0,0,0,0,0.0,0,0,0.028169014084507043,0.028169014084507043,0.2112676056338028,0.0,1,0,4
sql,sql_236,0,0,0,0,0,0,0,0,0,0,0,0,0,0,0,0,0,0,0,0,0,0,0,0,0,2,1,0,0,0,0,0,0,0,0,0,0,2,0,0,0,0,0.0,0.0,0.014925373134328358,0.0,0.014925373134328358,0.0,0.0,0.0,0.0,0.0,0.0,0.0,0.0,0.0,0.0,16.0,35,0.25,0.0,0.0,0,0,0,0.0,0,0,0.029850746268656716,0.029850746268656716,0.22388059701492538,0.0,1,0,4
sql,sql_264,0,0,0,0,0,0,0,0,0,0,0,0,0,0,0,0,0,0,0,0,0,0,0,0,0,3,1,0,0,0,0,0,0,0,0,0,0,2,0,0,0,0,0.0,0.0,0.015151515151515152,0.0,0.015151515151515152,0.0,0.0,0.0,0.0,0.0,0.0,0.0,0.0,0.0,0.0,15.75,35,0.25,0.0,0.0,0,0,0,0.0,0,0,0.030303030303030304,0.030303030303030304,0.22727272727272727,0.0,1,0,4
sql,sql_296,0,0,0,0,0,0,0,0,0,0,0,0,0,0,0,0,0,0,0,0,0,0,0,0,0,2,1,0,0,0,0,0,0,0,0,0,0,2,0,0,0,0,0.0,0.0,0.014492753623188406,0.0,0.014492753623188406,0.0,0.0,0.0,0.0,0.0,0.0,0.0,0.0,0.0,0.0,22.333333333333332,35,0.0,0.0,0.0,0,0,0,0.0,0,0,0.028985507246376812,0.028985507246376812,0.21739130434782608,0.0,1,0,3
sql,sql_328,0,0,0,0,0,0,0,0,0,0,0,0,0,0,0,0,0,0,0,0,0,0,0,0,0,1,0,0,0,0,0,0,0,0,0,0,0,2,0,0,0,0,0.0,0.0,0.009708737864077669,0.0,0.0,0.0,0.0,0.0,0.009708737864077669,0.019417475728155338,0.0,0.019417475728155338,0.0,0.038834951456310676,0.0,25.0,68,0.25,0.0,0.0,0,0,0,0.0,0,0,0.04854368932038835,0.0,0.1650485436893204,0.009708737864077669,1,0,4
sql,sql_334,0,0,0,0,0,0,0,0,0,0,0,0,0,0,0,0,0,0,0,0,0,0,0,0,0,0,0,0,0,0,0,0,0,0,0,0,0,2,0,0,0,0,0.0,0.0,0.009345794392523364,0.0,0.0,0.0,0.0,0.0,0.009345794392523364,0.018691588785046728,0.0,0.018691588785046728,0.0,0.037383177570093455,0.0,26.0,68,0.25,0.0,0.0,0,0,0,0.0,0,0,0.04672897196261682,0.0,0.1588785046728972,0.009345794392523364,1,0,4
sql,sql_341,0,0,0,0,0,0,0,0,0,0,0,0,0,0,0,0,0,0,0,0,0,0,0,0,0,1,1,0,0,0,0,0,0,0,0,0,0,1,0,0,0,0,0.0,0.0,0.019230769230769232,0.0,0.019230769230769232,0.0,0.0,0.0,0.0,0.0,0.0,0.0,0.0,0.0,0.0,16.666666666666668,35,0.3333333333333333,0.0,0.0,0,0,0,0.0,0,0,0.038461538461538464,0.038461538461538464,0.28846153846153844,0.0,1,0,3
sql,sql_343,0,0,0,0,0,0,0,0,0,0,0,0,0,0,0,0,0,0,0,0,0,0,0,0,0,2,1,0,0,0,0,0,0,0,0,0,0,2,0,0,0,0,0.0,0.0,0.014285714285714285,0.0,0.014285714285714285,0.0,0.0,0.0,0.0,0.0,0.0,0.0,0.0,0.0,0.0,16.75,35,0.25,0.0,0.0,0,0,0,0.0,0,0,0.02857142857142857,0.02857142857142857,0.21428571428571427,0.0,1,0,4
sql,sql_359,0,0,0,0,0,0,0,0,0,0,0,0,0,0,0,0,0,0,0,0,0,0,0,0,0,0,0,0,0,0,0,0,0,0,0,0,0,2,0,0,0,0,0.0,0.0,0.009900990099009901,0.0,0.0,0.0,0.0,0.0,0.009900990099009901,0.019801980198019802,0.0,0.019801980198019802,0.0,0.039603960396039604,0.0,24.5,68,0.25,0.0,0.0,0,0,0,0.0,0,0,0.04950495049504951,0.0,0.16831683168316833,0.009900990099009901,1,0,4
sql,sql_401,0,0,0,0,0,0,0,0,0,0,0,0,0,0,0,0,0,0,0,0,0,0,0,0,0,1,0,0,0,0,0,0,0,0,0,0,0,2,0,0,0,0,0.0,0.0,0.012345679012345678,0.0,0.0,0.0,0.024691358024691357,0.0,0.0,0.0,0.0,0.0,0.0,0.0,0.0,26.333333333333332,47,0.0,0.0,0.0,0,0,0,0.0,0,0,0.012345679012345678,0.06172839506172839,0.1728395061728395,0.012345679012345678,1,0,3
sql,sql_403,0,0,0,0,0,0,0,0,0,0,0,0,0,0,0,0,0,0,0,0,0,0,0,0,0,1,0,0,0,0,0,0,0,0,0,0,0,2,0,0,0,0,0.0,0.0,0.009708737864077669,0.0,0.0,0.0,0.0,0.0,0.009708737864077669,0.019417475728155338,0.0,0.019417475728155338,0.0,0.038834951456310676,0.0,25.0,68,0.25,0.0,0.0,0,0,0,0.0,0,0,0.04854368932038835,0.0,0.1650485436893204,0.009708737864077669,1,0,4
sql,sql_407,0,0,0,0,0,0,0,0,0,0,0,0,0,0,0,0,0,0,0,0,0,0,0,0,0,1,0,0,0,0,0,0,0,0,0,0,0,2,0,0,0,0,0.0,0.0,0.012658227848101266,0.0,0.0,0.0,0.02531645569620253,0.0,0.0,0.0,0.0,0.0,0.0,0.0,0.0,19.0,47,0.25,0.0,0.0,0,0,0,0.0,0,0,0.012658227848101266,0.06329113924050633,0.17721518987341772,0.012658227848101266,1,0,4
sql,sql_409,0,0,0,0,0,0,0,0,0,0,0,0,0,0,0,0,0,0,0,0,0,0,0,0,0,0,0,0,0,0,0,0,0,0,0,0,0,2,0,0,0,0,0.0,0.0,0.009708737864077669,0.0,0.0,0.0,0.0,0.0,0.009708737864077669,0.019417475728155338,0.0,0.019417475728155338,0.0,0.038834951456310676,0.0,33.666666666666664,68,0.0,0.0,0.0,0,0,0,0.0,0,0,0.04854368932038835,0.0,0.1650485436893204,0.009708737864077669,1,0,3
sql,sql_422,0,0,0,0,0,0,0,0,0,0,0,0,0,0,0,0,0,0,0,0,0,0,0,0,0,0,0,0,0,0,0,0,0,0,0,0,0,2,0,0,0,0,0.0,0.0,0.01,0.0,0.0,0.0,0.0,0.0,0.01,0.02,0.0,0.02,0.0,0.04,0.0,32.666666666666664,68,0.0,0.0,0.0,0,0,0,0.0,0,0,0.05,0.0,0.17,0.01,1,0,3
sql,sql_442,0,0,0,0,0,0,0,0,0,0,0,0,0,0,0,0,0,0,0,0,0,0,0,0,0,2,0,0,0,0,0,0,0,0,0,0,0,2,0,0,0,0,0.0,0.0,0.012987012987012988,0.0,0.0,0.0,0.025974025974025976,0.0,0.0,0.0,0.0,0.0,0.0,0.0,0.0,25.0,47,0.0,0.0,0.0,0,0,0,0.0,0,0,0.012987012987012988,0.06493506493506493,0.18181818181818182,0.012987012987012988,1,0,3
sql,sql_463,0,0,0,0,0,0,0,0,0,0,0,0,0,0,0,0,0,0,0,0,0,0,0,0,0,1,0,0,0,0,0,0,0,0,0,0,0,2,0,0,0,0,0.0,0.0,0.00980392156862745,0.0,0.0,0.0,0.0,0.0,0.00980392156862745,0.0196078431372549,0.0,0.0196078431372549,0.0,0.0392156862745098,0.0,33.333333333333336,68,0.0,0.0,0.0,0,0,0,0.0,0,0,0.049019607843137254,0.0,0.16666666666666666,0.00980392156862745,1,0,3
sql,sql_468,0,0,0,0,0,0,0,0,0,0,0,0,0,0,0,0,0,0,0,0,0,0,0,0,0,0,0,0,0,0,0,0,0,0,0,0,0,2,0,0,0,0,0.0,0.0,0.009615384615384616,0.0,0.0,0.0,0.0,0.0,0.009615384615384616,0.019230769230769232,0.0,0.019230769230769232,0.0,0.038461538461538464,0.0,25.25,68,0.25,0.0,0.0,0,0,0,0.0,0,0,0.04807692307692308,0.0,0.16346153846153846,0.009615384615384616,1,0,4
sql,sql_473,0,0,0,0,0,0,0,0,0,0,0,0,0,0,0,0,0,0,0,0,0,0,0,0,0,1,1,0,0,0,0,0,0,0,0,0,0,2,0,0,0,0,0.0,0.0,0.014705882352941176,0.0,0.014705882352941176,0.0,0.0,0.0,0.0,0.0,0.0,0.0,0.0,0.0,0.0,16.25,35,0.25,0.0,0.0,0,0,0,0.0,0,0,0.029411764705882353,0.029411764705882353,0.22058823529411764,0.0,1,0,4
sql,sql_571,0,0,0,0,0,0,0,0,0,0,0,0,0,0,0,0,0,0,0,0,0,0,0,0,0,2,1,0,0,0,0,0,0,0,0,0,0,2,0,0,0,0,0.0,0.0,0.014492753623188406,0.0,0.014492753623188406,0.0,0.0,0.0,0.0,0.0,0.0,0.0,0.0,0.0,0.0,22.333333333333332,35,0.0,0.0,0.0,0,0,0,0.0,0,0,0.028985507246376812,0.028985507246376812,0.21739130434782608,0.0,1,0,3
sql,sql_603,0,0,0,0,0,0,0,0,0,0,0,0,0,0,0,0,0,0,0,0,0,0,0,0,0,1,0,0,0,0,0,0,0,0,0,0,0,2,0,0,0,0,0.0,0.0,0.010101010101010102,0.0,0.0,0.0,0.0,0.0,0.010101010101010102,0.020202020202020204,0.0,0.020202020202020204,0.0,0.04040404040404041,0.0,32.333333333333336,68,0.0,0.0,0.0,0,0,0,0.0,0,0,0.050505050505050504,0.0,0.1717171717171717,0.010101010101010102,1,0,3
sql,sql_666,0,0,0,0,0,0,0,0,0,0,0,0,0,0,0,0,0,0,0,0,0,0,0,0,0,2,1,0,0,0,0,0,0,0,0,0,0,2,0,0,0,0,0.0,0.0,0.014925373134328358,0.0,0.014925373134328358,0.0,0.0,0.0,0.0,0.0,0.0,0.0,0.0,0.0,0.0,16.0,35,0.25,0.0,0.0,0,0,0,0.0,0,0,0.029850746268656716,0.029850746268656716,0.22388059701492538,0.0,1,0,4
sql,sql_678,0,0,0,0,0,0,0,0,0,0,0,0,0,0,0,0,0,0,0,0,0,0,0,0,0,2,0,0,0,0,0,0,0,0,0,0,0,2,0,0,0,0,0.0,0.0,0.010101010101010102,0.0,0.0,0.0,0.0,0.0,0.010101010101010102,0.020202020202020204,0.0,0.020202020202020204,0.0,0.04040404040404041,0.0,24.0,68,0.25,0.0,0.0,0,0,0,0.0,0,0,0.050505050505050504,0.0,0.1717171717171717,0.010101010101010102,1,0,4
sql,sql_698,0,0,0,0,0,0,0,0,0,0,0,0,0,0,0,0,0,0,0,0,0,0,0,0,0,0,0,0,0,0,0,0,0,0,0,0,0,2,0,0,0,0,0.0,0.0,0.012048192771084338,0.0,0.0,0.0,0.024096385542168676,0.0,0.0,0.0,0.0,0.0,0.0,0.0,0.0,20.0,47,0.25,0.0,0.0,0,0,0,0.0,0,0,0.012048192771084338,0.060240963855421686,0.1686746987951807,0.012048192771084338,1,0,4
sql,sql_763,0,0,0,0,0,0,0,0,0,0,0,0,0,0,0,0,0,0,0,0,0,0,0,0,0,0,0,0,0,0,0,0,0,0,0,0,0,1,0,0,0,0,0.0,0.0,0.011363636363636364,0.0,0.0,0.0,0.0,0.0,0.011363636363636364,0.022727272727272728,0.0,0.022727272727272728,0.0,0.045454545454545456,0.0,28.666666666666668,68,0.3333333333333333,0.0,0.0,0,0,0,0.0,0,0,0.056818181818181816,0.0,0.19318181818181818,0.011363636363636364,1,0,3
sql,sql_765,0,0,0,0,0,0,0,0,0,0,0,0,0,0,0,0,0,0,0,0,0,0,0,0,0,0,0,0,0,0,0,0,0,0,0,0,0,2,0,0,0,0,0.0,0.0,0.012658227848101266,0.0,0.0,0.0,0.02531645569620253,0.0,0.0,0.0,0.0,0.0,0.0,0.0,0.0,25.666666666666668,47,0.0,0.0,0.0,0,0,0,0.0,0,0,0.012658227848101266,0.06329113924050633,0.17721518987341772,0.012658227848101266,1,0,3
sql,sql_769,0,0,0,0,0,0,0,0,0,0,0,0,0,0,0,0,0,0,0,0,0,0,0,0,0,0,0,0,0,0,0,0,0,0,0,0,0,2,0,0,0,0,0.0,0.0,0.012195121951219513,0.0,0.0,0.0,0.024390243902439025,0.0,0.0,0.0,0.0,0.0,0.0,0.0,0.0,26.666666666666668,47,0.0,0.0,0.0,0,0,0,0.0,0,0,0.012195121951219513,0.06097560975609756,0.17073170731707318,0.012195121951219513,1,0,3
sql,sql_775,0,0,0,0,0,0,0,0,0,0,0,0,0,0,0,0,0,0,0,0,0,0,0,0,0,1,1,0,0,0,0,0,0,0,0,0,0,2,0,0,0,0,0.0,0.0,0.014084507042253521,0.0,0.014084507042253521,0.0,0.0,0.0,0.0,0.0,0.0,0.0,0.0,0.0,0.0,17.0,35,0.25,0.0,0.0,0,0,0,0.0,0,0,0.028169014084507043,0.028169014084507043,0.2112676056338028,0.0,1,0,4
sql,sql_790,0,0,0,0,0,0,0,0,0,0,0,0,0,0,0,0,0,0,0,0,0,0,0,0,0,1,0,0,0,0,0,0,0,0,0,0,0,2,0,0,0,0,0.0,0.0,0.01,0.0,0.0,0.0,0.0,0.0,0.01,0.02,0.0,0.02,0.0,0.04,0.0,24.25,68,0.25,0.0,0.0,0,0,0,0.0,0,0,0.05,0.0,0.17,0.01,1,0,4
sql,sql_837,0,0,0,0,0,0,0,0,0,0,0,0,0,0,0,0,0,0,0,0,0,0,0,0,0,3,1,0,0,0,0,0,0,0,0,0,0,2,0,0,0,0,0.0,0.0,0.015384615384615385,0.0,0.015384615384615385,0.0,0.0,0.0,0.0,0.0,0.0,0.0,0.0,0.0,0.0,21.0,35,0.0,0.0,0.0,0,0,0,0.0,0,0,0.03076923076923077,0.03076923076923077,0.23076923076923078,0.0,1,0,3
html,html_0,1,0,0,0,0,0,0,0,1,0,0,0,0,0,0,0,0,0,0,0,0,0,0,0,0,0,0,0,0,0,0,0,0,0,0,0,0,0,2,0,0,0,0.0,0.0,0.0,0.09774436090225563,0.09774436090225563,0.0,0.0,0.0,0.0,0.0,0.0,0.0,0.0,0.0,0.0,13.88888888888889,32,0.0,0.0,0.0,0,2,0,1.4444444444444444,0,0,0.23308270676691728,0.015037593984962405,0.06766917293233082,0.0,0,0,9
html,html_1,0,1,0,0,0,0,0,0,0,0,0,0,0,0,0,0,0,0,0,0,0,0,0,0,0,0,0,0,0,0,0,0,0,0,0,0,0,0,0,0,0,0,0.0,0.0,0.0,0.0847457627118644,0.0847457627118644,0.0,0.01694915254237288,0.0,0.0,0.0,0.0,0.0,0.03389830508474576,0.0,0.0,14.0,22,0.0,0.0,0.25,0,0,0,1.25,0,0,0.2033898305084746,0.03389830508474576,0.01694915254237288,0.01694915254237288,0,0,4
html,html_2,1,0,0,0,0,0,0,0,1,0,0,0,0,0,0,0,0,0,0,0,0,0,0,0,0,0,0,0,0,0,0,0,0,0,0,0,0,0,0,0,0,0,0.0,0.0,0.0,0.11578947368421053,0.11578947368421053,0.0,0.0,0.0,0.0,0.0,0.0,0.0,0.0,0.0,0.0,12.714285714285714,32,0.0,0.0,0.0,0,0,0,1.5714285714285714,0,0,0.28421052631578947,0.021052631578947368,0.09473684210526316,0.0,0,0,7
html,html_3,0,0,0,0,0,0,0,0,0,0,0,1,0,0,0,0,0,0,0,0,0,0,0,0,0,0,0,0,0,0,0,0,0,0,0,0,0,0,2,0,0,0,0.0,0.0,0.0,0.061224489795918366,0.061224489795918366,0.0,0.01020408163265306,0.0,0.0,0.0,0.0,0.0,0.02040816326530612,0.0,0.0,18.8,23,0.0,0.0,0.2,0,2,0,1.2,0,0,0.14285714285714285,0.0,0.01020408163265306,0.0,0,0,5
html,html_5,0,0,0,0,0,0,0,0,0,0,0,1,0,0,0,0,0,0,0,0,0,0,0,0,0,0,0,0,0,0,0,0,0,0,0,0,0,0,1,0,0,0,0.0,0.0,0.0,0.07142857142857142,0.07142857142857142,0.0,0.014285714285714285,0.0,0.0,0.0,0.0,0.0,0.02857142857142857,0.0,0.0,16.75,23,0.0,0.0,0.25,0,1,0,1.25,0,0,0.17142857142857143,0.0,0.014285714285714285,0.0,0,0,4
html,html_6,0,1,0,0,0,0,0,0,0,0,0,0,0,0,0,0,0,0,0,0,0,0,0,0,0,0,0,0,0,0,0,0,0,0,0,0,0,0,1,0,0,0,0.0,0.0,0.0,0.07407407407407407,0.07407407407407407,0.0,0.012345679012345678,0.0,0.0,0.0,0.0,0.0,0.024691358024691357,0.0,0.0,15.4,22,0.0,0.0,0.2,0,1,0,1.2,0,0,0.1728395061728395,0.024691358024691357,0.012345679012345678,0.012345679012345678,0,0,5
html,html_11,0,0,0,0,0,0,0,0,0,0,0,1,0,0,0,0,0,0,0,0,0,0,0,0,0,0,0,0,0,0,0,0,0,0,0,0,0,0,2,0,0,0,0.0,0.0,0.0,0.06060606060606061,0.06060606060606061,0.0,0.010101010101010102,0.0,0.0,0.0,0.0,0.0,0.020202020202020204,0.0,0.0,15.666666666666666,23,0.16666666666666666,0.0,0.16666666666666666,0,2,0,1.0,0,0,0.1414141414141414,0.0,0.010101010101010102,0.0,0,0,6
html,html_12,1,0,0,0,0,0,0,0,1,0,0,0,0,0,0,0,0,0,0,0,0,0,0,0,0,0,0,0,0,0,0,0,0,0,0,0,0,0,1,0,0,0,0.0,0.0,0.0,0.10256410256410256,0.10256410256410256,0.0,0.0,0.0,0.0,0.0,0.0,0.0,0.0,0.0,0.0,13.75,32,0.0,0.0,0.0,0,1,0,1.5,0,0,0.24786324786324787,0.017094017094017096,0.07692307692307693,0.0,0,0,8
html,html_13,0,0,0,0,0,0,0,0,0,0,0,1,0,0,0,0,0,0,0,0,0,0,0,0,0,0,0,0,0,0,0,0,0,0,0,0,0,0,1,0,0,0,0.0,0.0,0.0,0.06578947368421052,0.06578947368421052,0.0,0.013157894736842105,0.0,0.0,0.0,0.0,0.0,0.02631578947368421,0.0,0.0,18.25,23,0.0,0.0,0.25,0,1,0,1.25,0,0,0.15789473684210525,0.0,0.013157894736842105,0.0,0,0,4
html,html_14,0,0,0,0,0,0,0,0,0,0,0,1,0,0,0,0,0,0,0,0,0,0,0,0,0,0,0,0,0,0,0,0,0,0,0,0,0,0,1,0,0,0,0.0,0.0,0.0,0.07042253521126761,0.07042253521126761,0.0,0.014084507042253521,0.0,0.0,0.0,0.0,0.0,0.028169014084507043,0.0,0.0,13.4,23,0.2,0.0,0.2,0,1,0,1.0,0,0,0.16901408450704225,0.0,0.014084507042253521,0.0,0,0,5
html,html_15,0,0,0,0,0,0,0,0,0,0,0,1,0,0,0,0,0,0,0,0,0,0,0,0,0,0,0,0,0,0,0,0,0,0,0,0,0,0,1,0,0,0,0.0,0.0,0.0,0.07142857142857142,0.07142857142857142,0.0,0.014285714285714285,0.0,0.0,0.0,0.0,0.0,0.02857142857142857,0.0,0.0,16.75,23,0.0,0.0,0.25,0,1,0,1.25,0,0,0.17142857142857143,0.0,0.014285714285714285,0.0,0,0,4
html,html_16,1,0,0,0,0,0,0,0,1,0,0,0,0,0,0,0,0,0,0,0,0,0,0,0,0,0,0,0,0,0,0,0,0,0,0,0,0,0,2,0,0,0,0.0,0.0,0.0,0.09774436090225563,0.09774436090225563,0.0,0.0,0.0,0.0,0.0,0.0,0.0,0.0,0.0,0.0,13.88888888888889,32,0.0,0.0,0.0,0,2,0,1.4444444444444444,0,0,0.23308270676691728,0.015037593984962405,0.06766917293233082,0.0,0,0,9
html,html_23,1,0,0,0,0,0,0,0,1,0,0,0,0,0,0,0,0,0,0,0,0,0,0,0,0,0,0,0,0,0,0,0,0,0,0,0,0,0,1,0,0,0,0.0,0.0,0.0,0.10810810810810811,0.10810810810810811,0.0,0.0,0.0,0.0,0.0,0.0,0.0,0.0,0.0,0.0,13.0,32,0.0,0.0,0.0,0,1,0,1.5,0,0,0.26126126126126126,0.018018018018018018,0.08108108108108109,0.0,0,0,8
html,html_25,0,1,0,0,0,0,0,0,0,0,0,0,0,0,0,0,0,0,0,0,0,0,0,0,0,0,0,0,0,0,0,0,0,0,0,0,0,0,1,0,0,0,0.0,0.0,0.0,0.08,0.08,0.0,0.013333333333333334,0.0,0.0,0.0,0.0,0.0,0.02666666666666667,0.0,0.0,14.2,22,0.0,0.0,0.2,0,1,0,1.2,0,0,0.18666666666666668,0.02666666666666667,0.013333333333333334,0.013333333333333334,0,0,5
html,html_26,0,1,0,0,0,0,0,0,0,0,0,0,0,0,0,0,0,0,0,0,0,0,0,0,0,0,0,0,0,0,0,0,0,0,0,0,0,0,2,0,0,0,0.0,0.0,0.0,0.0673076923076923,0.0673076923076923,0.0,0.009615384615384616,0.0,0.0,0.0,0.0,0.0,0.019230769230769232,0.0,0.0,14.0,22,0.14285714285714285,0.0,0.14285714285714285,0,2,0,1.0,0,0,0.15384615384615385,0.019230769230769232,0.009615384615384616,0.009615384615384616,0,0,7
html,html_28,0,1,0,0,0,0,0,0,0,0,0,0,0,0,0,0,0,0,0,0,0,0,0,0,0,0,0,0,0,0,0,0,0,0,0,0,0,0,1,0,0,0,0.0,0.0,0.0,0.08,0.08,0.0,0.013333333333333334,0.0,0.0,0.0,0.0,0.0,0.02666666666666667,0.0,0.0,14.2,22,0.0,0.0,0.2,0,1,0,1.2,0,0,0.18666666666666668,0.02666666666666667,0.013333333333333334,0.013333333333333334,0,0,5
html,html_29,0,0,0,0,0,0,0,0,0,0,0,1,0,0,0,0,0,0,0,0,0,0,0,0,0,0,0,0,0,0,0,0,0,0,0,0,0,0,0,0,0,0,0.0,0.0,0.0,0.07407407407407407,0.07407407407407407,0.0,0.018518518518518517,0.0,0.0,0.0,0.0,0.0,0.037037037037037035,0.0,0.0,17.333333333333332,23,0.0,0.0,0.3333333333333333,0,0,0,1.3333333333333333,0,0,0.18518518518518517,0.0,0.018518518518518517,0.0,0,0,3
html,html_31,1,0,0,0,0,0,0,0,1,0,0,0,0,0,0,0,0,0,0,0,0,0,0,0,0,0,0,0,0,0,0,0,0,0,0,0,0,0,2,0,0,0,0.0,0.0,0.0,0.10236220472440945,0.10236220472440945,0.0,0.0,0.0,0.0,0.0,0.0,0.0,0.0,0.0,0.0,13.222222222222221,32,0.0,0.0,0.0,0,2,0,1.4444444444444444,0,0,0.2440944881889764,0.015748031496062992,0.07086614173228346,0.0,0,0,9
html,html_32,0,1,0,0,0,0,0,0,0,0,0,0,0,0,0,0,0,0,0,0,0,0,0,0,0,0,0,0,0,0,0,0,0,0,0,0,0,0,2,0,0,0,0.0,0.0,0.0,0.07608695652173914,0.07608695652173914,0.0,0.010869565217391304,0.0,0.0,0.0,0.0,0.0,0.021739130434782608,0.0,0.0,12.285714285714286,22,0.14285714285714285,0.0,0.14285714285714285,0,2,0,1.0,0,0,0.17391304347826086,0.021739130434782608,0.010869565217391304,0.010869565217391304,0,0,7
html,html_35,1,0,0,0,0,0,0,0,1,0,0,0,0,0,0,0,0,0,0,0,0,0,0,0,0,0,0,0,0,0,0,0,0,0,0,0,0,0,1,0,0,0,0.0,0.0,0.0,0.10810810810810811,0.10810810810810811,0.0,0.0,0.0,0.0,0.0,0.0,0.0,0.0,0.0,0.0,13.0,32,0.0,0.0,0.0,0,1,0,1.5,0,0,0.26126126126126126,0.018018018018018018,0.08108108108108109,0.0,0,0,8
html,html_42,1,0,0,0,0,0,0,0,1,0,0,0,0,0,0,0,0,0,0,0,0,0,0,0,0,0,0,0,0,0,0,0,0,0,0,0,0,0,2,0,0,0,0.0,0.0,0.0,0.10236220472440945,0.10236220472440945,0.0,0.0,0.0,0.0,0.0,0.0,0.0,0.0,0.0,0.0,13.222222222222221,32,0.0,0.0,0.0,0,2,0,1.4444444444444444,0,0,0.2440944881889764,0.015748031496062992,0.07086614173228346,0.0,0,0,9
html,html_46,1,0,0,0,0,0,0,0,1,0,0,0,0,0,0,0,0,0,0,0,0,0,0,0,0,0,0,0,0,0,0,0,0,0,0,0,0,0,2,0,0,0,0.0,0.0,0.0,0.09352517985611511,0.09352517985611511,0.0,0.0,0.0,0.0,0.0,0.0,0.0,0.0,0.0,0.0,14.555555555555555,32,0.0,0.0,0.0,0,2,0,1.4444444444444444,0,0,0.22302158273381295,0.014388489208633094,0.06474820143884892,0.0,0,0,9
html,html_50,0,0,0,0,0,0,0,0,0,0,0,1,0,0,0,0,0,0,0,0,0,0,0,0,0,0,0,0,0,0,0,0,0,0,0,0,0,0,2,0,0,0,0.0,0.0,0.0,0.06521739130434782,0.06521739130434782,0.0,0.010869565217391304,0.0,0.0,0.0,0.0,0.0,0.021739130434782608,0.0,0.0,17.6,23,0.0,0.0,0.2,0,2,0,1.2,0,0,0.15217391304347827,0.0,0.010869565217391304,0.0,0,0,5
html,html_51,0,1,0,0,0,0,0,0,0,0,0,0,0,0,0,0,0,0,0,0,0,0,0,0,0,0,0,0,0,0,0,0,0,0,0,0,0,0,1,0,0,0,0.0,0.0,0.0,0.07894736842105263,0.07894736842105263,0.0,0.013157894736842105,0.0,0.0,0.0,0.0,0.0,0.02631578947368421,0.0,0.0,11.833333333333334,22,0.16666666666666666,0.0,0.16666666666666666,0,1,0,1.0,0,0,0.18421052631578946,0.02631578947368421,0.013157894736842105,0.013157894736842105,0,0,6
html,html_55,1,0,0,0,0,0,0,0,1,0,0,0,0,0,0,0,0,0,0,0,0,0,0,0,0,0,0,0,0,0,0,0,0,0,0,0,0,0,1,0,0,0,0.0,0.0,0.0,0.1016949152542373,0.1016949152542373,0.0,0.0,0.0,0.0,0.0,0.0,0.0,0.0,0.0,0.0,12.222222222222221,32,0.1111111111111111,0.0,0.0,0,1,0,1.3333333333333333,0,0,0.2457627118644068,0.01694915254237288,0.07627118644067797,0.0,0,0,9
html,html_77,0,1,0,0,0,0,0,0,0,0,0,0,0,0,0,0,0,0,0,0,0,0,0,0,0,0,0,0,0,0,0,0,0,0,0,0,0,0,2,0,0,0,0.0,0.0,0.0,0.07216494845360824,0.07216494845360824,0.0,0.010309278350515464,0.0,0.0,0.0,0.0,0.0,0.020618556701030927,0.0,0.0,15.333333333333334,22,0.0,0.0,0.16666666666666666,0,2,0,1.1666666666666667,0,0,0.16494845360824742,0.020618556701030927,0.010309278350515464,0.010309278350515464,0,0,6
html,html_79,0,0,0,0,0,0,0,0,0,0,0,1,0,0,0,0,0,0,0,0,0,0,0,0,0,0,0,0,0,0,0,0,0,0,0,0,0,0,2,0,0,0,0.0,0.0,0.0,0.06976744186046512,0.06976744186046512,0.0,0.011627906976744186,0.0,0.0,0.0,0.0,0.0,0.023255813953488372,0.0,0.0,16.4,23,0.0,0.0,0.2,0,2,0,1.2,0,0,0.16279069767441862,0.0,0.011627906976744186,0.0,0,0,5
html,html_89,0,0,0,0,0,0,0,0,0,0,0,1,0,0,0,0,0,0,0,0,0,0,0,0,0,0,0,0,0,0,0,0,0,0,0,0,0,0,1,0,0,0,0.0,0.0,0.0,0.07042253521126761,0.07042253521126761,0.0,0.014084507042253521,0.0,0.0,0.0,0.0,0.0,0.028169014084507043,0.0,0.0,13.4,23,0.2,0.0,0.2,0,1,0,1.0,0,0,0.16901408450704225,0.0,0.014084507042253521,0.0,0,0,5
html,html_92,0,0,0,0,0,0,0,0,0,0,0,1,0,0,0,0,0,0,0,0,0,0,0,0,0,0,0,0,0,0,0,0,0,0,0,0,0,0,2,0,0,0,0.0,0.0,0.0,0.06896551724137931,0.06896551724137931,0.0,0.011494252873563218,0.0,0.0,0.0,0.0,0.0,0.022988505747126436,0.0,0.0,13.666666666666666,23,0.16666666666666666,0.0,0.16666666666666666,0,2,0,1.0,0,0,0.16091954022988506,0.0,0.011494252873563218,0.0,0,0,6
html,html_105,0,0,0,0,0,0,0,0,0,0,0,1,0,0,0,0,0,0,0,0,0,0,0,0,0,0,0,0,0,0,0,0,0,0,0,0,0,0,2,0,0,0,0.0,0.0,0.0,0.06451612903225806,0.06451612903225806,0.0,0.010752688172043012,0.0,0.0,0.0,0.0,0.0,0.021505376344086023,0.0,0.0,14.666666666666666,23,0.16666666666666666,0.0,0.16666666666666666,0,2,0,1.0,0,0,0.15053763440860216,0.0,0.010752688172043012,0.0,0,0,6
html,html_109,0,0,0,0,0,0,0,0,0,0,0,1,0,0,0,0,0,0,0,0,0,0,0,0,0,0,0,0,0,0,0,0,0,0,0,0,0,0,2,0,0,0,0.0,0.0,0.0,0.06976744186046512,0.06976744186046512,0.0,0.011627906976744186,0.0,0.0,0.0,0.0,0.0,0.023255813953488372,0.0,0.0,16.4,23,0.0,0.0,0.2,0,2,0,1.2,0,0,0.16279069767441862,0.0,0.011627906976744186,0.0,0,0,5
html,html_115,1,0,0,0,0,0,0,0,1,0,0,0,0,0,0,0,0,0,0,0,0,0,0,0,0,0,0,0,0,0,0,0,0,0,0,0,0,0,2,0,0,0,0.0,0.0,0.0,0.1015625,0.1015625,0.0,0.0,0.0,0.0,0.0,0.0,0.0,0.0,0.0,0.0,11.9,32,0.1,0.0,0.0,0,2,0,1.3,0,0,0.2421875,0.015625,0.0703125,0.0,0,0,10
html,html_141,1,0,0,0,0,0,0,0,1,0,0,0,0,0,0,0,0,0,0,0,0,0,0,0,0,0,0,0,0,0,0,0,0,0,0,0,0,0,1,0,0,0,0.0,0.0,0.0,0.10714285714285714,0.10714285714285714,0.0,0.0,0.0,0.0,0.0,0.0,0.0,0.0,0.0,0.0,11.555555555555555,32,0.1111111111111111,0.0,0.0,0,1,0,1.3333333333333333,0,0,0.25892857142857145,0.017857142857142856,0.08035714285714286,0.0,0,0,9
html,html_147,1,0,0,0,0,0,0,0,1,0,0,0,0,0,0,0,0,0,0,0,0,0,0,0,0,0,0,0,0,0,0,0,0,0,0,0,0,0,2,0,0,0,0.0,0.0,0.0,0.1015625,0.1015625,0.0,0.0,0.0,0.0,0.0,0.0,0.0,0.0,0.0,0.0,11.9,32,0.1,0.0,0.0,0,2,0,1.3,0,0,0.2421875,0.015625,0.0703125,0.0,0,0,10
html,html_159,0,1,0,0,0,0,0,0,0,0,0,0,0,0,0,0,0,0,0,0,0,0,0,0,0,0,0,0,0,0,0,0,0,0,0,0,0,0,2,0,0,0,0.0,0.0,0.0,0.07692307692307693,0.07692307692307693,0.0,0.01098901098901099,0.0,0.0,0.0,0.0,0.0,0.02197802197802198,0.0,0.0,14.333333333333334,22,0.0,0.0,0.16666666666666666,0,2,0,1.1666666666666667,0,0,0.17582417582417584,0.02197802197802198,0.01098901098901099,0.01098901098901099,0,0,6
html,html_163,0,0,0,0,0,0,0,0,0,0,0,1,0,0,0,0,0,0,0,0,0,0,0,0,0,0,0,0,0,0,0,0,0,0,0,0,0,0,1,0,0,0,0.0,0.0,0.0,0.06493506493506493,0.06493506493506493,0.0,0.012987012987012988,0.0,0.0,0.0,0.0,0.0,0.025974025974025976,0.0,0.0,14.6,23,0.2,0.0,0.2,0,1,0,1.0,0,0,0.15584415584415584,0.0,0.012987012987012988,0.0,0,0,5
html,html_166,0,1,0,0,0,0,0,0,0,0,0,0,0,0,0,0,0,0,0,0,0,0,0,0,0,0,0,0,0,0,0,0,0,0,0,0,0,0,2,0,0,0,0.0,0.0,0.0,0.07608695652173914,0.07608695652173914,0.0,0.010869565217391304,0.0,0.0,0.0,0.0,0.0,0.021739130434782608,0.0,0.0,12.285714285714286,22,0.14285714285714285,0.0,0.14285714285714285,0,2,0,1.0,0,0,0.17391304347826086,0.021739130434782608,0.010869565217391304,0.010869565217391304,0,0,7
html,html_168,0,1,0,0,0,0,0,0,0,0,0,0,0,0,0,0,0,0,0,0,0,0,0,0,0,0,0,0,0,0,0,0,0,0,0,0,0,0,2,0,0,0,0.0,0.0,0.0,0.06796116504854369,0.06796116504854369,0.0,0.009708737864077669,0.0,0.0,0.0,0.0,0.0,0.019417475728155338,0.0,0.0,16.333333333333332,22,0.0,0.0,0.16666666666666666,0,2,0,1.1666666666666667,0,0,0.1553398058252427,0.019417475728155338,0.009708737864077669,0.009708737864077669,0,0,6
html,html_179,1,0,0,0,0,0,0,0,1,0,0,0,0,0,0,0,0,0,0,0,0,0,0,0,0,0,0,0,0,0,0,0,0,0,0,0,0,0,2,0,0,0,0.0,0.0,0.0,0.09701492537313433,0.09701492537313433,0.0,0.0,0.0,0.0,0.0,0.0,0.0,0.0,0.0,0.0,12.5,32,0.1,0.0,0.0,0,2,0,1.3,0,0,0.23134328358208955,0.014925373134328358,0.06716417910447761,0.0,0,0,10
html,html_184,0,0,0,0,0,0,0,0,0,0,0,1,0,0,0,0,0,0,0,0,0,0,0,0,0,0,0,0,0,0,0,0,0,0,0,0,0,0,2,0,0,0,0.0,0.0,0.0,0.06521739130434782,0.06521739130434782,0.0,0.010869565217391304,0.0,0.0,0.0,0.0,0.0,0.021739130434782608,0.0,0.0,17.6,23,0.0,0.0,0.2,0,2,0,1.2,0,0,0.15217391304347827,0.0,0.010869565217391304,0.0,0,0,5
html,html_192,0,0,0,0,0,0,0,0,0,0,0,1,0,0,0,0,0,0,0,0,0,0,0,0,0,0,0,0,0,0,0,0,0,0,0,0,0,0,2,0,0,0,0.0,0.0,0.0,0.06896551724137931,0.06896551724137931,0.0,0.011494252873563218,0.0,0.0,0.0,0.0,0.0,0.022988505747126436,0.0,0.0,13.666666666666666,23,0.16666666666666666,0.0,0.16666666666666666,0,2,0,1.0,0,0,0.16091954022988506,0.0,0.011494252873563218,0.0,0,0,6
html,html_195,0,1,0,0,0,0,0,0,0,0,0,0,0,0,0,0,0,0,0,0,0,0,0,0,0,0,0,0,0,0,0,0,0,0,0,0,0,0,1,0,0,0,0.0,0.0,0.0,0.07894736842105263,0.07894736842105263,0.0,0.013157894736842105,0.0,0.0,0.0,0.0,0.0,0.02631578947368421,0.0,0.0,11.833333333333334,22,0.16666666666666666,0.0,0.16666666666666666,0,1,0,1.0,0,0,0.18421052631578946,0.02631578947368421,0.013157894736842105,0.013157894736842105,0,0,6
html,html_202,0,0,0,0,0,0,0,0,0,0,0,1,0,0,0,0,0,0,0,0,0,0,0,0,0,0,0,0,0,0,0,0,0,0,0,0,0,0,2,0,0,0,0.0,0.0,0.0,0.06451612903225806,0.06451612903225806,0.0,0.010752688172043012,0.0,0.0,0.0,0.0,0.0,0.021505376344086023,0.0,0.0,14.666666666666666,23,0.16666666666666666,0.0,0.16666666666666666,0,2,0,1.0,0,0,0.15053763440860216,0.0,0.010752688172043012,0.0,0,0,6
html,html_204,0,1,0,0,0,0,0,0,0,0,0,0,0,0,0,0,0,0,0,0,0,0,0,0,0,0,0,0,0,0,0,0,0,0,0,0,0,0,1,0,0,0,0.0,0.0,0.0,0.07317073170731707,0.07317073170731707,0.0,0.012195121951219513,0.0,0.0,0.0,0.0,0.0,0.024390243902439025,0.0,0.0,12.833333333333334,22,0.16666666666666666,0.0,0.16666666666666666,0,1,0,1.0,0,0,0.17073170731707318,0.024390243902439025,0.012195121951219513,0.012195121951219513,0,0,6
html,html_207,0,1,0,0,0,0,0,0,0,0,0,0,0,0,0,0,0,0,0,0,0,0,0,0,0,0,0,0,0,0,0,0,0,0,0,0,0,0,2,0,0,0,0.0,0.0,0.0,0.07608695652173914,0.07608695652173914,0.0,0.010869565217391304,0.0,0.0,0.0,0.0,0.0,0.021739130434782608,0.0,0.0,12.285714285714286,22,0.14285714285714285,0.0,0.14285714285714285,0,2,0,1.0,0,0,0.17391304347826086,0.021739130434782608,0.010869565217391304,0.010869565217391304,0,0,7
html,html_210,1,0,0,0,0,0,0,0,1,0,0,0,0,0,0,0,0,0,0,0,0,0,0,0,0,0,0,0,0,0,0,0,0,0,0,0,0,0,2,0,0,0,0.0,0.0,0.0,0.10236220472440945,0.10236220472440945,0.0,0.0,0.0,0.0,0.0,0.0,0.0,0.0,0.0,0.0,13.222222222222221,32,0.0,0.0,0.0,0,2,0,1.4444444444444444,0,0,0.2440944881889764,0.015748031496062992,0.07086614173228346,0.0,0,0,9
html,html_213,1,0,0,0,0,0,0,0,1,0,0,0,0,0,0,0,0,0,0,0,0,0,0,0,0,0,0,0,0,0,0,0,0,0,0,0,0,0,2,0,0,0,0.0,0.0,0.0,0.10236220472440945,0.10236220472440945,0.0,0.0,0.0,0.0,0.0,0.0,0.0,0.0,0.0,0.0,13.222222222222221,32,0.0,0.0,0.0,0,2,0,1.4444444444444444,0,0,0.2440944881889764,0.015748031496062992,0.07086614173228346,0.0,0,0,9
html,html_225,0,1,0,0,0,0,0,0,0,0,0,0,0,0,0,0,0,0,0,0,0,0,0,0,0,0,0,0,0,0,0,0,0,0,0,0,0,0,2,0,0,0,0.0,0.0,0.0,0.07142857142857142,0.07142857142857142,0.0,0.01020408163265306,0.0,0.0,0.0,0.0,0.0,0.02040816326530612,0.0,0.0,13.142857142857142,22,0.14285714285714285,0.0,0.14285714285714285,0,2,0,1.0,0,0,0.16326530612244897,0.02040816326530612,0.01020408163265306,0.01020408163265306,0,0,7
html,html_229,0,0,0,0,0,0,0,0,0,0,0,1,0,0,0,0,0,0,0,0,0,0,0,0,0,0,0,0,0,0,0,0,0,0,0,0,0,0,2,0,0,0,0.0,0.0,0.0,0.06521739130434782,0.06521739130434782,0.0,0.010869565217391304,0.0,0.0,0.0,0.0,0.0,0.021739130434782608,0.0,0.0,17.6,23,0.0,0.0,0.2,0,2,0,1.2,0,0,0.15217391304347827,0.0,0.010869565217391304,0.0,0,0,5
html,html_231,0,0,0,0,0,0,0,0,0,0,0,1,0,0,0,0,0,0,0,0,0,0,0,0,0,0,0,0,0,0,0,0,0,0,0,0,0,0,2,0,0,0,0.0,0.0,0.0,0.06976744186046512,0.06976744186046512,0.0,0.011627906976744186,0.0,0.0,0.0,0.0,0.0,0.023255813953488372,0.0,0.0,16.4,23,0.0,0.0,0.2,0,2,0,1.2,0,0,0.16279069767441862,0.0,0.011627906976744186,0.0,0,0,5
html,html_241,0,1,0,0,0,0,0,0,0,0,0,0,0,0,0,0,0,0,0,0,0,0,0,0,0,0,0,0,0,0,0,0,0,0,0,0,0,0,2,0,0,0,0.0,0.0,0.0,0.07142857142857142,0.07142857142857142,0.0,0.01020408163265306,0.0,0.0,0.0,0.0,0.0,0.02040816326530612,0.0,0.0,13.142857142857142,22,0.14285714285714285,0.0,0.14285714285714285,0,2,0,1.0,0,0,0.16326530612244897,0.02040816326530612,0.01020408163265306,0.01020408163265306,0,0,7
html,html_257,0,1,0,0,0,0,0,0,0,0,0,0,0,0,0,0,0,0,0,0,0,0,0,0,0,0,0,0,0,0,0,0,0,0,0,0,0,0,2,0,0,0,0.0,0.0,0.0,0.07216494845360824,0.07216494845360824,0.0,0.010309278350515464,0.0,0.0,0.0,0.0,0.0,0.020618556701030927,0.0,0.0,15.333333333333334,22,0.0,0.0,0.16666666666666666,0,2,0,1.1666666666666667,0,0,0.16494845360824742,0.020618556701030927,0.010309278350515464,0.010309278350515464,0,0,6
html,html_262,0,1,0,0,0,0,0,0,0,0,0,0,0,0,0,0,0,0,0,0,0,0,0,0,0,0,0,0,0,0,0,0,0,0,0,0,0,0,2,0,0,0,0.0,0.0,0.0,0.07692307692307693,0.07692307692307693,0.0,0.01098901098901099,0.0,0.0,0.0,0.0,0.0,0.02197802197802198,0.0,0.0,14.333333333333334,22,0.0,0.0,0.16666666666666666,0,2,0,1.1666666666666667,0,0,0.17582417582417584,0.02197802197802198,0.01098901098901099,0.01098901098901099,0,0,6
html,html_266,1,0,0,0,0,0,0,0,1,0,0,0,0,0,0,0,0,0,0,0,0,0,0,0,0,0,0,0,0,0,0,0,0,0,0,0,0,0,2,0,0,0,0.0,0.0,0.0,0.09701492537313433,0.09701492537313433,0.0,0.0,0.0,0.0,0.0,0.0,0.0,0.0,0.0,0.0,12.5,32,0.1,0.0,0.0,0,2,0,1.3,0,0,0.23134328358208955,0.014925373134328358,0.06716417910447761,0.0,0,0,10
html,html_306,1,0,0,0,0,0,0,0,1,0,0,0,0,0,0,0,0,0,0,0,0,0,0,0,0,0,0,0,0,0,0,0,0,0,0,0,0,0,2,0,0,0,0.0,0.0,0.0,0.09774436090225563,0.09774436090225563,0.0,0.0,0.0,0.0,0.0,0.0,0.0,0.0,0.0,0.0,13.88888888888889,32,0.0,0.0,0.0,0,2,0,1.4444444444444444,0,0,0.23308270676691728,0.015037593984962405,0.06766917293233082,0.0,0,0,9
html,html_328,0,0,0,0,0,0,0,0,0,0,0,1,0,0,0,0,0,0,0,0,0,0,0,0,0,0,0,0,0,0,0,0,0,0,0,0,0,0,2,0,0,0,0.0,0.0,0.0,0.06451612903225806,0.06451612903225806,0.0,0.010752688172043012,0.0,0.0,0.0,0.0,0.0,0.021505376344086023,0.0,0.0,14.666666666666666,23,0.16666666666666666,0.0,0.16666666666666666,0,2,0,1.0,0,0,0.15053763440860216,0.0,0.010752688172043012,0.0,0,0,6
html,html_406,0,1,0,0,0,0,0,0,0,0,0,0,0,0,0,0,0,0,0,0,0,0,0,0,0,0,0,0,0,0,0,0,0,0,0,0,0,0,2,0,0,0,0.0,0.0,0.0,0.07142857142857142,0.07142857142857142,0.0,0.01020408163265306,0.0,0.0,0.0,0.0,0.0,0.02040816326530612,0.0,0.0,13.142857142857142,22,0.14285714285714285,0.0,0.14285714285714285,0,2,0,1.0,0,0,0.16326530612244897,0.02040816326530612,0.01020408163265306,0.01020408163265306,0,0,7
html,html_425,0,1,0,0,0,0,0,0,0,0,0,0,0,0,0,0,0,0,0,0,0,0,0,0,0,0,0,0,0,0,0,0,0,0,0,0,0,0,2,0,0,0,0.0,0.0,0.0,0.07608695652173914,0.07608695652173914,0.0,0.010869565217391304,0.0,0.0,0.0,0.0,0.0,0.021739130434782608,0.0,0.0,12.285714285714286,22,0.14285714285714285,0.0,0.14285714285714285,0,2,0,1.0,0,0,0.17391304347826086,0.021739130434782608,0.010869565217391304,0.010869565217391304,0,0,7
html,html_427,0,1,0,0,0,0,0,0,0,0,0,0,0,0,0,0,0,0,0,0,0,0,0,0,0,0,0,0,0,0,0,0,0,0,0,0,0,0,2,0,0,0,0.0,0.0,0.0,0.07692307692307693,0.07692307692307693,0.0,0.01098901098901099,0.0,0.0,0.0,0.0,0.0,0.02197802197802198,0.0,0.0,14.333333333333334,22,0.0,0.0,0.16666666666666666,0,2,0,1.1666666666666667,0,0,0.17582417582417584,0.02197802197802198,0.01098901098901099,0.01098901098901099,0,0,6
html,html_448,1,0,0,0,0,0,0,0,1,0,0,0,0,0,0,0,0,0,0,0,0,0,0,0,0,0,0,0,0,0,0,0,0,0,0,0,0,0,2,0,0,0,0.0,0.0,0.0,0.09774436090225563,0.09774436090225563,0.0,0.0,0.0,0.0,0.0,0.0,0.0,0.0,0.0,0.0,13.88888888888889,32,0.0,0.0,0.0,0,2,0,1.4444444444444444,0,0,0.23308270676691728,0.015037593984962405,0.06766917293233082,0.0,0,0,9
html,html_462,0,0,0,0,0,0,0,0,0,0,0,1,0,0,0,0,0,0,0,0,0,0,0,0,0,0,0,0,0,0,0,0,0,0,0,0,0,0,2,0,0,0,0.0,0.0,0.0,0.06976744186046512,0.06976744186046512,0.0,0.011627906976744186,0.0,0.0,0.0,0.0,0.0,0.023255813953488372,0.0,0.0,16.4,23,0.0,0.0,0.2,0,2,0,1.2,0,0,0.16279069767441862,0.0,0.011627906976744186,0.0,0,0,5
html,html_474,0,0,0,0,0,0,0,0,0,0,0,1,0,0,0,0,0,0,0,0,0,0,0,0,0,0,0,0,0,0,0,0,0,0,0,0,0,0,2,0,0,0,0.0,0.0,0.0,0.06896551724137931,0.06896551724137931,0.0,0.011494252873563218,0.0,0.0,0.0,0.0,0.0,0.022988505747126436,0.0,0.0,13.666666666666666,23,0.16666666666666666,0.0,0.16666666666666666,0,2,0,1.0,0,0,0.16091954022988506,0.0,0.011494252873563218,0.0,0,0,6
html,html_476,0,1,0,0,0,0,0,0,0,0,0,0,0,0,0,0,0,0,0,0,0,0,0,0,0,0,0,0,0,0,0,0,0,0,0,0,0,0,2,0,0,0,0.0,0.0,0.0,0.07216494845360824,0.07216494845360824,0.0,0.010309278350515464,0.0,0.0,0.0,0.0,0.0,0.020618556701030927,0.0,0.0,15.333333333333334,22,0.0,0.0,0.16666666666666666,0,2,0,1.1666666666666667,0,0,0.16494845360824742,0.020618556701030927,0.010309278350515464,0.010309278350515464,0,0,6
html,html_565,0,0,0,0,0,0,0,0,0,0,0,1,0,0,0,0,0,0,0,0,0,0,0,0,0,0,0,0,0,0,0,0,0,0,0,0,0,0,2,0,0,0,0.0,0.0,0.0,0.06896551724137931,0.06896551724137931,0.0,0.011494252873563218,0.0,0.0,0.0,0.0,0.0,0.022988505747126436,0.0,0.0,13.666666666666666,23,0.16666666666666666,0.0,0.16666666666666666,0,2,0,1.0,0,0,0.16091954022988506,0.0,0.011494252873563218,0.0,0,0,6
html,html_623,1,0,0,0,0,0,0,0,1,0,0,0,0,0,0,0,0,0,0,0,0,0,0,0,0,0,0,0,0,0,0,0,0,0,0,0,0,0,2,0,0,0,0.0,0.0,0.0,0.1015625,0.1015625,0.0,0.0,0.0,0.0,0.0,0.0,0.0,0.0,0.0,0.0,11.9,32,0.1,0.0,0.0,0,2,0,1.3,0,0,0.2421875,0.015625,0.0703125,0.0,0,0,10
html,html_672,0,0,0,0,0,0,0,0,0,0,0,1,0,0,0,0,0,0,0,0,0,0,0,0,0,0,0,0,0,0,0,0,0,0,0,0,0,0,2,0,0,0,0.0,0.0,0.0,0.06521739130434782,0.06521739130434782,0.0,0.010869565217391304,0.0,0.0,0.0,0.0,0.0,0.021739130434782608,0.0,0.0,17.6,23,0.0,0.0,0.2,0,2,0,1.2,0,0,0.15217391304347827,0.0,0.010869565217391304,0.0,0,0,5
html,html_680,1,0,0,0,0,0,0,0,1,0,0,0,0,0,0,0,0,0,0,0,0,0,0,0,0,0,0,0,0,0,0,0,0,0,0,0,0,0,1,0,0,0,0.0,0.0,0.0,0.10714285714285714,0.10714285714285714,0.0,0.0,0.0,0.0,0.0,0.0,0.0,0.0,0.0,0.0,11.555555555555555,32,0.1111111111111111,0.0,0.0,0,1,0,1.3333333333333333,0,0,0.25892857142857145,0.017857142857142856,0.08035714285714286,0.0,0,0,9
html,html_684,1,0,0,0,0,0,0,0,1,0,0,0,0,0,0,0,0,0,0,0,0,0,0,0,0,0,0,0,0,0,0,0,0,0,0,0,0,0,2,0,0,0,0.0,0.0,0.0,0.1015625,0.1015625,0.0,0.0,0.0,0.0,0.0,0.0,0.0,0.0,0.0,0.0,11.9,32,0.1,0.0,0.0,0,2,0,1.3,0,0,0.2421875,0.015625,0.0703125,0.0,0,0,10
html,html_710,0,1,0,0,0,0,0,0,0,0,0,0,0,0,0,0,0,0,0,0,0,0,0,0,0,0,0,0,0,0,0,0,0,0,0,0,0,0,2,0,0,0,0.0,0.0,0.0,0.07142857142857142,0.07142857142857142,0.0,0.01020408163265306,0.0,0.0,0.0,0.0,0.0,0.02040816326530612,0.0,0.0,13.142857142857142,22,0.14285714285714285,0.0,0.14285714285714285,0,2,0,1.0,0,0,0.16326530612244897,0.02040816326530612,0.01020408163265306,0.01020408163265306,0,0,7
html,html_722,1,0,0,0,0,0,0,0,1,0,0,0,0,0,0,0,0,0,0,0,0,0,0,0,0,0,0,0,0,0,0,0,0,0,0,0,0,0,2,0,0,0,0.0,0.0,0.0,0.09701492537313433,0.09701492537313433,0.0,0.0,0.0,0.0,0.0,0.0,0.0,0.0,0.0,0.0,12.5,32,0.1,0.0,0.0,0,2,0,1.3,0,0,0.23134328358208955,0.014925373134328358,0.06716417910447761,0.0,0,0,10
html,html_759,0,1,0,0,0,0,0,0,0,0,0,0,0,0,0,0,0,0,0,0,0,0,0,0,0,0,0,0,0,0,0,0,0,0,0,0,0,0,2,0,0,0,0.0,0.0,0.0,0.07216494845360824,0.07216494845360824,0.0,0.010309278350515464,0.0,0.0,0.0,0.0,0.0,0.020618556701030927,0.0,0.0,15.333333333333334,22,0.0,0.0,0.16666666666666666,0,2,0,1.1666666666666667,0,0,0.16494845360824742,0.020618556701030927,0.010309278350515464,0.010309278350515464,0,0,6
html,html_814,1,0,0,0,0,0,0,0,1,0,0,0,0,0,0,0,0,0,0,0,0,0,0,0,0,0,0,0,0,0,0,0,0,0,0,0,0,0,2,0,0,0,0.0,0.0,0.0,0.09285714285714286,0.09285714285714286,0.0,0.0,0.0,0.0,0.0,0.0,0.0,0.0,0.0,0.0,13.1,32,0.1,0.0,0.0,0,2,0,1.3,0,0,0.22142857142857142,0.014285714285714285,0.06428571428571428,0.0,0,0,10
css,css_0,0,0,0,0,0,0,0,0,0,0,0,0,0,0,0,0,0,0,0,0,0,0,0,0,0,0,0,0,0,0,0,0,0,0,0,0,2,0,0,0,0,0,0.015503875968992248,0.015503875968992248,0.023255813953488372,0.0,0.0,0.023255813953488372,0.0,0.0,0.0,0.0,0.0,0.0,0.0,0.0,0.0,13.444444444444445,28,0.0,0.0,0.3333333333333333,0,0,0,0.0,0,0,0.08527131782945736,0.0,0.0,0.015503875968992248,7,0,9
css,css_1,0,0,0,0,0,0,0,0,0,0,0,0,0,0,0,0,0,0,0,0,0,0,0,0,0,0,0,0,0,0,0,0,0,0,0,0,2,0,0,0,0,0,0.015037593984962405,0.015037593984962405,0.022556390977443608,0.0,0.0,0.022556390977443608,0.0,0.0,0.0,0.0,0.0,0.0,0.0,0.0,0.0,13.88888888888889,28,0.0,0.0,0.3333333333333333,0,0,0,0.0,0,0,0.08270676691729323,0.0,0.0,0.015037593984962405,7,0,9
css,css_2,0,0,0,0,0,0,0,0,0,0,0,0,0,0,0,0,0,0,0,0,0,0,0,0,0,0,0,0,0,0,0,0,0,0,0,0,1,0,0,0,0,0,0.015267175572519083,0.015267175572519083,0.030534351145038167,0.0,0.0,0.03816793893129771,0.0,0.0,0.0,0.0,0.0,0.0,0.0,0.0,0.0,13.666666666666666,31,0.0,0.0,0.4444444444444444,0,0,0,0.0,0,0,0.07633587786259542,0.015267175572519083,0.007633587786259542,0.0,8,0,9
css,css_3,0,0,0,0,0,0,0,0,0,0,0,0,0,0,0,0,0,0,0,0,0,0,0,0,0,0,0,0,0,0,0,0,0,0,0,0,0,0,0,0,0,0,0.02247191011235955,0.02247191011235955,0.033707865168539325,0.0,0.0,0.033707865168539325,0.0,0.0,0.0,0.0,0.0,0.0,0.0,0.0,0.0,11.857142857142858,28,0.0,0.0,0.42857142857142855,0,0,0,0.0,0,0,0.07865168539325842,0.0,0.0,0.02247191011235955,7,0,7
css,css_4,0,0,0,0,0,0,0,0,0,0,0,0,0,0,0,0,0,0,0,0,0,0,0,0,0,0,0,0,0,0,0,0,0,0,0,0,1,0,0,0,0,0,0.017699115044247787,0.017699115044247787,0.02654867256637168,0.0,0.0,0.02654867256637168,0.0,0.0,0.0,0.0,0.0,0.0,0.0,0.0,0.0,13.25,28,0.0,0.0,0.375,0,0,0,0.0,0,0,0.07964601769911504,0.0,0.0,0.017699115044247787,7,0,8
css,css_8,0,0,0,0,0,0,0,0,0,0,0,0,0,0,0,0,0,0,0,0,0,0,0,0,0,0,0,0,0,0,0,0,0,0,0,0,2,0,0,0,0,0,0.013157894736842105,0.013157894736842105,0.02631578947368421,0.0,0.0,0.03289473684210526,0.0,0.0,0.0,0.0,0.0,0.0,0.0,0.0,0.0,12.909090909090908,31,0.09090909090909091,0.0,0.36363636363636365,0,0,0,0.0,0,0,0.07894736842105263,0.013157894736842105,0.006578947368421052,0.0,8,0,11
css,css_9,0,0,0,0,0,0,0,0,0,0,0,0,0,0,0,0,0,0,0,0,0,0,0,0,0,0,0,0,0,0,0,0,0,0,0,0,1,0,0,0,0,0,0.01834862385321101,0.01834862385321101,0.027522935779816515,0.0,0.0,0.027522935779816515,0.0,0.0,0.0,0.0,0.0,0.0,0.0,0.0,0.0,12.75,28,0.0,0.0,0.375,0,0,0,0.0,0,0,0.08256880733944955,0.0,0.0,0.01834862385321101,7,0,8
css,css_12,0,0,0,0,0,0,0,0,0,0,0,0,0,0,0,0,0,0,0,0,0,0,0,0,0,0,0,0,0,0,0,0,0,0,0,0,0,0,0,0,0,0,0.018691588785046728,0.018691588785046728,0.037383177570093455,0.0,0.0,0.04672897196261682,0.0,0.0,0.0,0.0,0.0,0.0,0.0,0.0,0.0,12.5,31,0.0,0.0,0.5,0,0,0,0.0,0,0,0.07476635514018691,0.018691588785046728,0.009345794392523364,0.0,8,0,8
css,css_14,0,0,0,0,0,0,0,0,0,0,0,0,0,0,0,0,0,0,0,0,0,0,0,0,0,0,0,0,0,0,0,0,0,0,0,0,2,0,0,0,0,0,0.013157894736842105,0.013157894736842105,0.02631578947368421,0.0,0.0,0.03289473684210526,0.0,0.0,0.0,0.0,0.0,0.0,0.0,0.0,0.0,12.909090909090908,31,0.09090909090909091,0.0,0.36363636363636365,0,0,0,0.0,0,0,0.07894736842105263,0.013157894736842105,0.006578947368421052,0.0,8,0,11
css,css_16,0,0,0,0,0,0,0,0,0,0,0,0,0,0,0,0,0,0,0,0,0,0,0,0,0,0,0,0,0,0,0,0,0,0,0,0,1,0,0,0,0,0,0.015748031496062992,0.015748031496062992,0.031496062992125984,0.0,0.0,0.03937007874015748,0.0,0.0,0.0,0.0,0.0,0.0,0.0,0.0,0.0,13.222222222222221,31,0.0,0.0,0.4444444444444444,0,0,0,0.0,0,0,0.07874015748031496,0.015748031496062992,0.007874015748031496,0.0,8,0,9
css,css_17,0,0,0,0,0,0,0,0,0,0,0,0,0,0,0,0,0,0,0,0,0,0,0,0,0,0,0,0,0,0,0,0,0,0,0,0,1,0,0,0,0,0,0.015625,0.015625,0.03125,0.0,0.0,0.0390625,0.0,0.0,0.0,0.0,0.0,0.0,0.0,0.0,0.0,11.9,31,0.1,0.0,0.4,0,0,0,0.0,0,0,0.078125,0.015625,0.0078125,0.0,8,0,10
css,css_22,0,0,0,0,0,0,0,0,0,0,0,0,0,0,0,0,0,0,0,0,0,0,0,0,0,0,0,0,0,0,0,0,0,0,0,0,2,0,0,0,0,0,0.013605442176870748,0.013605442176870748,0.027210884353741496,0.0,0.0,0.034013605442176874,0.0,0.0,0.0,0.0,0.0,0.0,0.0,0.0,0.0,13.8,31,0.0,0.0,0.4,0,0,0,0.0,0,0,0.08163265306122448,0.013605442176870748,0.006802721088435374,0.0,8,0,10
css,css_24,0,0,0,0,0,0,0,0,0,0,0,0,0,0,0,0,0,0,0,0,0,0,0,0,0,0,0,0,0,0,0,0,0,0,0,0,2,0,0,0,0,0,0.013245033112582781,0.013245033112582781,0.026490066225165563,0.0,0.0,0.033112582781456956,0.0,0.0,0.0,0.0,0.0,0.0,0.0,0.0,0.0,14.2,31,0.0,0.0,0.4,0,0,0,0.0,0,0,0.07947019867549669,0.013245033112582781,0.006622516556291391,0.0,8,0,10
css,css_25,0,0,0,0,0,0,0,0,0,0,0,0,0,0,0,0,0,0,0,0,0,0,0,0,0,0,0,0,0,0,0,0,0,0,0,0,2,0,0,0,0,0,0.014492753623188406,0.014492753623188406,0.021739130434782608,0.0,0.0,0.021739130434782608,0.0,0.0,0.0,0.0,0.0,0.0,0.0,0.0,0.0,12.9,28,0.1,0.0,0.3,0,0,0,0.0,0,0,0.07971014492753623,0.0,0.0,0.014492753623188406,7,0,10
css,css_33,0,0,0,0,0,0,0,0,0,0,0,0,0,0,0,0,0,0,0,0,0,0,0,0,0,0,0,0,0,0,0,0,0,0,0,0,1,0,0,0,0,0,0.01818181818181818,0.01818181818181818,0.02727272727272727,0.0,0.0,0.02727272727272727,0.0,0.0,0.0,0.0,0.0,0.0,0.0,0.0,0.0,11.333333333333334,28,0.1111111111111111,0.0,0.3333333333333333,0,0,0,0.0,0,0,0.08181818181818182,0.0,0.0,0.01818181818181818,7,0,9
css,css_40,0,0,0,0,0,0,0,0,0,0,0,0,0,0,0,0,0,0,0,0,0,0,0,0,0,0,0,0,0,0,0,0,0,0,0,0,2,0,0,0,0,0,0.013513513513513514,0.013513513513513514,0.02702702702702703,0.0,0.0,0.033783783783783786,0.0,0.0,0.0,0.0,0.0,0.0,0.0,0.0,0.0,12.545454545454545,31,0.09090909090909091,0.0,0.36363636363636365,0,0,0,0.0,0,0,0.08108108108108109,0.013513513513513514,0.006756756756756757,0.0,8,0,11
css,css_41,0,0,0,0,0,0,0,0,0,0,0,0,0,0,0,0,0,0,0,0,0,0,0,0,0,0,0,0,0,0,0,0,0,0,0,0,2,0,0,0,0,0,0.014925373134328358,0.014925373134328358,0.022388059701492536,0.0,0.0,0.022388059701492536,0.0,0.0,0.0,0.0,0.0,0.0,0.0,0.0,0.0,12.5,28,0.1,0.0,0.3,0,0,0,0.0,0,0,0.08208955223880597,0.0,0.0,0.014925373134328358,7,0,10
css,css_47,0,0,0,0,0,0,0,0,0,0,0,0,0,0,0,0,0,0,0,0,0,0,0,0,0,0,0,0,0,0,0,0,0,0,0,0,2,0,0,0,0,0,0.015037593984962405,0.015037593984962405,0.022556390977443608,0.0,0.0,0.022556390977443608,0.0,0.0,0.0,0.0,0.0,0.0,0.0,0.0,0.0,13.88888888888889,28,0.0,0.0,0.3333333333333333,0,0,0,0.0,0,0,0.08270676691729323,0.0,0.0,0.015037593984962405,7,0,9
css,css_55,0,0,0,0,0,0,0,0,0,0,0,0,0,0,0,0,0,0,0,0,0,0,0,0,0,0,0,0,0,0,0,0,0,0,0,0,2,0,0,0,0,0,0.012903225806451613,0.012903225806451613,0.025806451612903226,0.0,0.0,0.03225806451612903,0.0,0.0,0.0,0.0,0.0,0.0,0.0,0.0,0.0,14.6,31,0.0,0.0,0.4,0,0,0,0.0,0,0,0.07741935483870968,0.012903225806451613,0.0064516129032258064,0.0,8,0,10
css,css_62,0,0,0,0,0,0,0,0,0,0,0,0,0,0,0,0,0,0,0,0,0,0,0,0,0,0,0,0,0,0,0,0,0,0,0,0,2,0,0,0,0,0,0.014925373134328358,0.014925373134328358,0.022388059701492536,0.0,0.0,0.022388059701492536,0.0,0.0,0.0,0.0,0.0,0.0,0.0,0.0,0.0,12.5,28,0.1,0.0,0.3,0,0,0,0.0,0,0,0.08208955223880597,0.0,0.0,0.014925373134328358,7,0,10
css,css_70,0,0,0,0,0,0,0,0,0,0,0,0,0,0,0,0,0,0,0,0,0,0,0,0,0,0,0,0,0,0,0,0,0,0,0,0,1,0,0,0,0,0,0.017543859649122806,0.017543859649122806,0.02631578947368421,0.0,0.0,0.02631578947368421,0.0,0.0,0.0,0.0,0.0,0.0,0.0,0.0,0.0,11.777777777777779,28,0.1111111111111111,0.0,0.3333333333333333,0,0,0,0.0,0,0,0.07894736842105263,0.0,0.0,0.017543859649122806,7,0,9
css,css_93,0,0,0,0,0,0,0,0,0,0,0,0,0,0,0,0,0,0,0,0,0,0,0,0,0,0,0,0,0,0,0,0,0,0,0,0,2,0,0,0,0,0,0.015384615384615385,0.015384615384615385,0.023076923076923078,0.0,0.0,0.023076923076923078,0.0,0.0,0.0,0.0,0.0,0.0,0.0,0.0,0.0,12.1,28,0.1,0.0,0.3,0,0,0,0.0,0,0,0.08461538461538462,0.0,0.0,0.015384615384615385,7,0,10
css,css_111,0,0,0,0,0,0,0,0,0,0,0,0,0,0,0,0,0,0,0,0,0,0,0,0,0,0,0,0,0,0,0,0,0,0,0,0,2,0,0,0,0,0,0.013245033112582781,0.013245033112582781,0.026490066225165563,0.0,0.0,0.033112582781456956,0.0,0.0,0.0,0.0,0.0,0.0,0.0,0.0,0.0,14.2,31,0.0,0.0,0.4,0,0,0,0.0,0,0,0.07947019867549669,0.013245033112582781,0.006622516556291391,0.0,8,0,10
css,css_118,0,0,0,0,0,0,0,0,0,0,0,0,0,0,0,0,0,0,0,0,0,0,0,0,0,0,0,0,0,0,0,0,0,0,0,0,2,0,0,0,0,0,0.01282051282051282,0.01282051282051282,0.02564102564102564,0.0,0.0,0.03205128205128205,0.0,0.0,0.0,0.0,0.0,0.0,0.0,0.0,0.0,13.272727272727273,31,0.09090909090909091,0.0,0.36363636363636365,0,0,0,0.0,0,0,0.07692307692307693,0.01282051282051282,0.00641025641025641,0.0,8,0,11
css,css_156,0,0,0,0,0,0,0,0,0,0,0,0,0,0,0,0,0,0,0,0,0,0,0,0,0,0,0,0,0,0,0,0,0,0,0,0,2,0,0,0,0,0,0.014598540145985401,0.014598540145985401,0.021897810218978103,0.0,0.0,0.021897810218978103,0.0,0.0,0.0,0.0,0.0,0.0,0.0,0.0,0.0,14.333333333333334,28,0.0,0.0,0.3333333333333333,0,0,0,0.0,0,0,0.08029197080291971,0.0,0.0,0.014598540145985401,7,0,9
css,css_209,0,0,0,0,0,0,0,0,0,0,0,0,0,0,0,0,0,0,0,0,0,0,0,0,0,0,0,0,0,0,0,0,0,0,0,0,1,0,0,0,0,0,0.015151515151515152,0.015151515151515152,0.030303030303030304,0.0,0.0,0.03787878787878788,0.0,0.0,0.0,0.0,0.0,0.0,0.0,0.0,0.0,12.3,31,0.1,0.0,0.4,0,0,0,0.0,0,0,0.07575757575757576,0.015151515151515152,0.007575757575757576,0.0,8,0,10
xml,xml_0,0,0,0,0,0,0,0,0,0,1,0,0,0,0,0,0,0,0,0,0,0,0,0,0,0,0,0,0,0,0,0,0,0,0,0,2,0,0,0,0,0,0,0.0,0.0,0.0,0.0,0.0,0.0,0.0,0.0,0.0,0.022222222222222223,0.0,0.0,0.0,0.044444444444444446,0.0,14.333333333333334,18,0.0,0.0,0.0,0,0,0,0.0,0,0,0.044444444444444446,0.0,0.0,0.0,0,0,3
xml,xml_2,0,0,0,0,0,0,0,0,0,1,0,0,0,0,0,0,0,0,0,0,0,0,0,0,0,0,0,0,0,0,0,0,0,0,0,3,0,0,0,0,0,0,0.0,0.0,0.0,0.0,0.0,0.0,0.0,0.0,0.0,0.016666666666666666,0.0,0.0,0.0,0.03333333333333333,0.0,11.2,18,0.2,0.0,0.0,0,0,0,0.0,0,0,0.03333333333333333,0.0,0.0,0.0,0,0,5
xml,xml_5,0,0,0,0,0,0,0,0,0,1,0,0,0,0,0,0,0,0,0,0,0,0,0,0,0,0,0,0,0,0,0,0,0,0,0,3,0,0,0,0,0,0,0.0,0.0,0.0,0.0,0.0,0.0,0.0,0.0,0.0,0.01694915254237288,0.0,0.0,0.0,0.03389830508474576,0.0,14.0,18,0.0,0.0,0.0,0,0,0,0.0,0,0,0.03389830508474576,0.0,0.0,0.0,0,0,4
xml,xml_6,0,0,0,0,0,0,0,0,0,1,0,0,0,0,0,0,0,0,0,0,0,0,0,0,0,0,0,0,0,0,0,0,0,0,0,1,0,0,0,0,0,0,0.0,0.0,0.0,0.0,0.0,0.0,0.0,0.0,0.0,0.03225806451612903,0.0,0.0,0.0,0.06451612903225806,0.0,15.0,18,0.0,0.0,0.0,0,0,0,0.0,0,0,0.06451612903225806,0.0,0.0,0.0,0,0,2
xml,xml_11,0,0,0,0,0,0,0,0,0,1,0,0,0,0,0,0,0,0,0,0,0,0,0,0,0,0,0,0,0,0,0,0,0,0,0,2,0,0,0,0,0,0,0.0,0.0,0.0,0.0,0.0,0.0,0.0,0.0,0.0,0.021739130434782608,0.0,0.0,0.0,0.043478260869565216,0.0,10.75,18,0.25,0.0,0.0,0,0,0,0.0,0,0,0.043478260869565216,0.0,0.0,0.0,0,0,4
markdown,markdown_0,0,0,0,0,0,0,0,0,0,1,0,0,0,0,0,0,0,0,0,0,0,0,0,0,0,0,0,0,0,0,0,0,0,0,0,3,0,0,0,0,0,0,0.0,0.0,0.0,0.0,0.0,0.0,0.0,0.0,0.0,0.0,0.0,0.0,0.0,0.0,0.0,13.2,35,0.2,0.0,0.0,0,0,0,0.0,0,0,0.0,0.0,0.04285714285714286,0.014285714285714285,0,0,5
markdown,markdown_1,0,0,0,0,0,0,0,0,0,1,0,0,0,0,0,0,0,0,0,0,0,0,0,0,0,0,0,0,0,0,0,0,0,0,0,1,0,0,0,0,0,0,0.0,0.0,0.0,0.0,0.0,0.0,0.0,0.0,0.0,0.0,0.0,0.0,0.0,0.0,0.0,8.25,15,0.125,0.0,0.0,0,0,0,0.0,0,6,0.0,0.0273972602739726,0.0410958904109589,0.0,0,0,8
markdown,markdown_2,0,0,0,0,0,0,0,0,0,0,0,0,0,0,0,0,0,0,0,0,0,0,0,0,0,0,0,0,0,0,0,0,0,0,0,0,0,0,0,0,0,0,0.0,0.0,0.0,0.0,0.0,0.0,0.0,0.0,0.0,0.0,0.0,0.0,0.0,0.0,0.0,7.571428571428571,15,0.14285714285714285,0.0,0.0,0,0,0,0.0,0,6,0.0,0.03389830508474576,0.05084745762711865,0.0,0,0,7
markdown,markdown_3,0,0,0,0,0,0,0,0,0,1,0,0,0,0,0,0,0,0,0,0,0,0,0,0,0,0,0,0,0,0,0,0,0,0,0,4,0,0,0,0,0,0,0.0,0.0,0.0,0.0,0.0,0.0,0.0,0.0,0.0,0.0,0.0,0.0,0.0,0.0,0.0,15.8,35,0.0,0.0,0.0,0,0,0,0.0,0,0,0.0,0.0,0.03614457831325301,0.012048192771084338,0,0,5
markdown,markdown_7,0,0,0,0,0,0,0,0,0,1,0,0,0,0,0,0,0,0,0,0,0,0,0,0,0,0,0,0,0,0,0,0,0,0,0,2,0,0,0,0,0,0,0.0,0.0,0.0,0.0,0.0,0.0,0.0,0.0,0.0,0.0,0.0,0.0,0.0,0.0,0.0,17.666666666666668,35,0.0,0.0,0.0,0,0,0,0.0,0,0,0.0,0.0,0.05454545454545454,0.01818181818181818,0,0,3
markdown,markdown_10,0,0,0,0,0,0,0,0,0,1,0,0,0,0,0,0,0,0,0,0,0,0,0,0,0,0,0,0,0,0,0,0,0,0,0,3,0,0,0,0,0,0,0.0,0.0,0.0,0.0,0.0,0.0,0.0,0.0,0.0,0.0,0.0,0.0,0.0,0.0,0.0,16.5,35,0.0,0.0,0.0,0,0,0,0.0,0,0,0.0,0.0,0.043478260869565216,0.014492753623188406,0,0,4
markdown,markdown_11,0,0,0,0,0,0,0,0,0,1,0,0,0,0,0,0,0,0,0,0,0,0,0,0,0,0,0,0,0,0,0,0,0,0,0,1,0,0,0,0,0,0,0.0,0.0,0.0,0.0,0.0,0.0,0.0,0.0,0.0,0.0,0.0,0.0,0.0,0.0,0.0,7.333333333333333,15,0.2222222222222222,0.0,0.0,0,0,0,0.0,0,6,0.0,0.02702702702702703,0.04054054054054054,0.0,0,0,9
markdown,markdown_18,0,0,0,0,0,0,0,0,0,1,0,0,0,0,0,0,0,0,0,0,0,0,0,0,0,0,0,0,0,0,0,0,0,0,0,2,0,0,0,0,0,0,0.0,0.0,0.0,0.0,0.0,0.0,0.0,0.0,0.0,0.0,0.0,0.0,0.0,0.0,0.0,8.777777777777779,15,0.1111111111111111,0.0,0.0,0,0,0,0.0,0,6,0.0,0.022988505747126436,0.034482758620689655,0.0,0,0,9
markdown,markdown_19,0,0,0,0,0,0,0,0,0,1,0,0,0,0,0,0,0,0,0,0,0,0,0,0,0,0,0,0,0,0,0,0,0,0,0,4,0,0,0,0,0,0,0.0,0.0,0.0,0.0,0.0,0.0,0.0,0.0,0.0,0.0,0.0,0.0,0.0,0.0,0.0,13.166666666666666,35,0.16666666666666666,0.0,0.0,0,0,0,0.0,0,0,0.0,0.0,0.03571428571428571,0.011904761904761904,0,0,6
markdown,markdown_55,0,0,0,0,0,0,0,0,0,1,0,0,0,0,0,0,0,0,0,0,0,0,0,0,0,0,0,0,0,0,0,0,0,0,0,2,0,0,0,0,0,0,0.0,0.0,0.0,0.0,0.0,0.0,0.0,0.0,0.0,0.0,0.0,0.0,0.0,0.0,0.0,7.9,15,0.2,0.0,0.0,0,0,0,0.0,0,6,0.0,0.022727272727272728,0.03409090909090909,0.0,0,0,10
tex,tex_0,0,0,0,0,0,0,0,0,0,1,0,0,0,0,0,0,0,0,0,0,0,0,0,0,0,0,0,0,0,0,0,0,0,0,0,3,0,0,0,0,0,0,0.0,0.0,0.0,0.0,0.0,0.0,0.0,0.0,0.0,0.016666666666666666,0.0,0.0,0.0,0.03333333333333333,0.0,11.2,18,0.2,0.0,0.0,0,0,0,0.0,0,0,0.03333333333333333,0.0,0.0,0.0,0,0,5
tex,tex_1,0,0,0,0,0,0,0,0,0,1,0,0,0,0,0,0,0,0,0,0,0,0,0,0,0,0,0,0,0,0,0,0,0,0,0,2,0,0,0,0,0,0,0.0,0.0,0.0,0.0,0.0,0.0,0.0,0.0,0.0,0.022222222222222223,0.0,0.0,0.0,0.044444444444444446,0.0,14.333333333333334,18,0.0,0.0,0.0,0,0,0,0.0,0,0,0.044444444444444446,0.0,0.0,0.0,0,0,3
tex,tex_4,0,0,0,0,0,0,0,0,0,1,0,0,0,0,0,0,0,0,0,0,0,0,0,0,0,0,0,0,0,0,0,0,0,0,0,3,0,0,0,0,0,0,0.0,0.0,0.0,0.0,0.0,0.0,0.0,0.0,0.0,0.01694915254237288,0.0,0.0,0.0,0.03389830508474576,0.0,14.0,18,0.0,0.0,0.0,0,0,0,0.0,0,0,0.03389830508474576,0.0,0.0,0.0,0,0,4
tex,tex_11,0,0,0,0,0,0,0,0,0,1,0,0,0,0,0,0,0,0,0,0,0,0,0,0,0,0,0,0,0,0,0,0,0,0,0,1,0,0,0,0,0,0,0.0,0.0,0.0,0.0,0.0,0.0,0.0,0.0,0.0,0.03225806451612903,0.0,0.0,0.0,0.06451612903225806,0.0,15.0,18,0.0,0.0,0.0,0,0,0,0.0,0,0,0.06451612903225806,0.0,0.0,0.0,0,0,2
tex,tex_54,0,0,0,0,0,0,0,0,0,1,0,0,0,0,0,0,0,0,0,0,0,0,0,0,0,0,0,0,0,0,0,0,0,0,0,2,0,0,0,0,0,0,0.0,0.0,0.0,0.0,0.0,0.0,0.0,0.0,0.0,0.021739130434782608,0.0,0.0,0.0,0.043478260869565216,0.0,10.75,18,0.25,0.0,0.0,0,0,0,0.0,0,0,0.043478260869565216,0.0,0.0,0.0,0,0,4
dockerfile,dockerfile_0,0,0,0,0,0,0,0,1,0,0,0,0,0,0,0,0,0,0,0,0,0,0,0,0,0,0,1,0,0,0,0,0,0,0,0,0,0,0,0,0,0,0,0.0,0.0,0.0,0.0,0.0,0.01020408163265306,0.0,0.0,0.0,0.0,0.01020408163265306,0.01020408163265306,0.04081632653061224,0.0,0.0,18.8,35,0.0,0.0,0.0,0,0,0,0.0,0,0,0.030612244897959183,0.02040816326530612,0.21428571428571427,0.05102040816326531,0,0,5
dockerfile,dockerfile_1,0,0,0,0,0,0,0,1,0,1,0,0,0,0,0,0,0,0,0,0,0,0,0,0,0,0,1,0,0,0,0,0,0,0,0,1,0,0,0,0,0,0,0.0,0.0,0.0,0.0,0.0,0.0125,0.0,0.0,0.0,0.0,0.0,0.0,0.0,0.0,0.0,26.0,48,0.0,0.0,0.0,0,0,0,0.0,0,0,0.0,0.0625,0.0875,0.0125,0,0,3
dockerfile,dockerfile_2,0,0,0,0,0,0,0,1,0,1,0,0,0,0,0,0,0,0,0,0,0,0,0,0,0,0,1,0,0,0,0,0,0,0,0,1,0,0,0,0,0,0,0.0,0.0,0.0,0.0,0.0,0.008928571428571428,0.0,0.0,0.0,0.0,0.008928571428571428,0.008928571428571428,0.03571428571428571,0.0,0.0,17.833333333333332,35,0.0,0.0,0.0,0,0,0,0.0,0,0,0.026785714285714284,0.017857142857142856,0.1875,0.044642857142857144,0,0,6
dockerfile,dockerfile_3,0,0,0,0,0,0,0,1,0,0,0,0,0,0,0,0,0,0,0,0,0,0,0,0,0,0,1,0,0,0,0,0,0,0,0,0,0,0,0,0,0,0,0.0,0.0,0.0,0.0,0.0,0.015151515151515152,0.0,0.0,0.0,0.0,0.0,0.0,0.0,0.0,0.0,32.5,48,0.0,0.0,0.0,0,0,0,0.0,0,0,0.0,0.07575757575757576,0.10606060606060606,0.015151515151515152,0,0,2
dockerfile,dockerfile_8,0,0,0,0,0,0,0,1,0,1,0,0,0,0,0,0,0,0,0,0,0,0,0,0,0,0,1,0,0,0,0,0,0,0,0,2,0,0,0,0,0,0,0.0,0.0,0.0,0.0,0.0,0.007874015748031496,0.0,0.0,0.0,0.0,0.007874015748031496,0.007874015748031496,0.031496062992125984,0.0,0.0,15.0,35,0.125,0.0,0.0,0,0,0,0.0,0,0,0.023622047244094488,0.015748031496062992,0.16535433070866143,0.03937007874015748,0,0,8
dockerfile,dockerfile_14,0,0,0,0,0,0,0,1,0,1,0,0,0,0,0,0,0,0,0,0,0,0,0,0,0,0,1,0,0,0,0,0,0,0,0,2,0,0,0,0,0,0,0.0,0.0,0.0,0.0,0.0,0.010638297872340425,0.0,0.0,0.0,0.0,0.0,0.0,0.0,0.0,0.0,22.75,48,0.0,0.0,0.0,0,0,0,0.0,0,0,0.0,0.05319148936170213,0.07446808510638298,0.010638297872340425,0,0,4
dockerfile,dockerfile_21,0,0,0,0,0,0,0,1,0,1,0,0,0,0,0,0,0,0,0,0,0,0,0,0,0,0,1,0,0,0,0,0,0,0,0,1,0,0,0,0,0,0,0.0,0.0,0.0,0.0,0.0,0.008849557522123894,0.0,0.0,0.0,0.0,0.008849557522123894,0.008849557522123894,0.035398230088495575,0.0,0.0,15.285714285714286,35,0.14285714285714285,0.0,0.0,0,0,0,0.0,0,0,0.02654867256637168,0.017699115044247787,0.18584070796460178,0.04424778761061947,0,0,7
dockerfile,dockerfile_24,0,0,0,0,0,0,0,1,0,1,0,0,0,0,0,0,0,0,0,0,0,0,0,0,0,0,1,0,0,0,0,0,0,0,0,2,0,0,0,0,0,0,0.0,0.0,0.0,0.0,0.0,0.007936507936507936,0.0,0.0,0.0,0.0,0.007936507936507936,0.007936507936507936,0.031746031746031744,0.0,0.0,17.142857142857142,35,0.0,0.0,0.0,0,0,0,0.0,0,0,0.023809523809523808,0.015873015873015872,0.16666666666666666,0.03968253968253968,0,0,7
dockerfile,dockerfile_31,0,0,0,0,0,0,0,1,0,1,0,0,0,0,0,0,0,0,0,0,0,0,0,0,0,0,1,0,0,0,0,0,0,0,0,2,0,0,0,0,0,0,0.0,0.0,0.0,0.0,0.0,0.010526315789473684,0.0,0.0,0.0,0.0,0.0,0.0,0.0,0.0,0.0,18.2,48,0.2,0.0,0.0,0,0,0,0.0,0,0,0.0,0.05263157894736842,0.07368421052631578,0.010526315789473684,0,0,5
dockerfile,dockerfile_36,0,0,0,0,0,0,0,1,0,1,0,0,0,0,0,0,0,0,0,0,0,0,0,0,0,0,1,0,0,0,0,0,0,0,0,1,0,0,0,0,0,0,0.0,0.0,0.0,0.0,0.0,0.012345679012345678,0.0,0.0,0.0,0.0,0.0,0.0,0.0,0.0,0.0,19.5,48,0.25,0.0,0.0,0,0,0,0.0,0,0,0.0,0.06172839506172839,0.08641975308641975,0.012345679012345678,0,0,4
makefile,makefile_0,0,0,0,0,0,0,0,0,0,1,0,0,0,0,0,0,0,0,0,0,0,0,0,0,0,0,0,0,0,0,0,0,0,0,0,1,0,0,0,0,0,0,0.0,0.0,0.0,0.0,0.0,0.036585365853658534,0.0,0.0,0.0,0.0,0.0,0.0,0.0,0.0,0.0,12.833333333333334,22,0.0,0.3333333333333333,0.0,0,0,0,0.0,0,0,0.0,0.0,0.06097560975609756,0.036585365853658534,0,2,6
makefile,makefile_4,0,0,0,0,0,0,0,0,0,1,0,0,0,0,0,0,0,0,0,0,0,0,0,0,0,0,0,0,0,0,0,0,0,0,0,2,0,0,0,0,0,0,0.0,0.0,0.0,0.0,0.0,0.03125,0.0,0.0,0.0,0.0,0.0,0.0,0.0,0.0,0.0,12.857142857142858,22,0.0,0.2857142857142857,0.0,0,0,0,0.0,0,0,0.0,0.0,0.052083333333333336,0.03125,0,2,7
makefile,makefile_8,0,0,0,0,0,0,0,0,0,0,0,0,0,0,0,0,0,0,0,0,0,0,0,0,0,0,0,0,0,0,0,0,0,0,0,0,0,0,0,0,0,0,0.0,0.0,0.0,0.0,0.0,0.04411764705882353,0.0,0.0,0.0,0.0,0.0,0.0,0.0,0.0,0.0,12.8,22,0.0,0.4,0.0,0,0,0,0.0,0,0,0.0,0.0,0.07352941176470588,0.04411764705882353,0,2,5
makefile,makefile_12,0,0,0,0,0,0,0,0,0,1,0,0,0,0,0,0,0,0,0,0,0,0,0,0,0,0,0,0,0,0,0,0,0,0,0,1,0,0,0,0,0,0,0.0,0.0,0.0,0.0,0.0,0.03614457831325301,0.0,0.0,0.0,0.0,0.0,0.0,0.0,0.0,0.0,11.0,22,0.14285714285714285,0.2857142857142857,0.0,0,0,0,0.0,0,0,0.0,0.0,0.060240963855421686,0.03614457831325301,0,2,7
makefile,makefile_16,0,0,0,0,0,0,0,0,0,1,0,0,0,0,0,0,0,0,0,0,0,0,0,0,0,0,0,0,0,0,0,0,0,0,0,2,0,0,0,0,0,0,0.0,0.0,0.0,0.0,0.0,0.030927835051546393,0.0,0.0,0.0,0.0,0.0,0.0,0.0,0.0,0.0,11.25,22,0.125,0.25,0.0,0,0,0,0.0,0,0,0.0,0.0,0.05154639175257732,0.030927835051546393,0,2,8
julia,julia_0,0,0,0,0,0,0,0,0,0,1,0,0,0,0,0,0,0,0,0,0,0,0,0,0,0,0,0,0,0,0,0,0,0,0,0,3,0,0,0,0,0,0,0.0,0.0,0.0,0.0,0.0,0.0,0.0,0.0,0.0,0.015873015873015872,0.0,0.0,0.0,0.031746031746031744,0.0,15.0,20,0.0,0.0,0.0,0,0,0,0.0,0,0,0.031746031746031744,0.0,0.0,0.0,0,0,4
julia,julia_2,0,0,0,0,0,0,0,0,0,1,0,0,0,0,0,0,0,0,0,0,0,0,0,0,0,0,0,0,0,0,0,0,0,0,0,2,0,0,0,0,0,0,0.0,0.0,0.0,0.0,0.0,0.0,0.0,0.0,0.0,0.02040816326530612,0.0,0.0,0.0,0.04081632653061224,0.0,15.666666666666666,20,0.0,0.0,0.0,0,0,0,0.0,0,0,0.04081632653061224,0.0,0.0,0.0,0,0,3
julia,julia_8,0,0,0,0,0,0,0,0,0,1,0,0,0,0,0,0,0,0,0,0,0,0,0,0,0,0,0,0,0,0,0,0,0,0,0,1,0,0,0,0,0,0,0.0,0.0,0.0,0.0,0.0,0.0,0.0,0.0,0.0,0.02857142857142857,0.0,0.0,0.0,0.05714285714285714,0.0,17.0,20,0.0,0.0,0.0,0,0,0,0.0,0,0,0.05714285714285714,0.0,0.0,0.0,0,0,2
julia,julia_17,0,0,0,0,0,0,0,0,0,1,0,0,0,0,0,0,0,0,0,0,0,0,0,0,0,0,0,0,0,0,0,0,0,0,0,2,0,0,0,0,0,0,0.0,0.0,0.0,0.0,0.0,0.0,0.0,0.0,0.0,0.02,0.0,0.0,0.0,0.04,0.0,11.75,20,0.25,0.0,0.0,0,0,0,0.0,0,0,0.04,0.0,0.0,0.0,0,0,4
julia,julia_62,0,0,0,0,0,0,0,0,0,1,0,0,0,0,0,0,0,0,0,0,0,0,0,0,0,0,0,0,0,0,0,0,0,0,0,3,0,0,0,0,0,0,0.0,0.0,0.0,0.0,0.0,0.0,0.0,0.0,0.0,0.015625,0.0,0.0,0.0,0.03125,0.0,12.0,20,0.2,0.0,0.0,0,0,0,0.0,0,0,0.03125,0.0,0.0,0.0,0,0,5
bash,bash_0,0,0,0,0,1,1,0,0,0,1,0,0,0,0,0,0,0,0,0,0,0,0,0,1,1,0,0,0,0,0,0,0,0,0,0,3,0,0,0,0,0,0,0.0,0.0,0.010869565217391304,0.0,0.0,0.0,0.0,0.010869565217391304,0.0,0.0,0.0,0.0,0.021739130434782608,0.0,0.0,14.5,25,0.0,0.0,0.0,0,0,0,0.0,0,0,0.03260869565217391,0.0,0.010869565217391304,0.010869565217391304,0,0,6
bash,bash_1,0,0,0,0,1,1,0,0,0,0,0,0,0,0,0,0,0,0,0,0,0,0,0,0,1,0,0,0,0,0,0,0,0,0,0,1,0,0,0,0,0,0,0.0,0.0,0.015625,0.0,0.0,0.0,0.0,0.015625,0.0,0.0,0.0,0.0,0.03125,0.0,0.0,15.25,25,0.0,0.0,0.0,0,0,0,0.0,0,0,0.046875,0.0,0.015625,0.015625,0,0,4
bash,bash_2,0,0,0,0,0,0,0,0,0,1,0,0,0,0,0,0,0,0,0,0,0,0,0,0,0,0,0,0,0,0,0,0,0,0,0,1,0,0,0,0,0,0,0.0,0.0,0.014492753623188406,0.0,0.0,0.0,0.0,0.0,0.0,0.0,0.014492753623188406,0.0,0.028985507246376812,0.0,0.0,16.5,31,0.0,0.0,0.0,0,0,0,0.0,0,0,0.10144927536231885,0.0,0.0,0.028985507246376812,0,0,4
bash,bash_3,0,0,0,0,0,0,0,0,0,1,0,0,0,0,0,0,0,0,0,0,0,0,0,0,0,0,0,0,0,0,0,0,0,0,0,1,0,0,0,0,0,0,0.0,0.0,0.014492753623188406,0.0,0.0,0.0,0.0,0.0,0.0,0.0,0.014492753623188406,0.0,0.028985507246376812,0.0,0.0,16.5,31,0.0,0.0,0.0,0,0,0,0.0,0,0,0.10144927536231885,0.0,0.0,0.028985507246376812,0,0,4
bash,bash_4,0,0,0,0,0,0,0,0,0,1,0,0,0,0,0,0,0,0,0,0,0,0,0,0,0,0,0,0,0,0,0,0,0,0,0,2,0,0,0,0,0,0,0.0,0.0,0.011904761904761904,0.0,0.0,0.0,0.0,0.0,0.0,0.0,0.011904761904761904,0.0,0.023809523809523808,0.0,0.0,16.0,31,0.0,0.0,0.0,0,0,0,0.0,0,0,0.08333333333333333,0.0,0.0,0.023809523809523808,0,0,5
bash,bash_5,0,0,0,0,0,0,0,0,0,0,0,0,0,0,0,0,0,0,0,0,0,0,0,0,0,0,0,0,0,0,0,0,0,0,0,0,0,0,0,0,0,0,0.0,0.0,0.018518518518518517,0.0,0.0,0.0,0.0,0.0,0.0,0.0,0.018518518518518517,0.0,0.037037037037037035,0.0,0.0,17.333333333333332,31,0.0,0.0,0.0,0,0,0,0.0,0,0,0.12962962962962962,0.0,0.0,0.037037037037037035,0,0,3
bash,bash_7,0,0,0,0,0,0,0,0,0,1,0,0,0,0,0,0,0,0,0,0,0,0,0,1,0,0,0,0,0,0,0,0,0,0,0,1,0,0,0,0,0,0,0.0,0.0,0.014925373134328358,0.0,0.0,0.0,0.0,0.0,0.0,0.0,0.014925373134328358,0.0,0.029850746268656716,0.0,0.0,16.0,31,0.0,0.0,0.0,0,0,0,0.0,0,0,0.1044776119402985,0.0,0.0,0.029850746268656716,0,0,4
bash,bash_8,0,0,0,0,0,0,0,0,0,1,0,0,0,0,0,0,0,0,0,0,0,0,0,1,0,0,0,0,0,0,0,0,0,0,0,2,0,0,0,0,0,0,0.0,0.0,0.012195121951219513,0.0,0.0,0.0,0.0,0.0,0.0,0.0,0.012195121951219513,0.0,0.024390243902439025,0.0,0.0,15.6,31,0.0,0.0,0.0,0,0,0,0.0,0,0,0.08536585365853659,0.0,0.0,0.024390243902439025,0,0,5
bash,bash_9,0,0,0,0,1,1,0,0,0,1,0,0,0,0,0,0,0,0,0,0,0,0,0,1,1,0,0,0,0,0,0,0,0,0,0,2,0,0,0,0,0,0,0.0,0.0,0.012987012987012988,0.0,0.0,0.0,0.0,0.012987012987012988,0.0,0.0,0.0,0.0,0.025974025974025976,0.0,0.0,14.6,25,0.0,0.0,0.0,0,0,0,0.0,0,0,0.03896103896103896,0.0,0.012987012987012988,0.012987012987012988,0,0,5
bash,bash_11,0,0,0,0,0,0,0,0,0,1,0,0,0,0,0,0,0,0,0,0,0,0,0,1,0,0,0,0,0,0,0,0,0,0,0,2,0,0,0,0,0,0,0.0,0.0,0.012195121951219513,0.0,0.0,0.0,0.0,0.0,0.0,0.0,0.012195121951219513,0.0,0.024390243902439025,0.0,0.0,15.6,31,0.0,0.0,0.0,0,0,0,0.0,0,0,0.08536585365853659,0.0,0.0,0.024390243902439025,0,0,5
bash,bash_13,0,0,0,0,0,0,0,0,0,1,0,0,0,0,0,0,0,0,0,0,0,0,0,0,0,0,0,0,0,0,0,0,0,0,0,1,0,0,0,0,0,0,0.0,0.0,0.014285714285714285,0.0,0.0,0.0,0.0,0.0,0.0,0.0,0.014285714285714285,0.0,0.02857142857142857,0.0,0.0,13.2,31,0.2,0.0,0.0,0,0,0,0.0,0,0,0.1,0.0,0.0,0.02857142857142857,0,0,5
bash,bash_14,0,0,0,0,1,1,0,0,0,1,0,0,0,0,0,0,0,0,0,0,0,0,0,1,1,0,0,0,0,0,0,0,0,0,0,2,0,0,0,0,0,0,0.0,0.0,0.01282051282051282,0.0,0.0,0.0,0.0,0.01282051282051282,0.0,0.0,0.0,0.0,0.02564102564102564,0.0,0.0,12.166666666666666,25,0.16666666666666666,0.0,0.0,0,0,0,0.0,0,0,0.038461538461538464,0.0,0.01282051282051282,0.01282051282051282,0,0,6
bash,bash_18,0,0,0,0,1,1,0,0,0,1,0,0,0,0,0,0,0,0,0,0,0,0,0,0,1,0,0,0,0,0,0,0,0,0,0,2,0,0,0,0,0,0,0.0,0.0,0.0125,0.0,0.0,0.0,0.0,0.0125,0.0,0.0,0.0,0.0,0.025,0.0,0.0,12.5,25,0.16666666666666666,0.0,0.0,0,0,0,0.0,0,0,0.0375,0.0,0.0125,0.0125,0,0,6
bash,bash_23,0,0,0,0,1,1,0,0,0,1,0,0,0,0,0,0,0,0,0,0,0,0,0,0,1,0,0,0,0,0,0,0,0,0,0,2,0,0,0,0,0,0,0.0,0.0,0.012658227848101266,0.0,0.0,0.0,0.0,0.012658227848101266,0.0,0.0,0.0,0.0,0.02531645569620253,0.0,0.0,15.0,25,0.0,0.0,0.0,0,0,0,0.0,0,0,0.0379746835443038,0.0,0.012658227848101266,0.012658227848101266,0,0,5
bash,bash_24,0,0,0,0,1,1,0,0,0,1,0,0,0,0,0,0,0,0,0,0,0,0,0,0,1,0,0,0,0,0,0,0,0,0,0,2,0,0,0,0,0,0,0.0,0.0,0.012658227848101266,0.0,0.0,0.0,0.0,0.012658227848101266,0.0,0.0,0.0,0.0,0.02531645569620253,0.0,0.0,15.0,25,0.0,0.0,0.0,0,0,0,0.0,0,0,0.0379746835443038,0.0,0.012658227848101266,0.012658227848101266,0,0,5
bash,bash_29,0,0,0,0,0,0,0,0,0,1,0,0,0,0,0,0,0,0,0,0,0,0,0,0,0,0,0,0,0,0,0,0,0,0,0,1,0,0,0,0,0,0,0.0,0.0,0.014285714285714285,0.0,0.0,0.0,0.0,0.0,0.0,0.0,0.014285714285714285,0.0,0.02857142857142857,0.0,0.0,13.2,31,0.2,0.0,0.0,0,0,0,0.0,0,0,0.1,0.0,0.0,0.02857142857142857,0,0,5
bash,bash_31,0,0,0,0,1,1,0,0,0,1,0,0,0,0,0,0,0,0,0,0,0,0,0,0,1,0,0,0,0,0,0,0,0,0,0,3,0,0,0,0,0,0,0.0,0.0,0.010638297872340425,0.0,0.0,0.0,0.0,0.010638297872340425,0.0,0.0,0.0,0.0,0.02127659574468085,0.0,0.0,14.833333333333334,25,0.0,0.0,0.0,0,0,0,0.0,0,0,0.031914893617021274,0.0,0.010638297872340425,0.010638297872340425,0,0,6
bash,bash_35,0,0,0,0,0,0,0,0,0,1,0,0,0,0,0,0,0,0,0,0,0,0,0,0,0,0,0,0,0,0,0,0,0,0,0,2,0,0,0,0,0,0,0.0,0.0,0.011904761904761904,0.0,0.0,0.0,0.0,0.0,0.0,0.0,0.011904761904761904,0.0,0.023809523809523808,0.0,0.0,16.0,31,0.0,0.0,0.0,0,0,0,0.0,0,0,0.08333333333333333,0.0,0.0,0.023809523809523808,0,0,5
bash,bash_38,0,0,0,0,1,1,0,0,0,1,0,0,0,0,0,0,0,0,0,0,0,0,0,0,1,0,0,0,0,0,0,0,0,0,0,3,0,0,0,0,0,0,0.0,0.0,0.010638297872340425,0.0,0.0,0.0,0.0,0.010638297872340425,0.0,0.0,0.0,0.0,0.02127659574468085,0.0,0.0,14.833333333333334,25,0.0,0.0,0.0,0,0,0,0.0,0,0,0.031914893617021274,0.0,0.010638297872340425,0.010638297872340425,0,0,6
bash,bash_42,0,0,0,0,1,1,0,0,0,1,0,0,0,0,0,0,0,0,0,0,0,0,0,1,1,0,0,0,0,0,0,0,0,0,0,3,0,0,0,0,0,0,0.0,0.0,0.010869565217391304,0.0,0.0,0.0,0.0,0.010869565217391304,0.0,0.0,0.0,0.0,0.021739130434782608,0.0,0.0,14.5,25,0.0,0.0,0.0,0,0,0,0.0,0,0,0.03260869565217391,0.0,0.010869565217391304,0.010869565217391304,0,0,6
bash,bash_48,0,0,0,0,0,0,0,0,0,1,0,0,0,0,0,0,0,0,0,0,0,0,0,0,0,0,0,0,0,0,0,0,0,0,0,2,0,0,0,0,0,0,0.0,0.0,0.011764705882352941,0.0,0.0,0.0,0.0,0.0,0.0,0.0,0.011764705882352941,0.0,0.023529411764705882,0.0,0.0,13.333333333333334,31,0.16666666666666666,0.0,0.0,0,0,0,0.0,0,0,0.08235294117647059,0.0,0.0,0.023529411764705882,0,0,6
bash,bash_52,0,0,0,0,0,0,0,0,0,1,0,0,0,0,0,0,0,0,0,0,0,0,0,0,0,0,0,0,0,0,0,0,0,0,0,2,0,0,0,0,0,0,0.0,0.0,0.011764705882352941,0.0,0.0,0.0,0.0,0.0,0.0,0.0,0.011764705882352941,0.0,0.023529411764705882,0.0,0.0,13.333333333333334,31,0.16666666666666666,0.0,0.0,0,0,0,0.0,0,0,0.08235294117647059,0.0,0.0,0.023529411764705882,0,0,6
bash,bash_60,0,0,0,0,1,1,0,0,0,1,0,0,0,0,0,0,0,0,0,0,0,0,0,0,1,0,0,0,0,0,0,0,0,0,0,3,0,0,0,0,0,0,0.0,0.0,0.010526315789473684,0.0,0.0,0.0,0.0,0.010526315789473684,0.0,0.0,0.0,0.0,0.021052631578947368,0.0,0.0,12.714285714285714,25,0.14285714285714285,0.0,0.0,0,0,0,0.0,0,0,0.031578947368421054,0.0,0.010526315789473684,0.010526315789473684,0,0,7
bash,bash_67,0,0,0,0,0,0,0,0,0,1,0,0,0,0,0,0,0,0,0,0,0,0,0,2,0,0,0,0,0,0,0,0,0,0,0,2,0,0,0,0,0,0,0.0,0.0,0.012345679012345678,0.0,0.0,0.0,0.0,0.0,0.0,0.0,0.012345679012345678,0.0,0.024691358024691357,0.0,0.0,12.666666666666666,31,0.16666666666666666,0.0,0.0,0,0,0,0.0,0,0,0.08641975308641975,0.0,0.0,0.024691358024691357,0,0,6
bash,bash_71,0,0,0,0,0,0,0,0,0,1,0,0,0,0,0,0,0,0,0,0,0,0,0,1,0,0,0,0,0,0,0,0,0,0,0,2,0,0,0,0,0,0,0.0,0.0,0.012195121951219513,0.0,0.0,0.0,0.0,0.0,0.0,0.0,0.012195121951219513,0.0,0.024390243902439025,0.0,0.0,15.6,31,0.0,0.0,0.0,0,0,0,0.0,0,0,0.08536585365853659,0.0,0.0,0.024390243902439025,0,0,5
bash,bash_81,0,0,0,0,1,1,0,0,0,1,0,0,0,0,0,0,0,0,0,0,0,0,0,0,1,0,0,0,0,0,0,0,0,0,0,2,0,0,0,0,0,0,0.0,0.0,0.0125,0.0,0.0,0.0,0.0,0.0125,0.0,0.0,0.0,0.0,0.025,0.0,0.0,12.5,25,0.16666666666666666,0.0,0.0,0,0,0,0.0,0,0,0.0375,0.0,0.0125,0.0125,0,0,6
bash,bash_100,0,0,0,0,1,1,0,0,0,1,0,0,0,0,0,0,0,0,0,0,0,0,0,0,1,0,0,0,0,0,0,0,0,0,0,3,0,0,0,0,0,0,0.0,0.0,0.010526315789473684,0.0,0.0,0.0,0.0,0.010526315789473684,0.0,0.0,0.0,0.0,0.021052631578947368,0.0,0.0,12.714285714285714,25,0.14285714285714285,0.0,0.0,0,0,0,0.0,0,0,0.031578947368421054,0.0,0.010526315789473684,0.010526315789473684,0,0,7
bash,bash_106,0,0,0,0,0,0,0,0,0,1,0,0,0,0,0,0,0,0,0,0,0,0,0,1,0,0,0,0,0,0,0,0,0,0,0,1,0,0,0,0,0,0,0.0,0.0,0.014705882352941176,0.0,0.0,0.0,0.0,0.0,0.0,0.0,0.014705882352941176,0.0,0.029411764705882353,0.0,0.0,12.8,31,0.2,0.0,0.0,0,0,0,0.0,0,0,0.10294117647058823,0.0,0.0,0.029411764705882353,0,0,5
bash,bash_117,0,0,0,0,1,1,0,0,0,1,0,0,0,0,0,0,0,0,0,0,0,0,0,2,1,0,0,0,0,0,0,0,0,0,0,3,0,0,0,0,0,0,0.0,0.0,0.01098901098901099,0.0,0.0,0.0,0.0,0.01098901098901099,0.0,0.0,0.0,0.0,0.02197802197802198,0.0,0.0,12.142857142857142,25,0.14285714285714285,0.0,0.0,0,0,0,0.0,0,0,0.03296703296703297,0.0,0.01098901098901099,0.01098901098901099,0,0,7
bash,bash_125,0,0,0,0,0,0,0,0,0,1,0,0,0,0,0,0,0,0,0,0,0,0,0,2,0,0,0,0,0,0,0,0,0,0,0,2,0,0,0,0,0,0,0.0,0.0,0.0125,0.0,0.0,0.0,0.0,0.0,0.0,0.0,0.0125,0.0,0.025,0.0,0.0,15.2,31,0.0,0.0,0.0,0,0,0,0.0,0,0,0.0875,0.0,0.0,0.025,0,0,5
bash,bash_127,0,0,0,0,0,0,0,0,0,1,0,0,0,0,0,0,0,0,0,0,0,0,0,0,0,0,0,0,0,0,0,0,0,0,0,2,0,0,0,0,0,0,0.0,0.0,0.011764705882352941,0.0,0.0,0.0,0.0,0.0,0.0,0.0,0.011764705882352941,0.0,0.023529411764705882,0.0,0.0,13.333333333333334,31,0.16666666666666666,0.0,0.0,0,0,0,0.0,0,0,0.08235294117647059,0.0,0.0,0.023529411764705882,0,0,6
bash,bash_133,0,0,0,0,0,0,0,0,0,1,0,0,0,0,0,0,0,0,0,0,0,0,0,1,0,0,0,0,0,0,0,0,0,0,0,2,0,0,0,0,0,0,0.0,0.0,0.012048192771084338,0.0,0.0,0.0,0.0,0.0,0.0,0.0,0.012048192771084338,0.0,0.024096385542168676,0.0,0.0,13.0,31,0.16666666666666666,0.0,0.0,0,0,0,0.0,0,0,0.08433734939759036,0.0,0.0,0.024096385542168676,0,0,6
bash,bash_136,0,0,0,0,1,1,0,0,0,1,0,0,0,0,0,0,0,0,0,0,0,0,0,2,1,0,0,0,0,0,0,0,0,0,0,3,0,0,0,0,0,0,0.0,0.0,0.011111111111111112,0.0,0.0,0.0,0.0,0.011111111111111112,0.0,0.0,0.0,0.0,0.022222222222222223,0.0,0.0,14.166666666666666,25,0.0,0.0,0.0,0,0,0,0.0,0,0,0.03333333333333333,0.0,0.011111111111111112,0.011111111111111112,0,0,6
bash,bash_147,0,0,0,0,1,1,0,0,0,1,0,0,0,0,0,0,0,0,0,0,0,0,0,0,1,0,0,0,0,0,0,0,0,0,0,3,0,0,0,0,0,0,0.0,0.0,0.010638297872340425,0.0,0.0,0.0,0.0,0.010638297872340425,0.0,0.0,0.0,0.0,0.02127659574468085,0.0,0.0,14.833333333333334,25,0.0,0.0,0.0,0,0,0,0.0,0,0,0.031914893617021274,0.0,0.010638297872340425,0.010638297872340425,0,0,6
bash,bash_156,0,0,0,0,0,0,0,0,0,1,0,0,0,0,0,0,0,0,0,0,0,0,0,1,0,0,0,0,0,0,0,0,0,0,0,2,0,0,0,0,0,0,0.0,0.0,0.012048192771084338,0.0,0.0,0.0,0.0,0.0,0.0,0.0,0.012048192771084338,0.0,0.024096385542168676,0.0,0.0,13.0,31,0.16666666666666666,0.0,0.0,0,0,0,0.0,0,0,0.08433734939759036,0.0,0.0,0.024096385542168676,0,0,6
bash,bash_158,0,0,0,0,0,0,0,0,0,1,0,0,0,0,0,0,0,0,0,0,0,0,0,0,0,0,0,0,0,0,0,0,0,0,0,2,0,0,0,0,0,0,0.0,0.0,0.011904761904761904,0.0,0.0,0.0,0.0,0.0,0.0,0.0,0.011904761904761904,0.0,0.023809523809523808,0.0,0.0,16.0,31,0.0,0.0,0.0,0,0,0,0.0,0,0,0.08333333333333333,0.0,0.0,0.023809523809523808,0,0,5
bash,bash_164,0,0,0,0,1,1,0,0,0,1,0,0,0,0,0,0,0,0,0,0,0,0,0,1,1,0,0,0,0,0,0,0,0,0,0,3,0,0,0,0,0,0,0.0,0.0,0.010752688172043012,0.0,0.0,0.0,0.0,0.010752688172043012,0.0,0.0,0.0,0.0,0.021505376344086023,0.0,0.0,12.428571428571429,25,0.14285714285714285,0.0,0.0,0,0,0,0.0,0,0,0.03225806451612903,0.0,0.010752688172043012,0.010752688172043012,0,0,7
bash,bash_165,0,0,0,0,1,1,0,0,0,1,0,0,0,0,0,0,0,0,0,0,0,0,0,0,1,0,0,0,0,0,0,0,0,0,0,3,0,0,0,0,0,0,0.0,0.0,0.010526315789473684,0.0,0.0,0.0,0.0,0.010526315789473684,0.0,0.0,0.0,0.0,0.021052631578947368,0.0,0.0,12.714285714285714,25,0.14285714285714285,0.0,0.0,0,0,0,0.0,0,0,0.031578947368421054,0.0,0.010526315789473684,0.010526315789473684,0,0,7
bash,bash_170,0,0,0,0,1,1,0,0,0,1,0,0,0,0,0,0,0,0,0,0,0,0,0,1,1,0,0,0,0,0,0,0,0,0,0,3,0,0,0,0,0,0,0.0,0.0,0.010869565217391304,0.0,0.0,0.0,0.0,0.010869565217391304,0.0,0.0,0.0,0.0,0.021739130434782608,0.0,0.0,14.5,25,0.0,0.0,0.0,0,0,0,0.0,0,0,0.03260869565217391,0.0,0.010869565217391304,0.010869565217391304,0,0,6
bash,bash_171,0,0,0,0,0,0,0,0,0,1,0,0,0,0,0,0,0,0,0,0,0,0,0,1,0,0,0,0,0,0,0,0,0,0,0,2,0,0,0,0,0,0,0.0,0.0,0.012048192771084338,0.0,0.0,0.0,0.0,0.0,0.0,0.0,0.012048192771084338,0.0,0.024096385542168676,0.0,0.0,13.0,31,0.16666666666666666,0.0,0.0,0,0,0,0.0,0,0,0.08433734939759036,0.0,0.0,0.024096385542168676,0,0,6
bash,bash_173,0,0,0,0,1,1,0,0,0,1,0,0,0,0,0,0,0,0,0,0,0,0,0,1,1,0,0,0,0,0,0,0,0,0,0,3,0,0,0,0,0,0,0.0,0.0,0.010869565217391304,0.0,0.0,0.0,0.0,0.010869565217391304,0.0,0.0,0.0,0.0,0.021739130434782608,0.0,0.0,14.5,25,0.0,0.0,0.0,0,0,0,0.0,0,0,0.03260869565217391,0.0,0.010869565217391304,0.010869565217391304,0,0,6
bash,bash_224,0,0,0,0,1,1,0,0,0,1,0,0,0,0,0,0,0,0,0,0,0,0,0,1,1,0,0,0,0,0,0,0,0,0,0,3,0,0,0,0,0,0,0.0,0.0,0.010752688172043012,0.0,0.0,0.0,0.0,0.010752688172043012,0.0,0.0,0.0,0.0,0.021505376344086023,0.0,0.0,12.428571428571429,25,0.14285714285714285,0.0,0.0,0,0,0,0.0,0,0,0.03225806451612903,0.0,0.010752688172043012,0.010752688172043012,0,0,7
bash,bash_278,0,0,0,0,1,1,0,0,0,1,0,0,0,0,0,0,0,0,0,0,0,0,0,0,1,0,0,0,0,0,0,0,0,0,0,3,0,0,0,0,0,0,0.0,0.0,0.010526315789473684,0.0,0.0,0.0,0.0,0.010526315789473684,0.0,0.0,0.0,0.0,0.021052631578947368,0.0,0.0,12.714285714285714,25,0.14285714285714285,0.0,0.0,0,0,0,0.0,0,0,0.031578947368421054,0.0,0.010526315789473684,0.010526315789473684,0,0,7
bash,bash_304,0,0,0,0,1,1,0,0,0,1,0,0,0,0,0,0,0,0,0,0,0,0,0,1,1,0,0,0,0,0,0,0,0,0,0,3,0,0,0,0,0,0,0.0,0.0,0.010752688172043012,0.0,0.0,0.0,0.0,0.010752688172043012,0.0,0.0,0.0,0.0,0.021505376344086023,0.0,0.0,12.428571428571429,25,0.14285714285714285,0.0,0.0,0,0,0,0.0,0,0,0.03225806451612903,0.0,0.010752688172043012,0.010752688172043012,0,0,7
bash,bash_386,0,0,0,0,0,0,0,0,0,1,0,0,0,0,0,0,0,0,0,0,0,0,0,1,0,0,0,0,0,0,0,0,0,0,0,2,0,0,0,0,0,0,0.0,0.0,0.012048192771084338,0.0,0.0,0.0,0.0,0.0,0.0,0.0,0.012048192771084338,0.0,0.024096385542168676,0.0,0.0,13.0,31,0.16666666666666666,0.0,0.0,0,0,0,0.0,0,0,0.08433734939759036,0.0,0.0,0.024096385542168676,0,0,6
bash,bash_415,0,0,0,0,0,0,0,0,0,1,0,0,0,0,0,0,0,0,0,0,0,0,0,0,0,0,0,0,0,0,0,0,0,0,0,2,0,0,0,0,0,0,0.0,0.0,0.011764705882352941,0.0,0.0,0.0,0.0,0.0,0.0,0.0,0.011764705882352941,0.0,0.023529411764705882,0.0,0.0,13.333333333333334,31,0.16666666666666666,0.0,0.0,0,0,0,0.0,0,0,0.08235294117647059,0.0,0.0,0.023529411764705882,0,0,6
bash,bash_498,0,0,0,0,0,0,0,0,0,1,0,0,0,0,0,0,0,0,0,0,0,0,0,0,0,0,0,0,0,0,0,0,0,0,0,2,0,0,0,0,0,0,0.0,0.0,0.011904761904761904,0.0,0.0,0.0,0.0,0.0,0.0,0.0,0.011904761904761904,0.0,0.023809523809523808,0.0,0.0,16.0,31,0.0,0.0,0.0,0,0,0,0.0,0,0,0.08333333333333333,0.0,0.0,0.023809523809523808,0,0,5
bash,bash_523,0,0,0,0,1,1,0,0,0,1,0,0,0,0,0,0,0,0,0,0,0,0,0,1,1,0,0,0,0,0,0,0,0,0,0,3,0,0,0,0,0,0,0.0,0.0,0.010752688172043012,0.0,0.0,0.0,0.0,0.010752688172043012,0.0,0.0,0.0,0.0,0.021505376344086023,0.0,0.0,12.428571428571429,25,0.14285714285714285,0.0,0.0,0,0,0,0.0,0,0,0.03225806451612903,0.0,0.010752688172043012,0.010752688172043012,0,0,7
bash,bash_689,0,0,0,0,1,1,0,0,0,1,0,0,0,0,0,0,0,0,0,0,0,0,0,0,1,0,0,0,0,0,0,0,0,0,0,3,0,0,0,0,0,0,0.0,0.0,0.010638297872340425,0.0,0.0,0.0,0.0,0.010638297872340425,0.0,0.0,0.0,0.0,0.02127659574468085,0.0,0.0,14.833333333333334,25,0.0,0.0,0.0,0,0,0,0.0,0,0,0.031914893617021274,0.0,0.010638297872340425,0.010638297872340425,0,0,6
bash,bash_712,0,0,0,0,0,0,0,0,0,1,0,0,0,0,0,0,0,0,0,0,0,0,0,1,0,0,0,0,0,0,0,0,0,0,0,2,0,0,0,0,0,0,0.0,0.0,0.012195121951219513,0.0,0.0,0.0,0.0,0.0,0.0,0.0,0.012195121951219513,0.0,0.024390243902439025,0.0,0.0,15.6,31,0.0,0.0,0.0,0,0,0,0.0,0,0,0.08536585365853659,0.0,0.0,0.024390243902439025,0,0,5
powershell,powershell_0,0,0,0,0,0,0,0,0,0,1,0,0,0,0,0,0,0,0,0,0,0,0,0,0,0,0,0,0,0,0,0,0,0,0,0,1,0,0,0,0,0,0,0.009708737864077669,0.009708737864077669,0.0,0.0,0.0,0.0,0.0,0.009708737864077669,0.0,0.0,0.0,0.0,0.019417475728155338,0.019417475728155338,0.009708737864077669,25.0,64,0.25,0.0,0.0,0,0,0,0.0,0,0,0.019417475728155338,0.0,0.10679611650485436,0.02912621359223301,1,0,4
powershell,powershell_1,0,0,0,0,0,0,0,0,0,1,0,0,0,1,0,0,0,0,0,0,0,0,0,0,0,0,0,0,0,0,0,0,0,0,0,1,0,0,0,0,0,0,0.012658227848101266,0.012658227848101266,0.0,0.0,0.0,0.0,0.012658227848101266,0.0379746835443038,0.0,0.0,0.0,0.0,0.0,0.02531645569620253,0.012658227848101266,25.666666666666668,34,0.0,0.0,0.0,0,0,0,0.0,0,0,0.02531645569620253,0.0,0.0759493670886076,0.02531645569620253,1,0,3
powershell,powershell_2,0,0,0,0,0,0,0,0,0,1,0,0,0,1,0,0,0,0,0,0,0,0,0,0,0,0,0,0,0,0,0,0,0,0,0,2,0,0,0,0,0,0,0.01098901098901099,0.01098901098901099,0.0,0.0,0.0,0.0,0.01098901098901099,0.03296703296703297,0.0,0.0,0.0,0.0,0.0,0.02197802197802198,0.01098901098901099,17.4,34,0.2,0.0,0.0,0,0,0,0.0,0,0,0.02197802197802198,0.0,0.06593406593406594,0.02197802197802198,1,0,5
powershell,powershell_4,0,0,0,0,0,0,0,0,0,0,0,0,0,1,0,0,0,0,0,0,0,0,0,0,0,0,0,0,0,0,0,0,0,0,0,0,0,0,0,0,0,0,0.015625,0.015625,0.0,0.0,0.0,0.0,0.015625,0.046875,0.0,0.0,0.0,0.0,0.0,0.03125,0.015625,31.5,34,0.0,0.0,0.0,0,0,0,0.0,0,0,0.03125,0.0,0.09375,0.03125,1,0,2
powershell,powershell_5,0,0,0,0,0,0,0,0,0,1,0,0,0,0,0,0,0,0,0,0,0,0,0,0,0,0,0,0,0,0,0,0,0,0,0,1,0,0,0,0,0,0,0.00980392156862745,0.00980392156862745,0.0,0.0,0.0,0.0,0.0,0.00980392156862745,0.0,0.0,0.0,0.0,0.0196078431372549,0.0196078431372549,0.00980392156862745,33.333333333333336,64,0.0,0.0,0.0,0,0,0,0.0,0,0,0.0196078431372549,0.0,0.10784313725490197,0.029411764705882353,1,0,3
powershell,powershell_6,0,0,0,0,0,0,0,0,0,1,0,0,0,1,0,0,0,0,0,0,0,0,0,0,0,0,0,0,0,0,0,0,0,0,0,1,0,0,0,0,0,0,0.012987012987012988,0.012987012987012988,0.0,0.0,0.0,0.0,0.012987012987012988,0.03896103896103896,0.0,0.0,0.0,0.0,0.0,0.025974025974025976,0.012987012987012988,25.0,34,0.0,0.0,0.0,0,0,0,0.0,0,0,0.025974025974025976,0.0,0.07792207792207792,0.025974025974025976,1,0,3
powershell,powershell_9,0,0,0,0,0,0,0,0,0,1,0,0,0,1,0,0,0,0,0,0,0,0,0,0,0,0,0,0,0,0,0,0,0,0,0,1,0,0,0,0,0,0,0.012987012987012988,0.012987012987012988,0.0,0.0,0.0,0.0,0.012987012987012988,0.03896103896103896,0.0,0.0,0.0,0.0,0.0,0.025974025974025976,0.012987012987012988,25.0,34,0.0,0.0,0.0,0,0,0,0.0,0,0,0.025974025974025976,0.0,0.07792207792207792,0.025974025974025976,1,0,3
powershell,powershell_10,0,0,0,0,0,0,0,0,0,0,0,0,0,0,0,0,0,0,0,0,0,0,0,0,0,0,0,0,0,0,0,0,0,0,0,0,0,0,0,0,0,0,0.011235955056179775,0.011235955056179775,0.0,0.0,0.0,0.0,0.0,0.011235955056179775,0.0,0.0,0.0,0.0,0.02247191011235955,0.02247191011235955,0.011235955056179775,44.0,64,0.0,0.0,0.0,0,0,0,0.0,0,0,0.02247191011235955,0.0,0.12359550561797752,0.033707865168539325,1,0,2
powershell,powershell_13,0,0,0,0,0,0,0,0,0,1,0,0,0,0,0,0,0,0,0,0,0,0,0,0,0,0,0,0,0,0,0,0,0,0,0,1,0,0,0,0,0,0,0.00980392156862745,0.00980392156862745,0.0,0.0,0.0,0.0,0.0,0.00980392156862745,0.0,0.0,0.0,0.0,0.0196078431372549,0.0196078431372549,0.00980392156862745,33.333333333333336,64,0.0,0.0,0.0,0,0,0,0.0,0,0,0.0196078431372549,0.0,0.10784313725490197,0.029411764705882353,1,0,3
powershell,powershell_20,0,0,0,0,0,0,0,0,0,1,0,0,0,0,0,0,0,0,0,0,0,0,0,0,0,0,0,0,0,0,0,0,0,0,0,2,0,0,0,0,0,0,0.008547008547008548,0.008547008547008548,0.0,0.0,0.0,0.0,0.0,0.008547008547008548,0.0,0.0,0.0,0.0,0.017094017094017096,0.017094017094017096,0.008547008547008548,28.5,64,0.0,0.0,0.0,0,0,0,0.0,0,0,0.017094017094017096,0.0,0.09401709401709402,0.02564102564102564,1,0,4
powershell,powershell_22,0,0,0,0,0,0,0,0,0,1,0,0,0,0,0,0,0,0,0,0,0,0,0,0,0,0,0,0,0,0,0,0,0,0,0,1,0,0,0,0,0,0,0.009615384615384616,0.009615384615384616,0.0,0.0,0.0,0.0,0.0,0.009615384615384616,0.0,0.0,0.0,0.0,0.019230769230769232,0.019230769230769232,0.009615384615384616,34.0,64,0.0,0.0,0.0,0,0,0,0.0,0,0,0.019230769230769232,0.0,0.10576923076923077,0.028846153846153848,1,0,3
powershell,powershell_23,0,0,0,0,0,0,0,0,0,1,0,0,0,1,0,0,0,0,0,0,0,0,0,0,0,0,0,0,0,0,0,0,0,0,0,2,0,0,0,0,0,0,0.010526315789473684,0.010526315789473684,0.0,0.0,0.0,0.0,0.010526315789473684,0.031578947368421054,0.0,0.0,0.0,0.0,0.0,0.021052631578947368,0.010526315789473684,18.2,34,0.2,0.0,0.0,0,0,0,0.0,0,0,0.021052631578947368,0.0,0.06315789473684211,0.021052631578947368,1,0,5
powershell,powershell_24,0,0,0,0,0,0,0,0,0,1,0,0,0,1,0,0,0,0,0,0,0,0,0,0,0,0,0,0,0,0,0,0,0,0,0,2,0,0,0,0,0,0,0.010638297872340425,0.010638297872340425,0.0,0.0,0.0,0.0,0.010638297872340425,0.031914893617021274,0.0,0.0,0.0,0.0,0.0,0.02127659574468085,0.010638297872340425,22.75,34,0.0,0.0,0.0,0,0,0,0.0,0,0,0.02127659574468085,0.0,0.06382978723404255,0.02127659574468085,1,0,4
powershell,powershell_31,0,0,0,0,0,0,0,0,0,1,0,0,0,1,0,0,0,0,0,0,0,0,0,0,0,0,0,0,0,0,0,0,0,0,0,2,0,0,0,0,0,0,0.010752688172043012,0.010752688172043012,0.0,0.0,0.0,0.0,0.010752688172043012,0.03225806451612903,0.0,0.0,0.0,0.0,0.0,0.021505376344086023,0.010752688172043012,17.8,34,0.2,0.0,0.0,0,0,0,0.0,0,0,0.021505376344086023,0.0,0.06451612903225806,0.021505376344086023,1,0,5
powershell,powershell_32,0,0,0,0,0,0,0,0,0,1,0,0,0,1,0,0,0,0,0,0,0,0,0,0,0,0,0,0,0,0,0,0,0,0,0,1,0,0,0,0,0,0,0.01282051282051282,0.01282051282051282,0.0,0.0,0.0,0.0,0.01282051282051282,0.038461538461538464,0.0,0.0,0.0,0.0,0.0,0.02564102564102564,0.01282051282051282,18.75,34,0.25,0.0,0.0,0,0,0,0.0,0,0,0.02564102564102564,0.0,0.07692307692307693,0.02564102564102564,1,0,4
powershell,powershell_35,0,0,0,0,0,0,0,0,0,1,0,0,0,0,0,0,0,0,0,0,0,0,0,0,0,0,0,0,0,0,0,0,0,0,0,1,0,0,0,0,0,0,0.009523809523809525,0.009523809523809525,0.0,0.0,0.0,0.0,0.0,0.009523809523809525,0.0,0.0,0.0,0.0,0.01904761904761905,0.01904761904761905,0.009523809523809525,25.5,64,0.25,0.0,0.0,0,0,0,0.0,0,0,0.01904761904761905,0.0,0.10476190476190476,0.02857142857142857,1,0,4
powershell,powershell_36,0,0,0,0,0,0,0,0,0,1,0,0,0,0,0,0,0,0,0,0,0,0,0,0,0,0,0,0,0,0,0,0,0,0,0,2,0,0,0,0,0,0,0.008547008547008548,0.008547008547008548,0.0,0.0,0.0,0.0,0.0,0.008547008547008548,0.0,0.0,0.0,0.0,0.017094017094017096,0.017094017094017096,0.008547008547008548,28.5,64,0.0,0.0,0.0,0,0,0,0.0,0,0,0.017094017094017096,0.0,0.09401709401709402,0.02564102564102564,1,0,4
powershell,powershell_40,0,0,0,0,0,0,0,0,0,1,0,0,0,0,0,0,0,0,0,0,0,0,0,0,0,0,0,0,0,0,0,0,0,0,0,2,0,0,0,0,0,0,0.008547008547008548,0.008547008547008548,0.0,0.0,0.0,0.0,0.0,0.008547008547008548,0.0,0.0,0.0,0.0,0.017094017094017096,0.017094017094017096,0.008547008547008548,28.5,64,0.0,0.0,0.0,0,0,0,0.0,0,0,0.017094017094017096,0.0,0.09401709401709402,0.02564102564102564,1,0,4
powershell,powershell_43,0,0,0,0,0,0,0,0,0,1,0,0,0,1,0,0,0,0,0,0,0,0,0,0,0,0,0,0,0,0,0,0,0,0,0,2,0,0,0,0,0,0,0.010752688172043012,0.010752688172043012,0.0,0.0,0.0,0.0,0.010752688172043012,0.03225806451612903,0.0,0.0,0.0,0.0,0.0,0.021505376344086023,0.010752688172043012,17.8,34,0.2,0.0,0.0,0,0,0,0.0,0,0,0.021505376344086023,0.0,0.06451612903225806,0.021505376344086023,1,0,5
powershell,powershell_44,0,0,0,0,0,0,0,0,0,1,0,0,0,1,0,0,0,0,0,0,0,0,0,0,0,0,0,0,0,0,0,0,0,0,0,1,0,0,0,0,0,0,0.0125,0.0125,0.0,0.0,0.0,0.0,0.0125,0.0375,0.0,0.0,0.0,0.0,0.0,0.025,0.0125,19.25,34,0.25,0.0,0.0,0,0,0,0.0,0,0,0.025,0.0,0.075,0.025,1,0,4
powershell,powershell_45,0,0,0,0,0,0,0,0,0,1,0,0,0,0,0,0,0,0,0,0,0,0,0,0,0,0,0,0,0,0,0,0,0,0,0,2,0,0,0,0,0,0,0.00847457627118644,0.00847457627118644,0.0,0.0,0.0,0.0,0.0,0.00847457627118644,0.0,0.0,0.0,0.0,0.01694915254237288,0.01694915254237288,0.00847457627118644,22.8,64,0.2,0.0,0.0,0,0,0,0.0,0,0,0.01694915254237288,0.0,0.09322033898305085,0.025423728813559324,1,0,5
powershell,powershell_52,0,0,0,0,0,0,0,0,0,1,0,0,0,0,0,0,0,0,0,0,0,0,0,0,0,0,0,0,0,0,0,0,0,0,0,2,0,0,0,0,0,0,0.008695652173913044,0.008695652173913044,0.0,0.0,0.0,0.0,0.0,0.008695652173913044,0.0,0.0,0.0,0.0,0.017391304347826087,0.017391304347826087,0.008695652173913044,28.0,64,0.0,0.0,0.0,0,0,0,0.0,0,0,0.017391304347826087,0.0,0.09565217391304348,0.02608695652173913,1,0,4
powershell,powershell_54,0,0,0,0,0,0,0,0,0,1,0,0,0,1,0,0,0,0,0,0,0,0,0,0,0,0,0,0,0,0,0,0,0,0,0,2,0,0,0,0,0,0,0.011111111111111112,0.011111111111111112,0.0,0.0,0.0,0.0,0.011111111111111112,0.03333333333333333,0.0,0.0,0.0,0.0,0.0,0.022222222222222223,0.011111111111111112,21.75,34,0.0,0.0,0.0,0,0,0,0.0,0,0,0.022222222222222223,0.0,0.06666666666666667,0.022222222222222223,1,0,4
powershell,powershell_57,0,0,0,0,0,0,0,0,0,1,0,0,0,0,0,0,0,0,0,0,0,0,0,0,0,0,0,0,0,0,0,0,0,0,0,1,0,0,0,0,0,0,0.009708737864077669,0.009708737864077669,0.0,0.0,0.0,0.0,0.0,0.009708737864077669,0.0,0.0,0.0,0.0,0.019417475728155338,0.019417475728155338,0.009708737864077669,25.0,64,0.25,0.0,0.0,0,0,0,0.0,0,0,0.019417475728155338,0.0,0.10679611650485436,0.02912621359223301,1,0,4
powershell,powershell_68,0,0,0,0,0,0,0,0,0,1,0,0,0,0,0,0,0,0,0,0,0,0,0,0,0,0,0,0,0,0,0,0,0,0,0,2,0,0,0,0,0,0,0.008333333333333333,0.008333333333333333,0.0,0.0,0.0,0.0,0.0,0.008333333333333333,0.0,0.0,0.0,0.0,0.016666666666666666,0.016666666666666666,0.008333333333333333,23.2,64,0.2,0.0,0.0,0,0,0,0.0,0,0,0.016666666666666666,0.0,0.09166666666666666,0.025,1,0,5
powershell,powershell_70,0,0,0,0,0,0,0,0,0,1,0,0,0,0,0,0,0,0,0,0,0,0,0,0,0,0,0,0,0,0,0,0,0,0,0,2,0,0,0,0,0,0,0.008620689655172414,0.008620689655172414,0.0,0.0,0.0,0.0,0.0,0.008620689655172414,0.0,0.0,0.0,0.0,0.017241379310344827,0.017241379310344827,0.008620689655172414,22.4,64,0.2,0.0,0.0,0,0,0,0.0,0,0,0.017241379310344827,0.0,0.09482758620689655,0.02586206896551724,1,0,5
powershell,powershell_71,0,0,0,0,0,0,0,0,0,1,0,0,0,1,0,0,0,0,0,0,0,0,0,0,0,0,0,0,0,0,0,0,0,0,0,2,0,0,0,0,0,0,0.01098901098901099,0.01098901098901099,0.0,0.0,0.0,0.0,0.01098901098901099,0.03296703296703297,0.0,0.0,0.0,0.0,0.0,0.02197802197802198,0.01098901098901099,17.4,34,0.2,0.0,0.0,0,0,0,0.0,0,0,0.02197802197802198,0.0,0.06593406593406594,0.02197802197802198,1,0,5
powershell,powershell_81,0,0,0,0,0,0,0,0,0,1,0,0,0,0,0,0,0,0,0,0,0,0,0,0,0,0,0,0,0,0,0,0,0,0,0,2,0,0,0,0,0,0,0.008695652173913044,0.008695652173913044,0.0,0.0,0.0,0.0,0.0,0.008695652173913044,0.0,0.0,0.0,0.0,0.017391304347826087,0.017391304347826087,0.008695652173913044,28.0,64,0.0,0.0,0.0,0,0,0,0.0,0,0,0.017391304347826087,0.0,0.09565217391304348,0.02608695652173913,1,0,4
powershell,powershell_89,0,0,0,0,0,0,0,0,0,1,0,0,0,1,0,0,0,0,0,0,0,0,0,0,0,0,0,0,0,0,0,0,0,0,0,2,0,0,0,0,0,0,0.011111111111111112,0.011111111111111112,0.0,0.0,0.0,0.0,0.011111111111111112,0.03333333333333333,0.0,0.0,0.0,0.0,0.0,0.022222222222222223,0.011111111111111112,21.75,34,0.0,0.0,0.0,0,0,0,0.0,0,0,0.022222222222222223,0.0,0.06666666666666667,0.022222222222222223,1,0,4
powershell,powershell_100,0,0,0,0,0,0,0,0,0,1,0,0,0,0,0,0,0,0,0,0,0,0,0,0,0,0,0,0,0,0,0,0,0,0,0,2,0,0,0,0,0,0,0.008620689655172414,0.008620689655172414,0.0,0.0,0.0,0.0,0.0,0.008620689655172414,0.0,0.0,0.0,0.0,0.017241379310344827,0.017241379310344827,0.008620689655172414,22.4,64,0.2,0.0,0.0,0,0,0,0.0,0,0,0.017241379310344827,0.0,0.09482758620689655,0.02586206896551724,1,0,5
powershell,powershell_103,0,0,0,0,0,0,0,0,0,1,0,0,0,1,0,0,0,0,0,0,0,0,0,0,0,0,0,0,0,0,0,0,0,0,0,2,0,0,0,0,0,0,0.010752688172043012,0.010752688172043012,0.0,0.0,0.0,0.0,0.010752688172043012,0.03225806451612903,0.0,0.0,0.0,0.0,0.0,0.021505376344086023,0.010752688172043012,17.8,34,0.2,0.0,0.0,0,0,0,0.0,0,0,0.021505376344086023,0.0,0.06451612903225806,0.021505376344086023,1,0,5
powershell,powershell_115,0,0,0,0,0,0,0,0,0,1,0,0,0,1,0,0,0,0,0,0,0,0,0,0,0,0,0,0,0,0,0,0,0,0,0,2,0,0,0,0,0,0,0.010869565217391304,0.010869565217391304,0.0,0.0,0.0,0.0,0.010869565217391304,0.03260869565217391,0.0,0.0,0.0,0.0,0.0,0.021739130434782608,0.010869565217391304,22.25,34,0.0,0.0,0.0,0,0,0,0.0,0,0,0.021739130434782608,0.0,0.06521739130434782,0.021739130434782608,1,0,4
powershell,powershell_120,0,0,0,0,0,0,0,0,0,1,0,0,0,1,0,0,0,0,0,0,0,0,0,0,0,0,0,0,0,0,0,0,0,0,0,2,0,0,0,0,0,0,0.011111111111111112,0.011111111111111112,0.0,0.0,0.0,0.0,0.011111111111111112,0.03333333333333333,0.0,0.0,0.0,0.0,0.0,0.022222222222222223,0.011111111111111112,21.75,34,0.0,0.0,0.0,0,0,0,0.0,0,0,0.022222222222222223,0.0,0.06666666666666667,0.022222222222222223,1,0,4
powershell,powershell_142,0,0,0,0,0,0,0,0,0,1,0,0,0,1,0,0,0,0,0,0,0,0,0,0,0,0,0,0,0,0,0,0,0,0,0,2,0,0,0,0,0,0,0.010752688172043012,0.010752688172043012,0.0,0.0,0.0,0.0,0.010752688172043012,0.03225806451612903,0.0,0.0,0.0,0.0,0.0,0.021505376344086023,0.010752688172043012,17.8,34,0.2,0.0,0.0,0,0,0,0.0,0,0,0.021505376344086023,0.0,0.06451612903225806,0.021505376344086023,1,0,5
powershell,powershell_144,0,0,0,0,0,0,0,0,0,1,0,0,0,0,0,0,0,0,0,0,0,0,0,0,0,0,0,0,0,0,0,0,0,0,0,2,0,0,0,0,0,0,0.00847457627118644,0.00847457627118644,0.0,0.0,0.0,0.0,0.0,0.00847457627118644,0.0,0.0,0.0,0.0,0.01694915254237288,0.01694915254237288,0.00847457627118644,22.8,64,0.2,0.0,0.0,0,0,0,0.0,0,0,0.01694915254237288,0.0,0.09322033898305085,0.025423728813559324,1,0,5
powershell,powershell_146,0,0,0,0,0,0,0,0,0,1,0,0,0,1,0,0,0,0,0,0,0,0,0,0,0,0,0,0,0,0,0,0,0,0,0,2,0,0,0,0,0,0,0.010869565217391304,0.010869565217391304,0.0,0.0,0.0,0.0,0.010869565217391304,0.03260869565217391,0.0,0.0,0.0,0.0,0.0,0.021739130434782608,0.010869565217391304,22.25,34,0.0,0.0,0.0,0,0,0,0.0,0,0,0.021739130434782608,0.0,0.06521739130434782,0.021739130434782608,1,0,4
powershell,powershell_158,0,0,0,0,0,0,0,0,0,1,0,0,0,0,0,0,0,0,0,0,0,0,0,0,0,0,0,0,0,0,0,0,0,0,0,2,0,0,0,0,0,0,0.008403361344537815,0.008403361344537815,0.0,0.0,0.0,0.0,0.0,0.008403361344537815,0.0,0.0,0.0,0.0,0.01680672268907563,0.01680672268907563,0.008403361344537815,29.0,64,0.0,0.0,0.0,0,0,0,0.0,0,0,0.01680672268907563,0.0,0.09243697478991597,0.025210084033613446,1,0,4
powershell,powershell_166,0,0,0,0,0,0,0,0,0,1,0,0,0,0,0,0,0,0,0,0,0,0,0,0,0,0,0,0,0,0,0,0,0,0,0,2,0,0,0,0,0,0,0.008620689655172414,0.008620689655172414,0.0,0.0,0.0,0.0,0.0,0.008620689655172414,0.0,0.0,0.0,0.0,0.017241379310344827,0.017241379310344827,0.008620689655172414,22.4,64,0.2,0.0,0.0,0,0,0,0.0,0,0,0.017241379310344827,0.0,0.09482758620689655,0.02586206896551724,1,0,5
powershell,powershell_168,0,0,0,0,0,0,0,0,0,1,0,0,0,0,0,0,0,0,0,0,0,0,0,0,0,0,0,0,0,0,0,0,0,0,0,2,0,0,0,0,0,0,0.00847457627118644,0.00847457627118644,0.0,0.0,0.0,0.0,0.0,0.00847457627118644,0.0,0.0,0.0,0.0,0.01694915254237288,0.01694915254237288,0.00847457627118644,22.8,64,0.2,0.0,0.0,0,0,0,0.0,0,0,0.01694915254237288,0.0,0.09322033898305085,0.025423728813559324,1,0,5
powershell,powershell_190,0,0,0,0,0,0,0,0,0,1,0,0,0,0,0,0,0,0,0,0,0,0,0,0,0,0,0,0,0,0,0,0,0,0,0,2,0,0,0,0,0,0,0.008695652173913044,0.008695652173913044,0.0,0.0,0.0,0.0,0.0,0.008695652173913044,0.0,0.0,0.0,0.0,0.017391304347826087,0.017391304347826087,0.008695652173913044,28.0,64,0.0,0.0,0.0,0,0,0,0.0,0,0,0.017391304347826087,0.0,0.09565217391304348,0.02608695652173913,1,0,4
powershell,powershell_197,0,0,0,0,0,0,0,0,0,1,0,0,0,1,0,0,0,0,0,0,0,0,0,0,0,0,0,0,0,0,0,0,0,0,0,2,0,0,0,0,0,0,0.011111111111111112,0.011111111111111112,0.0,0.0,0.0,0.0,0.011111111111111112,0.03333333333333333,0.0,0.0,0.0,0.0,0.0,0.022222222222222223,0.011111111111111112,21.75,34,0.0,0.0,0.0,0,0,0,0.0,0,0,0.022222222222222223,0.0,0.06666666666666667,0.022222222222222223,1,0,4
powershell,powershell_199,0,0,0,0,0,0,0,0,0,1,0,0,0,0,0,0,0,0,0,0,0,0,0,0,0,0,0,0,0,0,0,0,0,0,0,2,0,0,0,0,0,0,0.008547008547008548,0.008547008547008548,0.0,0.0,0.0,0.0,0.0,0.008547008547008548,0.0,0.0,0.0,0.0,0.017094017094017096,0.017094017094017096,0.008547008547008548,28.5,64,0.0,0.0,0.0,0,0,0,0.0,0,0,0.017094017094017096,0.0,0.09401709401709402,0.02564102564102564,1,0,4
powershell,powershell_239,0,0,0,0,0,0,0,0,0,1,0,0,0,1,0,0,0,0,0,0,0,0,0,0,0,0,0,0,0,0,0,0,0,0,0,2,0,0,0,0,0,0,0.010869565217391304,0.010869565217391304,0.0,0.0,0.0,0.0,0.010869565217391304,0.03260869565217391,0.0,0.0,0.0,0.0,0.0,0.021739130434782608,0.010869565217391304,22.25,34,0.0,0.0,0.0,0,0,0,0.0,0,0,0.021739130434782608,0.0,0.06521739130434782,0.021739130434782608,1,0,4
powershell,powershell_243,0,0,0,0,0,0,0,0,0,1,0,0,0,1,0,0,0,0,0,0,0,0,0,0,0,0,0,0,0,0,0,0,0,0,0,2,0,0,0,0,0,0,0.01098901098901099,0.01098901098901099,0.0,0.0,0.0,0.0,0.01098901098901099,0.03296703296703297,0.0,0.0,0.0,0.0,0.0,0.02197802197802198,0.01098901098901099,17.4,34,0.2,0.0,0.0,0,0,0,0.0,0,0,0.02197802197802198,0.0,0.06593406593406594,0.02197802197802198,1,0,5
powershell,powershell_252,0,0,0,0,0,0,0,0,0,1,0,0,0,0,0,0,0,0,0,0,0,0,0,0,0,0,0,0,0,0,0,0,0,0,0,2,0,0,0,0,0,0,0.008620689655172414,0.008620689655172414,0.0,0.0,0.0,0.0,0.0,0.008620689655172414,0.0,0.0,0.0,0.0,0.017241379310344827,0.017241379310344827,0.008620689655172414,22.4,64,0.2,0.0,0.0,0,0,0,0.0,0,0,0.017241379310344827,0.0,0.09482758620689655,0.02586206896551724,1,0,5
powershell,powershell_257,0,0,0,0,0,0,0,0,0,1,0,0,0,0,0,0,0,0,0,0,0,0,0,0,0,0,0,0,0,0,0,0,0,0,0,2,0,0,0,0,0,0,0.008695652173913044,0.008695652173913044,0.0,0.0,0.0,0.0,0.0,0.008695652173913044,0.0,0.0,0.0,0.0,0.017391304347826087,0.017391304347826087,0.008695652173913044,28.0,64,0.0,0.0,0.0,0,0,0,0.0,0,0,0.017391304347826087,0.0,0.09565217391304348,0.02608695652173913,1,0,4
powershell,powershell_268,0,0,0,0,0,0,0,0,0,1,0,0,0,1,0,0,0,0,0,0,0,0,0,0,0,0,0,0,0,0,0,0,0,0,0,2,0,0,0,0,0,0,0.010869565217391304,0.010869565217391304,0.0,0.0,0.0,0.0,0.010869565217391304,0.03260869565217391,0.0,0.0,0.0,0.0,0.0,0.021739130434782608,0.010869565217391304,22.25,34,0.0,0.0,0.0,0,0,0,0.0,0,0,0.021739130434782608,0.0,0.06521739130434782,0.021739130434782608,1,0,4
powershell,powershell_276,0,0,0,0,0,0,0,0,0,1,0,0,0,0,0,0,0,0,0,0,0,0,0,0,0,0,0,0,0,0,0,0,0,0,0,2,0,0,0,0,0,0,0.00847457627118644,0.00847457627118644,0.0,0.0,0.0,0.0,0.0,0.00847457627118644,0.0,0.0,0.0,0.0,0.01694915254237288,0.01694915254237288,0.00847457627118644,22.8,64,0.2,0.0,0.0,0,0,0,0.0,0,0,0.01694915254237288,0.0,0.09322033898305085,0.025423728813559324,1,0,5
powershell,powershell_353,0,0,0,0,0,0,0,0,0,1,0,0,0,1,0,0,0,0,0,0,0,0,0,0,0,0,0,0,0,0,0,0,0,0,0,2,0,0,0,0,0,0,0.01098901098901099,0.01098901098901099,0.0,0.0,0.0,0.0,0.01098901098901099,0.03296703296703297,0.0,0.0,0.0,0.0,0.0,0.02197802197802198,0.01098901098901099,17.4,34,0.2,0.0,0.0,0,0,0,0.0,0,0,0.02197802197802198,0.0,0.06593406593406594,0.02197802197802198,1,0,5
powershell,powershell_727,0,0,0,0,0,0,0,0,0,1,0,0,0,1,0,0,0,0,0,0,0,0,0,0,0,0,0,0,0,0,0,0,0,0,0,1,0,0,0,0,0,0,0.01282051282051282,0.01282051282051282,0.0,0.0,0.0,0.0,0.01282051282051282,0.038461538461538464,0.0,0.0,0.0,0.0,0.0,0.02564102564102564,0.01282051282051282,18.75,34,0.25,0.0,0.0,0,0,0,0.0,0,0,0.02564102564102564,0.0,0.07692307692307693,0.02564102564102564,1,0,4
dart,dart_0,0,0,0,0,0,0,0,0,0,1,0,0,0,0,0,0,0,0,0,0,0,0,0,0,0,0,0,0,0,0,0,1,0,0,0,1,0,0,0,0,0,0,0.018518518518518517,0.018518518518518517,0.018518518518518517,0.0,0.0,0.0,0.0,0.0,0.0,0.037037037037037035,0.0,0.018518518518518517,0.0,0.037037037037037035,0.0,10.0,23,0.2,0.0,0.0,0,0,0,0.0,0,0,0.12962962962962962,0.0,0.037037037037037035,0.0,3,0,5
dart,dart_1,0,0,0,0,0,0,0,0,0,1,0,0,0,0,0,0,0,0,0,0,0,0,0,0,0,0,0,0,0,0,0,1,0,0,0,1,0,0,0,0,0,0,0.018867924528301886,0.018867924528301886,0.018867924528301886,0.0,0.0,0.0,0.0,0.0,0.0,0.03773584905660377,0.0,0.018867924528301886,0.0,0.03773584905660377,0.0,12.5,23,0.0,0.0,0.0,0,0,0,0.0,0,0,0.1320754716981132,0.0,0.03773584905660377,0.0,3,0,4
dart,dart_2,0,0,0,0,0,0,0,0,0,1,0,1,0,0,0,0,0,0,0,0,0,0,0,0,0,0,0,0,0,0,0,0,0,0,0,1,0,0,0,0,0,0,0.015151515151515152,0.015151515151515152,0.030303030303030304,0.0,0.0,0.0,0.0,0.0,0.0,0.015151515151515152,0.0,0.0,0.0,0.0,0.0,12.4,20,0.0,0.0,0.0,0,0,0,0.0,0,0,0.09090909090909091,0.0,0.045454545454545456,0.015151515151515152,4,0,5
dart,dart_5,0,0,0,0,0,0,0,0,0,0,0,0,0,0,0,0,0,0,0,0,0,0,0,0,0,0,0,0,0,0,0,1,0,0,0,0,0,0,0,0,0,0,0.02564102564102564,0.02564102564102564,0.02564102564102564,0.0,0.0,0.0,0.0,0.0,0.0,0.05128205128205128,0.0,0.02564102564102564,0.0,0.05128205128205128,0.0,12.333333333333334,23,0.0,0.0,0.0,0,0,0,0.0,0,0,0.1794871794871795,0.0,0.05128205128205128,0.0,3,0,3
dart,dart_12,0,0,0,0,0,0,0,0,0,0,0,1,0,0,0,0,0,0,0,0,0,0,0,0,0,0,0,0,0,0,0,0,0,0,0,0,0,0,0,0,0,0,0.019230769230769232,0.019230769230769232,0.038461538461538464,0.0,0.0,0.0,0.0,0.0,0.0,0.019230769230769232,0.0,0.0,0.0,0.0,0.0,12.25,20,0.0,0.0,0.0,0,0,0,0.0,0,0,0.11538461538461539,0.0,0.057692307692307696,0.019230769230769232,4,0,4
dart,dart_14,0,0,0,0,0,0,0,0,0,1,0,1,0,0,0,0,0,0,0,0,0,0,0,0,0,0,0,0,0,0,0,0,0,0,0,2,0,0,0,0,0,0,0.012345679012345678,0.012345679012345678,0.024691358024691357,0.0,0.0,0.0,0.0,0.0,0.0,0.012345679012345678,0.0,0.0,0.0,0.0,0.0,10.714285714285714,20,0.14285714285714285,0.0,0.0,0,0,0,0.0,0,0,0.07407407407407407,0.0,0.037037037037037035,0.012345679012345678,4,0,7
dart,dart_17,0,0,0,0,0,0,0,0,0,1,0,0,0,0,0,0,0,0,0,0,0,0,0,0,0,0,0,0,0,0,0,1,0,0,0,2,0,0,0,0,0,0,0.014925373134328358,0.014925373134328358,0.014925373134328358,0.0,0.0,0.0,0.0,0.0,0.0,0.029850746268656716,0.0,0.014925373134328358,0.0,0.029850746268656716,0.0,12.6,23,0.0,0.0,0.0,0,0,0,0.0,0,0,0.1044776119402985,0.0,0.029850746268656716,0.0,3,0,5
dart,dart_50,0,0,0,0,0,0,0,0,0,1,0,1,0,0,0,0,0,0,0,0,0,0,0,0,0,0,0,0,0,0,0,0,0,0,0,2,0,0,0,0,0,0,0.0125,0.0125,0.025,0.0,0.0,0.0,0.0,0.0,0.0,0.0125,0.0,0.0,0.0,0.0,0.0,12.5,20,0.0,0.0,0.0,0,0,0,0.0,0,0,0.075,0.0,0.0375,0.0125,4,0,6
dart,dart_55,0,0,0,0,0,0,0,0,0,1,0,1,0,0,0,0,0,0,0,0,0,0,0,0,0,0,0,0,0,0,0,0,0,0,0,1,0,0,0,0,0,0,0.014925373134328358,0.014925373134328358,0.029850746268656716,0.0,0.0,0.0,0.0,0.0,0.0,0.014925373134328358,0.0,0.0,0.0,0.0,0.0,10.333333333333334,20,0.16666666666666666,0.0,0.0,0,0,0,0.0,0,0,0.08955223880597014,0.0,0.04477611940298507,0.014925373134328358,4,0,6
dart,dart_74,0,0,0,0,0,0,0,0,0,1,0,0,0,0,0,0,0,0,0,0,0,0,0,0,0,0,0,0,0,0,0,1,0,0,0,2,0,0,0,0,0,0,0.014705882352941176,0.014705882352941176,0.014705882352941176,0.0,0.0,0.0,0.0,0.0,0.0,0.029411764705882353,0.0,0.014705882352941176,0.0,0.029411764705882353,0.0,10.5,23,0.16666666666666666,0.0,0.0,0,0,0,0.0,0,0,0.10294117647058823,0.0,0.029411764705882353,0.0,3,0,6
groovy,groovy_0,0,0,0,0,0,0,0,0,0,1,1,0,0,0,0,0,0,0,0,0,0,0,0,0,0,0,0,0,0,0,0,0,0,0,0,1,0,0,0,0,0,0,0.01694915254237288,0.01694915254237288,0.0,0.0,0.0,0.0,0.01694915254237288,0.0,0.0,0.0,0.01694915254237288,0.03389830508474576,0.0,0.0,0.0,19.0,24,0.0,0.0,0.0,0,0,0,0.0,0,0,0.06779661016949153,0.05084745762711865,0.0,0.01694915254237288,1,0,3
groovy,groovy_2,0,0,0,0,0,0,0,0,0,1,1,0,0,0,0,0,0,0,0,0,0,0,0,0,0,0,0,0,0,0,0,0,0,0,0,2,0,0,0,0,0,0,0.0136986301369863,0.0136986301369863,0.0,0.0,0.0,0.0,0.0136986301369863,0.0,0.0,0.0,0.0136986301369863,0.0273972602739726,0.0,0.0,0.0,17.5,24,0.0,0.0,0.0,0,0,0,0.0,0,0,0.0547945205479452,0.0410958904109589,0.0,0.0136986301369863,1,0,4
groovy,groovy_3,0,0,0,0,0,0,0,0,0,1,1,0,0,0,0,0,0,0,0,0,0,0,0,0,0,0,1,0,0,0,0,0,0,0,0,2,0,0,0,0,0,0,0.013513513513513514,0.013513513513513514,0.0,0.0,0.0,0.0,0.0,0.0,0.0,0.013513513513513514,0.0,0.0,0.0,0.02702702702702703,0.0,11.5,29,0.16666666666666666,0.0,0.0,0,0,0,0.0,0,0,0.05405405405405406,0.0,0.02702702702702703,0.0,2,0,6
groovy,groovy_4,0,0,0,0,0,0,0,0,0,0,1,0,0,0,0,0,0,0,0,0,0,0,0,0,0,0,0,0,0,0,0,0,0,0,0,0,0,0,0,0,0,0,0.022222222222222223,0.022222222222222223,0.0,0.0,0.0,0.0,0.022222222222222223,0.0,0.0,0.0,0.022222222222222223,0.044444444444444446,0.0,0.0,0.0,22.0,24,0.0,0.0,0.0,0,0,0,0.0,0,0,0.08888888888888889,0.06666666666666667,0.0,0.022222222222222223,1,0,2
groovy,groovy_6,0,0,0,0,0,0,0,0,0,1,1,0,0,0,0,0,0,0,0,0,0,0,0,0,0,0,0,0,0,0,0,0,0,0,0,1,0,0,0,0,0,0,0.016666666666666666,0.016666666666666666,0.0,0.0,0.0,0.0,0.016666666666666666,0.0,0.0,0.0,0.016666666666666666,0.03333333333333333,0.0,0.0,0.0,14.25,24,0.25,0.0,0.0,0,0,0,0.0,0,0,0.06666666666666667,0.05,0.0,0.016666666666666666,1,0,4
groovy,groovy_7,0,0,0,0,0,0,0,0,0,0,1,0,0,0,0,0,0,0,0,0,0,0,0,0,0,0,1,0,0,0,0,0,0,0,0,0,0,0,0,0,0,0,0.022222222222222223,0.022222222222222223,0.0,0.0,0.0,0.0,0.0,0.0,0.0,0.022222222222222223,0.0,0.0,0.0,0.044444444444444446,0.0,14.333333333333334,29,0.0,0.0,0.0,0,0,0,0.0,0,0,0.08888888888888889,0.0,0.044444444444444446,0.0,2,0,3
groovy,groovy_14,0,0,0,0,0,0,0,0,0,1,1,0,0,0,0,0,0,0,0,0,0,0,0,0,0,0,1,0,0,0,0,0,0,0,0,1,0,0,0,0,0,0,0.01694915254237288,0.01694915254237288,0.0,0.0,0.0,0.0,0.0,0.0,0.0,0.01694915254237288,0.0,0.0,0.0,0.03389830508474576,0.0,14.0,29,0.0,0.0,0.0,0,0,0,0.0,0,0,0.06779661016949153,0.0,0.03389830508474576,0.0,2,0,4
groovy,groovy_18,0,0,0,0,0,0,0,0,0,1,1,0,0,0,0,0,0,0,0,0,0,0,0,0,0,0,1,0,0,0,0,0,0,0,0,2,0,0,0,0,0,0,0.0136986301369863,0.0136986301369863,0.0,0.0,0.0,0.0,0.0,0.0,0.0,0.0136986301369863,0.0,0.0,0.0,0.0273972602739726,0.0,13.8,29,0.0,0.0,0.0,0,0,0,0.0,0,0,0.0547945205479452,0.0,0.0273972602739726,0.0,2,0,5
groovy,groovy_39,0,0,0,0,0,0,0,0,0,1,1,0,0,0,0,0,0,0,0,0,0,0,0,0,0,0,0,0,0,0,0,0,0,0,0,2,0,0,0,0,0,0,0.013513513513513514,0.013513513513513514,0.0,0.0,0.0,0.0,0.013513513513513514,0.0,0.0,0.0,0.013513513513513514,0.02702702702702703,0.0,0.0,0.0,14.0,24,0.2,0.0,0.0,0,0,0,0.0,0,0,0.05405405405405406,0.04054054054054054,0.0,0.013513513513513514,1,0,5
groovy,groovy_70,0,0,0,0,0,0,0,0,0,1,1,0,0,0,0,0,0,0,0,0,0,0,0,0,0,0,1,0,0,0,0,0,0,0,0,1,0,0,0,0,0,0,0.016666666666666666,0.016666666666666666,0.0,0.0,0.0,0.0,0.0,0.0,0.0,0.016666666666666666,0.0,0.0,0.0,0.03333333333333333,0.0,11.2,29,0.2,0.0,0.0,0,0,0,0.0,0,0,0.06666666666666667,0.0,0.03333333333333333,0.0,2,0,5
jsx,jsx_0,0,0,0,0,0,0,0,0,0,1,0,0,0,0,0,0,0,0,0,0,0,2,0,0,0,0,0,0,0,0,0,0,0,0,0,2,0,0,0,0,0,0,0.006578947368421052,0.006578947368421052,0.013157894736842105,0.013157894736842105,0.02631578947368421,0.0,0.03289473684210526,0.0,0.0,0.02631578947368421,0.0,0.013157894736842105,0.0,0.013157894736842105,0.0,37.25,70,0.0,0.0,0.0,2,0,0,0.5,0,0,0.125,0.006578947368421052,0.013157894736842105,0.006578947368421052,2,0,4
jsx,jsx_1,0,0,0,0,0,0,0,0,0,1,0,0,0,1,0,0,0,0,0,0,0,1,0,0,0,0,1,0,0,0,0,0,0,0,0,1,0,0,0,0,0,0,0.0,0.0,0.03,0.02,0.03,0.0,0.02,0.0,0.0,0.01,0.0,0.0,0.0,0.02,0.0,24.25,39,0.0,0.0,0.0,1,0,0,0.5,0,0,0.11,0.0,0.07,0.0,3,0,4
jsx,jsx_2,0,0,0,0,0,0,0,0,0,0,0,0,0,0,0,0,0,0,0,0,0,1,0,0,0,0,0,0,0,0,0,0,0,0,0,0,0,0,0,0,0,0,0.014285714285714285,0.014285714285714285,0.014285714285714285,0.02857142857142857,0.04285714285714286,0.0,0.04285714285714286,0.0,0.0,0.02857142857142857,0.0,0.0,0.0,0.02857142857142857,0.0,70.0,70,0.0,0.0,0.0,1,0,0,2.0,0,0,0.18571428571428572,0.0,0.02857142857142857,0.0,1,0,1
jsx,jsx_3,0,0,0,0,0,0,0,0,0,0,0,0,0,1,0,0,0,0,0,0,0,1,0,0,0,0,1,0,0,0,0,0,0,0,0,0,0,0,0,0,0,0,0.0,0.0,0.03488372093023256,0.023255813953488372,0.03488372093023256,0.0,0.023255813953488372,0.0,0.0,0.011627906976744186,0.0,0.0,0.0,0.023255813953488372,0.0,28.0,39,0.0,0.0,0.0,1,0,0,0.6666666666666666,0,0,0.12790697674418605,0.0,0.08139534883720931,0.0,3,0,3
jsx,jsx_4,0,0,0,0,0,0,0,0,0,1,0,0,0,1,0,0,0,0,0,0,0,1,1,0,0,0,1,0,0,0,0,0,0,0,0,1,0,0,0,0,0,0,0.0,0.0,0.03333333333333333,0.016666666666666666,0.025,0.0,0.025,0.0,0.0,0.008333333333333333,0.0,0.0,0.0,0.03333333333333333,0.0,23.2,39,0.0,0.0,0.0,1,0,0,0.4,0,0,0.1,0.0,0.058333333333333334,0.0,4,0,5
jsx,jsx_5,0,0,0,0,0,0,0,0,0,1,0,0,0,0,0,0,0,0,0,0,0,1,0,0,0,0,0,0,0,0,0,0,0,0,0,2,0,0,0,0,0,0,0.01020408163265306,0.01020408163265306,0.01020408163265306,0.02040816326530612,0.030612244897959183,0.0,0.030612244897959183,0.0,0.0,0.02040816326530612,0.0,0.0,0.0,0.02040816326530612,0.0,32.0,70,0.0,0.0,0.0,1,0,0,0.6666666666666666,0,0,0.1326530612244898,0.0,0.02040816326530612,0.0,1,0,3
jsx,jsx_6,0,0,0,0,0,0,0,0,0,1,0,0,0,1,0,0,0,0,0,0,0,1,0,0,0,0,1,0,0,0,0,0,0,0,0,2,0,0,0,0,0,0,0.0,0.0,0.02631578947368421,0.017543859649122806,0.02631578947368421,0.0,0.017543859649122806,0.0,0.0,0.008771929824561403,0.0,0.0,0.0,0.017543859649122806,0.0,22.0,39,0.0,0.0,0.0,1,0,0,0.4,0,0,0.09649122807017543,0.0,0.06140350877192982,0.0,3,0,5
jsx,jsx_7,0,0,0,0,0,0,0,0,0,1,0,0,0,0,0,0,0,0,0,0,0,1,0,0,0,0,0,0,0,0,0,0,0,0,0,1,0,0,0,0,0,0,0.011904761904761904,0.011904761904761904,0.011904761904761904,0.023809523809523808,0.03571428571428571,0.0,0.03571428571428571,0.0,0.0,0.023809523809523808,0.0,0.0,0.0,0.023809523809523808,0.0,41.5,70,0.0,0.0,0.0,1,0,0,1.0,0,0,0.15476190476190477,0.0,0.023809523809523808,0.0,1,0,2
jsx,jsx_9,0,0,0,0,0,0,0,0,0,1,0,0,0,0,0,0,0,0,0,0,0,2,0,0,0,0,0,0,0,0,0,0,0,0,0,2,0,0,0,0,0,0,0.008771929824561403,0.008771929824561403,0.017543859649122806,0.017543859649122806,0.02631578947368421,0.0,0.03508771929824561,0.0,0.0,0.017543859649122806,0.0,0.0,0.0,0.017543859649122806,0.0,27.75,70,0.0,0.0,0.0,1,0,0,0.5,0,0,0.12280701754385964,0.017543859649122806,0.017543859649122806,0.0,2,0,4
jsx,jsx_12,0,0,0,0,0,0,0,0,0,0,0,0,0,0,0,0,0,0,0,0,1,1,0,0,0,0,0,0,0,0,0,0,0,0,0,0,0,0,0,0,0,0,0.010416666666666666,0.010416666666666666,0.020833333333333332,0.020833333333333332,0.03125,0.0,0.041666666666666664,0.0,0.0,0.020833333333333332,0.0,0.0,0.0,0.020833333333333332,0.0,47.5,70,0.0,0.0,0.0,1,0,0,1.0,0,0,0.14583333333333334,0.0,0.020833333333333332,0.010416666666666666,2,0,2
jsx,jsx_13,0,0,0,0,0,0,0,0,0,1,0,0,0,0,0,0,0,0,0,0,1,1,0,0,0,0,0,0,0,0,0,0,0,0,0,1,0,0,0,0,0,0,0.00909090909090909,0.00909090909090909,0.01818181818181818,0.01818181818181818,0.02727272727272727,0.0,0.03636363636363636,0.0,0.0,0.01818181818181818,0.0,0.0,0.0,0.01818181818181818,0.0,36.0,70,0.0,0.0,0.0,1,0,0,0.6666666666666666,0,0,0.12727272727272726,0.0,0.01818181818181818,0.00909090909090909,2,0,3
jsx,jsx_16,0,0,0,0,0,0,0,0,0,1,0,0,0,1,0,0,0,0,0,0,0,2,0,0,0,0,1,0,0,0,0,0,0,0,0,1,0,0,0,0,0,0,0.0,0.0,0.025974025974025976,0.012987012987012988,0.025974025974025976,0.0,0.025974025974025976,0.0,0.0,0.01948051948051948,0.0,0.012987012987012988,0.0,0.012987012987012988,0.0,30.0,53,0.0,0.0,0.0,2,0,0,0.4,0,0,0.11038961038961038,0.006493506493506494,0.045454545454545456,0.006493506493506494,4,0,5
jsx,jsx_23,0,0,0,0,0,0,0,0,0,1,0,0,0,1,0,0,0,0,0,0,0,2,0,0,0,0,1,0,0,0,0,0,0,0,0,1,0,0,0,0,0,0,0.0,0.0,0.034482758620689655,0.017241379310344827,0.02586206896551724,0.0,0.02586206896551724,0.0,0.0,0.008620689655172414,0.0,0.0,0.0,0.017241379310344827,0.0,22.4,39,0.0,0.0,0.0,1,0,0,0.4,0,0,0.10344827586206896,0.017241379310344827,0.0603448275862069,0.0,4,0,5
jsx,jsx_25,0,0,0,0,0,0,0,0,0,1,0,0,0,0,0,0,0,0,0,0,0,2,0,0,0,0,0,0,0,0,0,0,0,0,0,1,0,0,0,0,0,0,0.01,0.01,0.02,0.02,0.03,0.0,0.04,0.0,0.0,0.02,0.0,0.0,0.0,0.02,0.0,32.666666666666664,70,0.0,0.0,0.0,1,0,0,0.6666666666666666,0,0,0.14,0.02,0.02,0.0,2,0,3
jsx,jsx_31,0,0,0,0,0,0,0,0,0,1,0,0,0,1,0,0,0,0,0,0,0,1,0,0,0,0,1,0,0,0,0,0,0,0,0,1,0,0,0,0,0,0,0.0,0.0,0.03305785123966942,0.01652892561983471,0.024793388429752067,0.0,0.01652892561983471,0.0,0.0,0.01652892561983471,0.0,0.0,0.0,0.03305785123966942,0.0,23.4,39,0.0,0.0,0.0,1,0,0,0.4,0,0,0.11570247933884298,0.0,0.05785123966942149,0.008264462809917356,4,0,5
jsx,jsx_40,0,0,0,0,0,0,0,0,0,1,0,0,0,0,0,0,0,0,0,0,0,1,0,0,0,0,0,0,0,0,0,0,0,0,0,1,0,0,0,0,0,0,0.009523809523809525,0.009523809523809525,0.01904761904761905,0.01904761904761905,0.02857142857142857,0.0,0.02857142857142857,0.0,0.0,0.02857142857142857,0.0,0.0,0.0,0.0380952380952381,0.0,34.333333333333336,70,0.0,0.0,0.0,1,0,0,0.6666666666666666,0,0,0.1523809523809524,0.0,0.01904761904761905,0.009523809523809525,2,0,3
jsx,jsx_49,0,0,0,0,0,0,0,0,0,1,0,0,0,1,0,0,0,0,0,0,0,1,1,0,0,0,1,0,0,0,0,0,0,0,0,2,0,0,0,0,0,0,0.0,0.0,0.029850746268656716,0.014925373134328358,0.022388059701492536,0.0,0.022388059701492536,0.0,0.0,0.007462686567164179,0.0,0.0,0.0,0.029850746268656716,0.0,21.5,39,0.0,0.0,0.0,1,0,0,0.3333333333333333,0,0,0.08955223880597014,0.0,0.05223880597014925,0.0,4,0,6
jsx,jsx_50,0,0,0,0,0,0,0,0,0,1,0,0,0,0,0,0,0,0,0,0,0,1,1,0,0,0,0,0,0,0,0,0,0,0,0,2,0,0,0,0,0,0,0.00847457627118644,0.00847457627118644,0.01694915254237288,0.01694915254237288,0.025423728813559324,0.0,0.03389830508474576,0.0,0.0,0.01694915254237288,0.0,0.0,0.0,0.03389830508474576,0.0,28.75,70,0.0,0.0,0.0,1,0,0,0.5,0,0,0.11864406779661017,0.0,0.01694915254237288,0.0,2,0,4
jsx,jsx_58,0,0,0,0,0,0,0,0,0,0,0,0,0,1,0,0,0,0,0,0,0,1,0,0,0,0,1,0,0,0,0,0,0,0,0,0,0,0,0,0,0,0,0.0,0.0,0.037383177570093455,0.018691588785046728,0.028037383177570093,0.0,0.018691588785046728,0.0,0.0,0.018691588785046728,0.0,0.0,0.0,0.037383177570093455,0.0,26.0,39,0.0,0.0,0.0,1,0,0,0.5,0,0,0.1308411214953271,0.0,0.06542056074766354,0.009345794392523364,4,0,4
jsx,jsx_60,0,0,0,0,0,0,0,0,0,1,0,0,0,1,0,0,0,0,0,0,0,2,0,0,0,0,1,0,0,0,0,0,0,0,0,1,0,0,0,0,0,0,0.0,0.0,0.025974025974025976,0.012987012987012988,0.025974025974025976,0.0,0.025974025974025976,0.0,0.0,0.01948051948051948,0.0,0.012987012987012988,0.0,0.012987012987012988,0.0,30.0,53,0.0,0.0,0.0,2,0,0,0.4,0,0,0.11038961038961038,0.006493506493506494,0.045454545454545456,0.006493506493506494,4,0,5
jsx,jsx_67,0,0,0,0,0,0,0,0,0,1,0,0,0,0,0,0,0,0,0,0,0,1,0,0,0,0,0,0,0,0,0,0,0,0,0,1,0,0,0,0,0,0,0.009523809523809525,0.009523809523809525,0.01904761904761905,0.01904761904761905,0.02857142857142857,0.0,0.02857142857142857,0.0,0.0,0.02857142857142857,0.0,0.0,0.0,0.0380952380952381,0.0,34.333333333333336,70,0.0,0.0,0.0,1,0,0,0.6666666666666666,0,0,0.1523809523809524,0.0,0.01904761904761905,0.009523809523809525,2,0,3
jsx,jsx_82,0,0,0,0,0,0,0,0,0,0,0,0,0,0,0,0,0,0,0,0,0,1,0,0,0,0,0,0,0,0,0,0,0,0,0,0,0,0,0,0,0,0,0.01098901098901099,0.01098901098901099,0.02197802197802198,0.02197802197802198,0.03296703296703297,0.0,0.03296703296703297,0.0,0.0,0.03296703296703297,0.0,0.0,0.0,0.04395604395604396,0.0,45.0,70,0.0,0.0,0.0,1,0,0,1.0,0,0,0.17582417582417584,0.0,0.02197802197802198,0.01098901098901099,2,0,2
jsx,jsx_84,0,0,0,0,0,0,0,0,0,1,0,0,0,1,0,0,0,0,0,0,1,1,0,0,0,0,1,0,0,0,0,0,0,0,0,1,0,0,0,0,0,0,0.0,0.0,0.031746031746031744,0.015873015873015872,0.023809523809523808,0.0,0.023809523809523808,0.0,0.0,0.007936507936507936,0.0,0.0,0.0,0.015873015873015872,0.0,24.4,39,0.0,0.0,0.0,1,0,0,0.4,0,0,0.09523809523809523,0.0,0.05555555555555555,0.007936507936507936,4,0,5
jsx,jsx_85,0,0,0,0,0,0,0,0,0,0,0,0,0,0,0,0,0,0,0,0,0,2,0,0,0,0,0,0,0,0,0,0,0,0,0,0,0,0,0,0,0,0,0.008064516129032258,0.008064516129032258,0.016129032258064516,0.016129032258064516,0.03225806451612903,0.0,0.04032258064516129,0.0,0.0,0.03225806451612903,0.0,0.016129032258064516,0.0,0.016129032258064516,0.0,61.5,70,0.0,0.0,0.0,2,0,0,1.0,0,0,0.1532258064516129,0.008064516129032258,0.016129032258064516,0.008064516129032258,2,0,2
jsx,jsx_87,0,0,0,0,0,0,0,0,0,1,0,0,0,0,0,0,0,0,0,0,0,2,0,0,0,0,0,0,0,0,0,0,0,0,0,1,0,0,0,0,0,0,0.007246376811594203,0.007246376811594203,0.014492753623188406,0.014492753623188406,0.028985507246376812,0.0,0.036231884057971016,0.0,0.0,0.028985507246376812,0.0,0.014492753623188406,0.0,0.014492753623188406,0.0,45.333333333333336,70,0.0,0.0,0.0,2,0,0,0.6666666666666666,0,0,0.13768115942028986,0.007246376811594203,0.014492753623188406,0.007246376811594203,2,0,3
jsx,jsx_89,0,0,0,0,0,0,0,0,0,1,0,0,0,1,0,0,0,0,0,0,0,1,1,0,0,0,1,0,0,0,0,0,0,0,0,1,0,0,0,0,0,0,0.0,0.0,0.03333333333333333,0.016666666666666666,0.025,0.0,0.025,0.0,0.0,0.008333333333333333,0.0,0.0,0.0,0.03333333333333333,0.0,23.2,39,0.0,0.0,0.0,1,0,0,0.4,0,0,0.1,0.0,0.058333333333333334,0.0,4,0,5
jsx,jsx_91,0,0,0,0,0,0,0,0,0,1,0,0,0,1,0,0,0,0,0,0,0,2,0,0,0,0,1,0,0,0,0,0,0,0,0,2,0,0,0,0,0,0,0.0,0.0,0.023809523809523808,0.011904761904761904,0.023809523809523808,0.0,0.023809523809523808,0.0,0.0,0.017857142857142856,0.0,0.011904761904761904,0.0,0.011904761904761904,0.0,27.166666666666668,53,0.0,0.0,0.0,2,0,0,0.3333333333333333,0,0,0.10119047619047619,0.005952380952380952,0.041666666666666664,0.005952380952380952,4,0,6
jsx,jsx_98,0,0,0,0,0,0,0,0,0,0,0,0,0,1,0,0,0,0,0,0,0,1,1,0,0,0,1,0,0,0,0,0,0,0,0,0,0,0,0,0,0,0,0.0,0.0,0.03773584905660377,0.018867924528301886,0.02830188679245283,0.0,0.02830188679245283,0.0,0.0,0.009433962264150943,0.0,0.0,0.0,0.03773584905660377,0.0,25.75,39,0.0,0.0,0.0,1,0,0,0.5,0,0,0.11320754716981132,0.0,0.0660377358490566,0.0,4,0,4
jsx,jsx_104,0,0,0,0,0,0,0,0,0,1,0,0,0,0,0,0,0,0,0,0,1,1,0,0,0,0,0,0,0,0,0,0,0,0,0,2,0,0,0,0,0,0,0.008064516129032258,0.008064516129032258,0.016129032258064516,0.016129032258064516,0.024193548387096774,0.0,0.03225806451612903,0.0,0.0,0.016129032258064516,0.0,0.0,0.0,0.016129032258064516,0.0,30.25,70,0.0,0.0,0.0,1,0,0,0.5,0,0,0.11290322580645161,0.0,0.016129032258064516,0.008064516129032258,2,0,4
jsx,jsx_105,0,0,0,0,0,0,0,0,0,1,0,0,0,0,0,0,0,0,0,0,0,1,0,0,0,0,0,0,0,0,0,0,0,0,0,2,0,0,0,0,0,0,0.008403361344537815,0.008403361344537815,0.01680672268907563,0.01680672268907563,0.025210084033613446,0.0,0.025210084033613446,0.0,0.0,0.025210084033613446,0.0,0.0,0.0,0.03361344537815126,0.0,29.0,70,0.0,0.0,0.0,1,0,0,0.5,0,0,0.13445378151260504,0.0,0.01680672268907563,0.008403361344537815,2,0,4
jsx,jsx_111,0,0,0,0,0,0,0,0,0,1,0,0,0,1,0,0,0,0,0,0,0,2,0,0,0,0,1,0,0,0,0,0,0,0,0,1,0,0,0,0,0,0,0.0,0.0,0.034482758620689655,0.017241379310344827,0.02586206896551724,0.0,0.02586206896551724,0.0,0.0,0.008620689655172414,0.0,0.0,0.0,0.017241379310344827,0.0,22.4,39,0.0,0.0,0.0,1,0,0,0.4,0,0,0.10344827586206896,0.017241379310344827,0.0603448275862069,0.0,4,0,5
jsx,jsx_124,0,0,0,0,0,0,0,0,0,1,0,0,0,0,0,0,0,0,0,0,0,1,1,0,0,0,0,0,0,0,0,0,0,0,0,1,0,0,0,0,0,0,0.009615384615384616,0.009615384615384616,0.019230769230769232,0.019230769230769232,0.028846153846153848,0.0,0.038461538461538464,0.0,0.0,0.019230769230769232,0.0,0.0,0.0,0.038461538461538464,0.0,34.0,70,0.0,0.0,0.0,1,0,0,0.6666666666666666,0,0,0.1346153846153846,0.0,0.019230769230769232,0.0,2,0,3
jsx,jsx_128,0,0,0,0,0,0,0,0,0,1,0,0,0,1,0,0,0,0,0,0,0,1,0,0,0,0,1,0,0,0,0,0,0,0,0,2,0,0,0,0,0,0,0.0,0.0,0.02962962962962963,0.014814814814814815,0.022222222222222223,0.0,0.014814814814814815,0.0,0.0,0.014814814814814815,0.0,0.0,0.0,0.02962962962962963,0.0,21.666666666666668,39,0.0,0.0,0.0,1,0,0,0.3333333333333333,0,0,0.1037037037037037,0.0,0.05185185185185185,0.007407407407407408,4,0,6
jsx,jsx_133,0,0,0,0,0,0,0,0,0,1,0,0,0,0,0,0,0,0,0,0,0,2,0,0,0,0,0,0,0,0,0,0,0,0,0,1,0,0,0,0,0,0,0.01,0.01,0.02,0.02,0.03,0.0,0.04,0.0,0.0,0.02,0.0,0.0,0.0,0.02,0.0,32.666666666666664,70,0.0,0.0,0.0,1,0,0,0.6666666666666666,0,0,0.14,0.02,0.02,0.0,2,0,3
jsx,jsx_144,0,0,0,0,0,0,0,0,0,0,0,0,0,1,0,0,0,0,0,0,1,1,0,0,0,0,1,0,0,0,0,0,0,0,0,0,0,0,0,0,0,0,0.0,0.0,0.03571428571428571,0.017857142857142856,0.026785714285714284,0.0,0.026785714285714284,0.0,0.0,0.008928571428571428,0.0,0.0,0.0,0.017857142857142856,0.0,27.25,39,0.0,0.0,0.0,1,0,0,0.5,0,0,0.10714285714285714,0.0,0.0625,0.008928571428571428,4,0,4
jsx,jsx_152,0,0,0,0,0,0,0,0,0,0,0,0,0,0,0,0,0,0,0,0,0,1,1,0,0,0,0,0,0,0,0,0,0,0,0,0,0,0,0,0,0,0,0.011111111111111112,0.011111111111111112,0.022222222222222223,0.022222222222222223,0.03333333333333333,0.0,0.044444444444444446,0.0,0.0,0.022222222222222223,0.0,0.0,0.0,0.044444444444444446,0.0,44.5,70,0.0,0.0,0.0,1,0,0,1.0,0,0,0.15555555555555556,0.0,0.022222222222222223,0.0,2,0,2
jsx,jsx_164,0,0,0,0,0,0,0,0,0,0,0,0,0,1,0,0,0,0,0,0,0,2,0,0,0,0,1,0,0,0,0,0,0,0,0,0,0,0,0,0,0,0,0.0,0.0,0.0392156862745098,0.0196078431372549,0.029411764705882353,0.0,0.029411764705882353,0.0,0.0,0.00980392156862745,0.0,0.0,0.0,0.0196078431372549,0.0,24.75,39,0.0,0.0,0.0,1,0,0,0.5,0,0,0.11764705882352941,0.0196078431372549,0.06862745098039216,0.0,4,0,4
jsx,jsx_172,0,0,0,0,0,0,0,0,0,1,0,0,0,1,0,0,0,0,0,0,0,1,0,0,0,0,1,0,0,0,0,0,0,0,0,1,0,0,0,0,0,0,0.0,0.0,0.03305785123966942,0.01652892561983471,0.024793388429752067,0.0,0.01652892561983471,0.0,0.0,0.01652892561983471,0.0,0.0,0.0,0.03305785123966942,0.0,23.4,39,0.0,0.0,0.0,1,0,0,0.4,0,0,0.11570247933884298,0.0,0.05785123966942149,0.008264462809917356,4,0,5
jsx,jsx_178,0,0,0,0,0,0,0,0,0,1,0,0,0,1,0,0,0,0,0,0,0,2,0,0,0,0,1,0,0,0,0,0,0,0,0,2,0,0,0,0,0,0,0.0,0.0,0.03076923076923077,0.015384615384615385,0.023076923076923078,0.0,0.023076923076923078,0.0,0.0,0.007692307692307693,0.0,0.0,0.0,0.015384615384615385,0.0,20.833333333333332,39,0.0,0.0,0.0,1,0,0,0.3333333333333333,0,0,0.09230769230769231,0.015384615384615385,0.05384615384615385,0.0,4,0,6
jsx,jsx_206,0,0,0,0,0,0,0,0,0,1,0,0,0,0,0,0,0,0,0,0,1,1,0,0,0,0,0,0,0,0,0,0,0,0,0,1,0,0,0,0,0,0,0.00909090909090909,0.00909090909090909,0.01818181818181818,0.01818181818181818,0.02727272727272727,0.0,0.03636363636363636,0.0,0.0,0.01818181818181818,0.0,0.0,0.0,0.01818181818181818,0.0,36.0,70,0.0,0.0,0.0,1,0,0,0.6666666666666666,0,0,0.12727272727272726,0.0,0.01818181818181818,0.00909090909090909,2,0,3
jsx,jsx_260,0,0,0,0,0,0,0,0,0,0,0,0,0,0,0,0,0,0,0,0,0,2,0,0,0,0,0,0,0,0,0,0,0,0,0,0,0,0,0,0,0,0,0.011627906976744186,0.011627906976744186,0.023255813953488372,0.023255813953488372,0.03488372093023256,0.0,0.046511627906976744,0.0,0.0,0.023255813953488372,0.0,0.0,0.0,0.023255813953488372,0.0,42.5,70,0.0,0.0,0.0,1,0,0,1.0,0,0,0.16279069767441862,0.023255813953488372,0.023255813953488372,0.0,2,0,2
jsx,jsx_266,0,0,0,0,0,0,0,0,0,1,0,0,0,0,0,0,0,0,0,0,0,1,1,0,0,0,0,0,0,0,0,0,0,0,0,1,0,0,0,0,0,0,0.009615384615384616,0.009615384615384616,0.019230769230769232,0.019230769230769232,0.028846153846153848,0.0,0.038461538461538464,0.0,0.0,0.019230769230769232,0.0,0.0,0.0,0.038461538461538464,0.0,34.0,70,0.0,0.0,0.0,1,0,0,0.6666666666666666,0,0,0.1346153846153846,0.0,0.019230769230769232,0.0,2,0,3
jsx,jsx_294,0,0,0,0,0,0,0,0,0,1,0,0,0,1,0,0,0,0,0,0,1,1,0,0,0,0,1,0,0,0,0,0,0,0,0,2,0,0,0,0,0,0,0.0,0.0,0.02857142857142857,0.014285714285714285,0.02142857142857143,0.0,0.02142857142857143,0.0,0.0,0.007142857142857143,0.0,0.0,0.0,0.014285714285714285,0.0,22.5,39,0.0,0.0,0.0,1,0,0,0.3333333333333333,0,0,0.08571428571428572,0.0,0.05,0.007142857142857143,4,0,6
jsx,jsx_371,0,0,0,0,0,0,0,0,0,1,0,0,0,1,0,0,0,0,0,0,1,1,0,0,0,0,1,0,0,0,0,0,0,0,0,1,0,0,0,0,0,0,0.0,0.0,0.031746031746031744,0.015873015873015872,0.023809523809523808,0.0,0.023809523809523808,0.0,0.0,0.007936507936507936,0.0,0.0,0.0,0.015873015873015872,0.0,24.4,39,0.0,0.0,0.0,1,0,0,0.4,0,0,0.09523809523809523,0.0,0.05555555555555555,0.007936507936507936,4,0,5
jsx,jsx_671,0,0,0,0,0,0,0,0,0,1,0,0,0,0,0,0,0,0,0,0,0,2,0,0,0,0,0,0,0,0,0,0,0,0,0,1,0,0,0,0,0,0,0.007246376811594203,0.007246376811594203,0.014492753623188406,0.014492753623188406,0.028985507246376812,0.0,0.036231884057971016,0.0,0.0,0.028985507246376812,0.0,0.014492753623188406,0.0,0.014492753623188406,0.0,45.333333333333336,70,0.0,0.0,0.0,2,0,0,0.6666666666666666,0,0,0.13768115942028986,0.007246376811594203,0.014492753623188406,0.007246376811594203,2,0,3
jsx,jsx_832,0,0,0,0,0,0,0,0,0,0,0,0,0,1,0,0,0,0,0,0,0,2,0,0,0,0,1,0,0,0,0,0,0,0,0,0,0,0,0,0,0,0,0.0,0.0,0.02857142857142857,0.014285714285714285,0.02857142857142857,0.0,0.02857142857142857,0.0,0.0,0.02142857142857143,0.0,0.014285714285714285,0.0,0.014285714285714285,0.0,34.25,53,0.0,0.0,0.0,2,0,0,0.5,0,0,0.12142857142857143,0.007142857142857143,0.05,0.007142857142857143,4,0,4
tsx,tsx_0,0,0,0,0,0,0,0,0,0,1,0,0,0,1,0,0,0,0,0,0,0,1,0,0,0,0,1,0,0,0,0,0,0,0,0,2,0,0,0,0,0,0,0.01764705882352941,0.01764705882352941,0.023529411764705882,0.01764705882352941,0.023529411764705882,0.011764705882352941,0.011764705882352941,0.0,0.0,0.0058823529411764705,0.0,0.0,0.0,0.011764705882352941,0.0,27.5,61,0.0,0.0,0.0,1,0,0,0.5,0,0,0.11764705882352941,0.0,0.047058823529411764,0.0058823529411764705,4,0,6
tsx,tsx_1,0,0,0,0,0,0,0,0,0,1,0,0,0,0,0,0,0,0,0,0,1,2,0,0,0,0,0,0,0,0,0,0,0,0,0,1,0,0,0,0,0,0,0.00909090909090909,0.00909090909090909,0.02727272727272727,0.0,0.0,0.01818181818181818,0.02727272727272727,0.00909090909090909,0.0,0.0,0.0,0.0,0.0,0.0,0.0,26.75,44,0.0,0.0,0.0,0,0,0,0.0,0,2,0.045454545454545456,0.01818181818181818,0.00909090909090909,0.00909090909090909,3,0,4
tsx,tsx_2,0,0,0,0,0,0,0,0,0,1,0,0,0,1,0,0,0,0,0,0,0,1,0,0,0,0,1,0,0,0,0,0,0,0,0,1,0,0,0,0,0,0,0.01694915254237288,0.01694915254237288,0.02824858757062147,0.01694915254237288,0.022598870056497175,0.011299435028248588,0.011299435028248588,0.0,0.0,0.011299435028248588,0.0,0.0,0.0,0.022598870056497175,0.0,28.666666666666668,61,0.0,0.0,0.0,1,0,0,0.5,0,0,0.12994350282485875,0.0,0.04519774011299435,0.011299435028248588,5,0,6
tsx,tsx_3,0,0,0,0,0,0,0,0,0,0,0,0,0,1,0,0,0,0,0,0,0,1,0,0,0,0,1,0,0,0,0,0,0,0,0,0,0,0,0,0,0,0,0.02112676056338028,0.02112676056338028,0.028169014084507043,0.02112676056338028,0.028169014084507043,0.014084507042253521,0.014084507042253521,0.0,0.0,0.007042253521126761,0.0,0.0,0.0,0.014084507042253521,0.0,34.75,61,0.0,0.0,0.0,1,0,0,0.75,0,0,0.14084507042253522,0.0,0.056338028169014086,0.007042253521126761,4,0,4
tsx,tsx_4,0,0,0,0,0,0,0,0,0,1,0,0,0,1,0,0,0,0,0,0,0,2,0,0,0,0,1,0,0,0,0,0,0,0,0,1,0,0,0,0,0,0,0.014285714285714285,0.014285714285714285,0.023809523809523808,0.014285714285714285,0.023809523809523808,0.009523809523809525,0.01904761904761905,0.0,0.0,0.014285714285714285,0.0,0.009523809523809525,0.0,0.009523809523809525,0.0,34.166666666666664,61,0.0,0.0,0.0,2,0,0,0.5,0,0,0.12380952380952381,0.004761904761904762,0.0380952380952381,0.009523809523809525,5,0,6
tsx,tsx_6,0,0,0,0,0,0,0,0,0,1,0,0,0,0,0,0,0,0,0,0,0,2,0,0,0,0,0,0,0,0,0,0,0,0,0,1,0,0,0,0,0,0,0.011904761904761904,0.011904761904761904,0.023809523809523808,0.0,0.0,0.023809523809523808,0.023809523809523808,0.011904761904761904,0.0,0.0,0.0,0.0,0.0,0.0,0.0,27.333333333333332,44,0.0,0.0,0.0,0,0,0,0.0,0,2,0.047619047619047616,0.023809523809523808,0.011904761904761904,0.0,2,0,3
tsx,tsx_7,0,0,0,0,0,0,0,0,0,0,0,0,0,0,0,0,0,0,0,0,0,2,1,0,0,0,0,0,0,0,0,0,0,0,0,0,0,0,0,0,0,0,0.011111111111111112,0.011111111111111112,0.03333333333333333,0.0,0.0,0.022222222222222223,0.03333333333333333,0.011111111111111112,0.0,0.0,0.0,0.0,0.0,0.022222222222222223,0.0,29.333333333333332,44,0.0,0.0,0.0,0,0,0,0.0,0,2,0.05555555555555555,0.022222222222222223,0.011111111111111112,0.0,3,0,3
tsx,tsx_11,0,0,0,0,0,0,0,0,0,1,0,0,0,0,0,0,0,0,0,0,0,2,1,0,0,0,0,0,0,0,0,0,0,0,0,1,0,0,0,0,0,0,0.009615384615384616,0.009615384615384616,0.028846153846153848,0.0,0.0,0.019230769230769232,0.028846153846153848,0.009615384615384616,0.0,0.0,0.0,0.0,0.0,0.019230769230769232,0.0,25.25,44,0.0,0.0,0.0,0,0,0,0.0,0,2,0.04807692307692308,0.019230769230769232,0.009615384615384616,0.0,3,0,4
tsx,tsx_12,0,0,0,0,0,0,0,0,0,1,0,0,0,0,0,0,0,0,0,0,0,3,0,0,0,0,0,0,0,0,0,0,0,0,0,1,0,0,0,0,0,0,0.007246376811594203,0.007246376811594203,0.021739130434782608,0.0,0.007246376811594203,0.014492753623188406,0.028985507246376812,0.007246376811594203,0.0,0.014492753623188406,0.0,0.014492753623188406,0.0,0.0,0.0,33.75,53,0.0,0.0,0.0,1,0,0,0.0,0,2,0.07246376811594203,0.021739130434782608,0.007246376811594203,0.007246376811594203,3,0,4
tsx,tsx_16,0,0,0,0,0,0,0,0,0,0,0,0,0,0,0,0,0,0,0,0,0,2,0,0,0,0,0,0,0,0,0,0,0,0,0,0,0,0,0,0,0,0,0.014285714285714285,0.014285714285714285,0.02857142857142857,0.0,0.0,0.02857142857142857,0.02857142857142857,0.014285714285714285,0.0,0.0,0.0,0.0,0.0,0.0,0.0,34.5,44,0.0,0.0,0.0,0,0,0,0.0,0,2,0.05714285714285714,0.02857142857142857,0.014285714285714285,0.0,2,0,2
tsx,tsx_17,0,0,0,0,0,0,0,0,0,1,0,0,0,1,0,0,0,0,0,0,0,2,0,0,0,0,1,0,0,0,0,0,0,0,0,2,0,0,0,0,0,0,0.016129032258064516,0.016129032258064516,0.026881720430107527,0.016129032258064516,0.021505376344086023,0.010752688172043012,0.016129032258064516,0.0,0.0,0.005376344086021506,0.0,0.0,0.0,0.010752688172043012,0.0,25.714285714285715,61,0.0,0.0,0.0,1,0,0,0.42857142857142855,0,0,0.11290322580645161,0.010752688172043012,0.043010752688172046,0.005376344086021506,5,0,7
tsx,tsx_18,0,0,0,0,0,0,0,0,0,1,0,0,0,0,0,0,0,0,0,0,0,2,0,0,0,0,0,0,0,0,0,0,0,0,0,2,0,0,0,0,0,0,0.01020408163265306,0.01020408163265306,0.02040816326530612,0.0,0.0,0.02040816326530612,0.02040816326530612,0.01020408163265306,0.0,0.0,0.0,0.0,0.0,0.0,0.0,23.75,44,0.0,0.0,0.0,0,0,0,0.0,0,2,0.04081632653061224,0.02040816326530612,0.01020408163265306,0.0,2,0,4
tsx,tsx_20,0,0,0,0,0,0,0,0,0,1,0,0,0,1,0,0,0,0,0,0,0,1,0,0,0,0,1,0,0,0,0,0,0,0,0,1,0,0,0,0,0,0,0.019230769230769232,0.019230769230769232,0.02564102564102564,0.019230769230769232,0.02564102564102564,0.01282051282051282,0.01282051282051282,0.0,0.0,0.00641025641025641,0.0,0.0,0.0,0.01282051282051282,0.0,30.4,61,0.0,0.0,0.0,1,0,0,0.6,0,0,0.1282051282051282,0.0,0.05128205128205128,0.00641025641025641,4,0,5
tsx,tsx_24,0,0,0,0,0,0,0,0,0,1,0,0,0,1,0,0,0,0,0,0,0,1,1,0,0,0,1,0,0,0,0,0,0,0,0,1,0,0,0,0,0,0,0.017045454545454544,0.017045454545454544,0.028409090909090908,0.017045454545454544,0.022727272727272728,0.011363636363636364,0.017045454545454544,0.0,0.0,0.005681818181818182,0.0,0.0,0.0,0.022727272727272728,0.0,28.5,61,0.0,0.0,0.0,1,0,0,0.5,0,0,0.11931818181818182,0.0,0.045454545454545456,0.005681818181818182,5,0,6
tsx,tsx_27,0,0,0,0,0,0,0,0,0,0,0,0,0,0,0,0,0,0,0,0,0,3,0,0,0,0,0,0,0,0,0,0,0,0,0,0,0,0,0,0,0,0,0.011627906976744186,0.011627906976744186,0.03488372093023256,0.0,0.0,0.023255813953488372,0.03488372093023256,0.011627906976744186,0.0,0.0,0.0,0.0,0.0,0.0,0.0,28.0,44,0.0,0.0,0.0,0,0,0,0.0,0,2,0.05813953488372093,0.046511627906976744,0.011627906976744186,0.0,3,0,3
tsx,tsx_29,0,0,0,0,0,0,0,0,0,0,0,0,0,0,0,0,0,0,0,0,0,2,0,0,0,0,0,0,0,0,0,0,0,0,0,0,0,0,0,0,0,0,0.01098901098901099,0.01098901098901099,0.03296703296703297,0.0,0.0,0.02197802197802198,0.02197802197802198,0.01098901098901099,0.0,0.01098901098901099,0.0,0.0,0.0,0.02197802197802198,0.0,29.666666666666668,44,0.0,0.0,0.0,0,0,0,0.0,0,2,0.07692307692307693,0.02197802197802198,0.01098901098901099,0.01098901098901099,3,0,3
tsx,tsx_40,0,0,0,0,0,0,0,0,0,1,0,0,0,0,0,0,0,0,0,0,0,2,0,0,0,0,0,0,0,0,0,0,0,0,0,1,0,0,0,0,0,0,0.009523809523809525,0.009523809523809525,0.02857142857142857,0.0,0.0,0.01904761904761905,0.01904761904761905,0.009523809523809525,0.0,0.009523809523809525,0.0,0.0,0.0,0.01904761904761905,0.0,25.5,44,0.0,0.0,0.0,0,0,0,0.0,0,2,0.06666666666666667,0.01904761904761905,0.009523809523809525,0.009523809523809525,3,0,4
tsx,tsx_45,0,0,0,0,0,0,0,0,0,0,0,0,0,0,0,0,0,0,0,0,1,2,0,0,0,0,0,0,0,0,0,0,0,0,0,0,0,0,0,0,0,0,0.010416666666666666,0.010416666666666666,0.03125,0.0,0.0,0.020833333333333332,0.03125,0.010416666666666666,0.0,0.0,0.0,0.0,0.0,0.0,0.0,31.333333333333332,44,0.0,0.0,0.0,0,0,0,0.0,0,2,0.052083333333333336,0.020833333333333332,0.010416666666666666,0.010416666666666666,3,0,3
tsx,tsx_51,0,0,0,0,0,0,0,0,0,0,0,0,0,1,0,0,0,0,0,0,0,2,0,0,0,0,1,0,0,0,0,0,0,0,0,0,0,0,0,0,0,0,0.0189873417721519,0.0189873417721519,0.03164556962025317,0.0189873417721519,0.02531645569620253,0.012658227848101266,0.0189873417721519,0.0,0.0,0.006329113924050633,0.0,0.0,0.0,0.012658227848101266,0.0,30.8,61,0.0,0.0,0.0,1,0,0,0.6,0,0,0.13291139240506328,0.012658227848101266,0.05063291139240506,0.006329113924050633,5,0,5
tsx,tsx_57,0,0,0,0,0,0,0,0,0,0,0,0,0,0,0,0,0,0,0,0,0,3,0,0,0,0,0,0,0,0,0,0,0,0,0,0,0,0,0,0,0,0,0.008064516129032258,0.008064516129032258,0.024193548387096774,0.0,0.008064516129032258,0.016129032258064516,0.03225806451612903,0.008064516129032258,0.0,0.016129032258064516,0.0,0.016129032258064516,0.0,0.0,0.0,40.666666666666664,53,0.0,0.0,0.0,1,0,0,0.0,0,2,0.08064516129032258,0.024193548387096774,0.008064516129032258,0.008064516129032258,3,0,3
tsx,tsx_58,0,0,0,0,0,0,0,0,0,0,0,0,0,1,0,0,0,0,0,0,0,1,1,0,0,0,1,0,0,0,0,0,0,0,0,0,0,0,0,0,0,0,0.018518518518518517,0.018518518518518517,0.030864197530864196,0.018518518518518517,0.024691358024691357,0.012345679012345678,0.018518518518518517,0.0,0.0,0.006172839506172839,0.0,0.0,0.0,0.024691358024691357,0.0,31.6,61,0.0,0.0,0.0,1,0,0,0.6,0,0,0.12962962962962962,0.0,0.04938271604938271,0.006172839506172839,5,0,5
tsx,tsx_59,0,0,0,0,0,0,0,0,0,1,0,0,0,1,0,0,0,0,0,0,0,1,1,0,0,0,1,0,0,0,0,0,0,0,0,1,0,0,0,0,0,0,0.017045454545454544,0.017045454545454544,0.028409090909090908,0.017045454545454544,0.022727272727272728,0.011363636363636364,0.017045454545454544,0.0,0.0,0.005681818181818182,0.0,0.0,0.0,0.022727272727272728,0.0,28.5,61,0.0,0.0,0.0,1,0,0,0.5,0,0,0.11931818181818182,0.0,0.045454545454545456,0.005681818181818182,5,0,6
tsx,tsx_78,0,0,0,0,0,0,0,0,0,1,0,0,0,1,0,0,0,0,0,0,0,1,0,0,0,0,1,0,0,0,0,0,0,0,0,1,0,0,0,0,0,0,0.01694915254237288,0.01694915254237288,0.02824858757062147,0.01694915254237288,0.022598870056497175,0.011299435028248588,0.011299435028248588,0.0,0.0,0.011299435028248588,0.0,0.0,0.0,0.022598870056497175,0.0,28.666666666666668,61,0.0,0.0,0.0,1,0,0,0.5,0,0,0.12994350282485875,0.0,0.04519774011299435,0.011299435028248588,5,0,6
tsx,tsx_89,0,0,0,0,0,0,0,0,0,1,0,0,0,0,0,0,0,0,0,0,0,2,0,0,0,0,0,0,0,0,0,0,0,0,0,1,0,0,0,0,0,0,0.009523809523809525,0.009523809523809525,0.02857142857142857,0.0,0.0,0.01904761904761905,0.01904761904761905,0.009523809523809525,0.0,0.009523809523809525,0.0,0.0,0.0,0.01904761904761905,0.0,25.5,44,0.0,0.0,0.0,0,0,0,0.0,0,2,0.06666666666666667,0.01904761904761905,0.009523809523809525,0.009523809523809525,3,0,4
tsx,tsx_95,0,0,0,0,0,0,0,0,0,1,0,0,0,1,0,0,0,0,0,0,1,1,0,0,0,0,1,0,0,0,0,0,0,0,0,2,0,0,0,0,0,0,0.015306122448979591,0.015306122448979591,0.025510204081632654,0.015306122448979591,0.02040816326530612,0.01020408163265306,0.015306122448979591,0.0,0.0,0.00510204081632653,0.0,0.0,0.0,0.01020408163265306,0.0,27.142857142857142,61,0.0,0.0,0.0,1,0,0,0.42857142857142855,0,0,0.10714285714285714,0.0,0.04081632653061224,0.01020408163265306,5,0,7
tsx,tsx_97,0,0,0,0,0,0,0,0,0,1,0,0,0,1,0,0,0,0,0,0,0,1,1,0,0,0,1,0,0,0,0,0,0,0,0,2,0,0,0,0,0,0,0.015789473684210527,0.015789473684210527,0.02631578947368421,0.015789473684210527,0.021052631578947368,0.010526315789473684,0.015789473684210527,0.0,0.0,0.005263157894736842,0.0,0.0,0.0,0.021052631578947368,0.0,26.285714285714285,61,0.0,0.0,0.0,1,0,0,0.42857142857142855,0,0,0.11052631578947368,0.0,0.042105263157894736,0.005263157894736842,5,0,7
tsx,tsx_101,0,0,0,0,0,0,0,0,0,0,0,0,0,1,0,0,0,0,0,0,0,2,0,0,0,0,1,0,0,0,0,0,0,0,0,0,0,0,0,0,0,0,0.015306122448979591,0.015306122448979591,0.025510204081632654,0.015306122448979591,0.025510204081632654,0.01020408163265306,0.02040816326530612,0.0,0.0,0.015306122448979591,0.0,0.01020408163265306,0.0,0.01020408163265306,0.0,38.4,61,0.0,0.0,0.0,2,0,0,0.6,0,0,0.1326530612244898,0.00510204081632653,0.04081632653061224,0.01020408163265306,5,0,5
tsx,tsx_102,0,0,0,0,0,0,0,0,0,1,0,0,0,0,0,0,0,0,0,0,0,3,0,0,0,0,0,0,0,0,0,0,0,0,0,2,0,0,0,0,0,0,0.006578947368421052,0.006578947368421052,0.019736842105263157,0.0,0.006578947368421052,0.013157894736842105,0.02631578947368421,0.006578947368421052,0.0,0.013157894736842105,0.0,0.013157894736842105,0.0,0.0,0.0,29.6,53,0.0,0.0,0.0,1,0,0,0.0,0,2,0.06578947368421052,0.019736842105263157,0.006578947368421052,0.006578947368421052,3,0,5
tsx,tsx_114,0,0,0,0,0,0,0,0,0,1,0,0,0,1,0,0,0,0,0,0,0,1,0,0,0,0,1,0,0,0,0,0,0,0,0,2,0,0,0,0,0,0,0.015706806282722512,0.015706806282722512,0.02617801047120419,0.015706806282722512,0.020942408376963352,0.010471204188481676,0.010471204188481676,0.0,0.0,0.010471204188481676,0.0,0.0,0.0,0.020942408376963352,0.0,26.428571428571427,61,0.0,0.0,0.0,1,0,0,0.42857142857142855,0,0,0.12041884816753927,0.0,0.041884816753926704,0.010471204188481676,5,0,7
tsx,tsx_122,0,0,0,0,0,0,0,0,0,1,0,0,0,0,0,0,0,0,0,0,0,2,0,0,0,0,0,0,0,0,0,0,0,0,0,2,0,0,0,0,0,0,0.008403361344537815,0.008403361344537815,0.025210084033613446,0.0,0.0,0.01680672268907563,0.01680672268907563,0.008403361344537815,0.0,0.008403361344537815,0.0,0.0,0.0,0.01680672268907563,0.0,23.0,44,0.0,0.0,0.0,0,0,0,0.0,0,2,0.058823529411764705,0.01680672268907563,0.008403361344537815,0.008403361344537815,3,0,5
tsx,tsx_124,0,0,0,0,0,0,0,0,0,1,0,0,0,0,0,0,0,0,0,0,0,3,0,0,0,0,0,0,0,0,0,0,0,0,0,1,0,0,0,0,0,0,0.01,0.01,0.03,0.0,0.0,0.02,0.03,0.01,0.0,0.0,0.0,0.0,0.0,0.0,0.0,24.25,44,0.0,0.0,0.0,0,0,0,0.0,0,2,0.05,0.04,0.01,0.0,3,0,4
tsx,tsx_126,0,0,0,0,0,0,0,0,0,1,0,0,0,1,0,0,0,0,0,0,0,2,0,0,0,0,1,0,0,0,0,0,0,0,0,1,0,0,0,0,0,0,0.01744186046511628,0.01744186046511628,0.029069767441860465,0.01744186046511628,0.023255813953488372,0.011627906976744186,0.01744186046511628,0.0,0.0,0.005813953488372093,0.0,0.0,0.0,0.011627906976744186,0.0,27.833333333333332,61,0.0,0.0,0.0,1,0,0,0.5,0,0,0.12209302325581395,0.011627906976744186,0.046511627906976744,0.005813953488372093,5,0,6
tsx,tsx_129,0,0,0,0,0,0,0,0,0,1,0,0,0,1,0,0,0,0,0,0,0,2,0,0,0,0,1,0,0,0,0,0,0,0,0,1,0,0,0,0,0,0,0.01744186046511628,0.01744186046511628,0.029069767441860465,0.01744186046511628,0.023255813953488372,0.011627906976744186,0.01744186046511628,0.0,0.0,0.005813953488372093,0.0,0.0,0.0,0.011627906976744186,0.0,27.833333333333332,61,0.0,0.0,0.0,1,0,0,0.5,0,0,0.12209302325581395,0.011627906976744186,0.046511627906976744,0.005813953488372093,5,0,6
tsx,tsx_142,0,0,0,0,0,0,0,0,0,1,0,0,0,1,0,0,0,0,0,0,1,1,0,0,0,0,1,0,0,0,0,0,0,0,0,1,0,0,0,0,0,0,0.016483516483516484,0.016483516483516484,0.027472527472527472,0.016483516483516484,0.02197802197802198,0.01098901098901099,0.016483516483516484,0.0,0.0,0.005494505494505495,0.0,0.0,0.0,0.01098901098901099,0.0,29.5,61,0.0,0.0,0.0,1,0,0,0.5,0,0,0.11538461538461539,0.0,0.04395604395604396,0.01098901098901099,5,0,6
tsx,tsx_143,0,0,0,0,0,0,0,0,0,1,0,0,0,0,0,0,0,0,0,0,0,3,0,0,0,0,0,0,0,0,0,0,0,0,0,1,0,0,0,0,0,0,0.007246376811594203,0.007246376811594203,0.021739130434782608,0.0,0.007246376811594203,0.014492753623188406,0.028985507246376812,0.007246376811594203,0.0,0.014492753623188406,0.0,0.014492753623188406,0.0,0.0,0.0,33.75,53,0.0,0.0,0.0,1,0,0,0.0,0,2,0.07246376811594203,0.021739130434782608,0.007246376811594203,0.007246376811594203,3,0,4
tsx,tsx_146,0,0,0,0,0,0,0,0,0,1,0,0,0,0,0,0,0,0,0,0,0,2,1,0,0,0,0,0,0,0,0,0,0,0,0,2,0,0,0,0,0,0,0.00847457627118644,0.00847457627118644,0.025423728813559324,0.0,0.0,0.01694915254237288,0.025423728813559324,0.00847457627118644,0.0,0.0,0.0,0.0,0.0,0.01694915254237288,0.0,22.8,44,0.0,0.0,0.0,0,0,0,0.0,0,2,0.0423728813559322,0.01694915254237288,0.00847457627118644,0.0,3,0,5
tsx,tsx_155,0,0,0,0,0,0,0,0,0,0,0,0,0,1,0,0,0,0,0,0,0,1,0,0,0,0,1,0,0,0,0,0,0,0,0,0,0,0,0,0,0,0,0.018404907975460124,0.018404907975460124,0.03067484662576687,0.018404907975460124,0.024539877300613498,0.012269938650306749,0.012269938650306749,0.0,0.0,0.012269938650306749,0.0,0.0,0.0,0.024539877300613498,0.0,31.8,61,0.0,0.0,0.0,1,0,0,0.6,0,0,0.1411042944785276,0.0,0.049079754601226995,0.012269938650306749,5,0,5
tsx,tsx_212,0,0,0,0,0,0,0,0,0,1,0,0,0,0,0,0,0,0,0,0,0,3,0,0,0,0,0,0,0,0,0,0,0,0,0,1,0,0,0,0,0,0,0.01,0.01,0.03,0.0,0.0,0.02,0.03,0.01,0.0,0.0,0.0,0.0,0.0,0.0,0.0,24.25,44,0.0,0.0,0.0,0,0,0,0.0,0,2,0.05,0.04,0.01,0.0,3,0,4
tsx,tsx_223,0,0,0,0,0,0,0,0,0,1,0,0,0,0,0,0,0,0,0,0,1,2,0,0,0,0,0,0,0,0,0,0,0,0,0,2,0,0,0,0,0,0,0.008064516129032258,0.008064516129032258,0.024193548387096774,0.0,0.0,0.016129032258064516,0.024193548387096774,0.008064516129032258,0.0,0.0,0.0,0.0,0.0,0.0,0.0,24.0,44,0.0,0.0,0.0,0,0,0,0.0,0,2,0.04032258064516129,0.016129032258064516,0.008064516129032258,0.008064516129032258,3,0,5
tsx,tsx_249,0,0,0,0,0,0,0,0,0,0,0,0,0,1,0,0,0,0,0,0,1,1,0,0,0,0,1,0,0,0,0,0,0,0,0,0,0,0,0,0,0,0,0.017857142857142856,0.017857142857142856,0.02976190476190476,0.017857142857142856,0.023809523809523808,0.011904761904761904,0.017857142857142856,0.0,0.0,0.005952380952380952,0.0,0.0,0.0,0.011904761904761904,0.0,32.8,61,0.0,0.0,0.0,1,0,0,0.6,0,0,0.125,0.0,0.047619047619047616,0.011904761904761904,5,0,5
tsx,tsx_262,0,0,0,0,0,0,0,0,0,1,0,0,0,1,0,0,0,0,0,0,1,1,0,0,0,0,1,0,0,0,0,0,0,0,0,1,0,0,0,0,0,0,0.016483516483516484,0.016483516483516484,0.027472527472527472,0.016483516483516484,0.02197802197802198,0.01098901098901099,0.016483516483516484,0.0,0.0,0.005494505494505495,0.0,0.0,0.0,0.01098901098901099,0.0,29.5,61,0.0,0.0,0.0,1,0,0,0.5,0,0,0.11538461538461539,0.0,0.04395604395604396,0.01098901098901099,5,0,6
tsx,tsx_304,0,0,0,0,0,0,0,0,0,1,0,0,0,1,0,0,0,0,0,0,0,2,0,0,0,0,1,0,0,0,0,0,0,0,0,1,0,0,0,0,0,0,0.014285714285714285,0.014285714285714285,0.023809523809523808,0.014285714285714285,0.023809523809523808,0.009523809523809525,0.01904761904761905,0.0,0.0,0.014285714285714285,0.0,0.009523809523809525,0.0,0.009523809523809525,0.0,34.166666666666664,61,0.0,0.0,0.0,2,0,0,0.5,0,0,0.12380952380952381,0.004761904761904762,0.0380952380952381,0.009523809523809525,5,0,6
tsx,tsx_324,0,0,0,0,0,0,0,0,0,1,0,0,0,1,0,0,0,0,0,0,0,2,0,0,0,0,1,0,0,0,0,0,0,0,0,2,0,0,0,0,0,0,0.013392857142857142,0.013392857142857142,0.022321428571428572,0.013392857142857142,0.022321428571428572,0.008928571428571428,0.017857142857142856,0.0,0.0,0.013392857142857142,0.0,0.008928571428571428,0.0,0.008928571428571428,0.0,31.142857142857142,61,0.0,0.0,0.0,2,0,0,0.42857142857142855,0,0,0.11607142857142858,0.004464285714285714,0.03571428571428571,0.008928571428571428,5,0,7
tsx,tsx_325,0,0,0,0,0,0,0,0,0,1,0,0,0,0,0,0,0,0,0,0,1,2,0,0,0,0,0,0,0,0,0,0,0,0,0,1,0,0,0,0,0,0,0.00909090909090909,0.00909090909090909,0.02727272727272727,0.0,0.0,0.01818181818181818,0.02727272727272727,0.00909090909090909,0.0,0.0,0.0,0.0,0.0,0.0,0.0,26.75,44,0.0,0.0,0.0,0,0,0,0.0,0,2,0.045454545454545456,0.01818181818181818,0.00909090909090909,0.00909090909090909,3,0,4
tsx,tsx_353,0,0,0,0,0,0,0,0,0,1,0,0,0,0,0,0,0,0,0,0,0,2,1,0,0,0,0,0,0,0,0,0,0,0,0,1,0,0,0,0,0,0,0.009615384615384616,0.009615384615384616,0.028846153846153848,0.0,0.0,0.019230769230769232,0.028846153846153848,0.009615384615384616,0.0,0.0,0.0,0.0,0.0,0.019230769230769232,0.0,25.25,44,0.0,0.0,0.0,0,0,0,0.0,0,2,0.04807692307692308,0.019230769230769232,0.009615384615384616,0.0,3,0,4
tsx,tsx_398,0,0,0,0,0,0,0,0,0,1,0,0,0,0,0,0,0,0,0,0,0,3,0,0,0,0,0,0,0,0,0,0,0,0,0,2,0,0,0,0,0,0,0.008771929824561403,0.008771929824561403,0.02631578947368421,0.0,0.0,0.017543859649122806,0.02631578947368421,0.008771929824561403,0.0,0.0,0.0,0.0,0.0,0.0,0.0,22.0,44,0.0,0.0,0.0,0,0,0,0.0,0,2,0.043859649122807015,0.03508771929824561,0.008771929824561403,0.0,3,0,5
json,json_0,0,0,0,0,0,0,0,0,0,1,0,0,0,0,0,0,0,0,0,0,0,0,0,0,0,0,0,0,0,0,0,0,0,0,0,1,0,0,0,0,0,0,0.01639344262295082,0.01639344262295082,0.0,0.0,0.0,0.04918032786885246,0.0,0.0,0.0,0.0,0.0,0.03278688524590164,0.16393442622950818,0.0,0.0,30.0,47,0.0,0.0,0.0,0,0,0,0.0,0,0,0.03278688524590164,0.03278688524590164,0.04918032786885246,0.0,1,0,2
json,json_1,0,0,0,0,0,0,0,0,0,1,0,0,0,0,0,0,0,0,0,0,0,0,0,0,0,0,0,0,0,0,0,0,0,0,0,2,0,0,0,0,0,0,0.031914893617021274,0.031914893617021274,0.0,0.0,0.0,0.05319148936170213,0.0,0.0,0.0,0.0,0.010638297872340425,0.031914893617021274,0.14893617021276595,0.0,0.0,22.75,65,0.25,0.0,0.0,0,0,0,0.0,0,0,0.0851063829787234,0.02127659574468085,0.02127659574468085,0.0,1,0,4
json,json_2,0,0,0,0,0,0,0,0,0,1,0,0,0,0,0,0,0,0,0,0,0,0,0,0,0,0,0,0,0,0,0,0,0,0,0,1,0,0,0,0,0,0,0.0379746835443038,0.0379746835443038,0.0,0.0,0.0,0.06329113924050633,0.0,0.0,0.0,0.0,0.012658227848101266,0.0379746835443038,0.17721518987341772,0.0,0.0,39.0,65,0.0,0.0,0.0,0,0,0,0.0,0,0,0.10126582278481013,0.02531645569620253,0.02531645569620253,0.0,1,0,2
json,json_3,0,0,0,0,0,0,0,0,0,1,0,0,0,0,0,0,0,0,0,0,0,0,0,0,0,0,0,0,0,0,0,0,0,0,0,2,0,0,0,0,0,0,0.03225806451612903,0.03225806451612903,0.0,0.0,0.0,0.053763440860215055,0.0,0.0,0.0,0.0,0.010752688172043012,0.03225806451612903,0.15053763440860216,0.0,0.0,30.333333333333332,65,0.0,0.0,0.0,0,0,0,0.0,0,0,0.08602150537634409,0.021505376344086023,0.021505376344086023,0.0,1,0,3
json,json_11,0,0,0,0,0,0,0,0,0,1,0,0,0,0,0,0,0,0,0,0,0,0,0,0,0,0,0,0,0,0,0,0,0,0,0,1,0,0,0,0,0,0,0.0375,0.0375,0.0,0.0,0.0,0.0625,0.0,0.0,0.0,0.0,0.0125,0.0375,0.175,0.0,0.0,26.0,65,0.3333333333333333,0.0,0.0,0,0,0,0.0,0,0,0.1,0.025,0.025,0.0,1,0,3
json,json_13,0,0,0,0,0,0,0,0,0,0,0,0,0,0,0,0,0,0,0,0,0,0,0,0,0,0,0,0,0,0,0,0,0,0,0,0,0,0,0,0,0,0,0.046153846153846156,0.046153846153846156,0.0,0.0,0.0,0.07692307692307693,0.0,0.0,0.0,0.0,0.015384615384615385,0.046153846153846156,0.2153846153846154,0.0,0.0,65.0,65,0.0,0.0,0.0,0,0,0,0.0,0,0,0.12307692307692308,0.03076923076923077,0.03076923076923077,0.0,1,0,1
json,json_17,0,0,0,0,0,0,0,0,0,0,0,0,0,0,0,0,0,0,0,0,0,0,0,0,0,0,0,0,0,0,0,0,0,0,0,0,0,0,0,0,0,0,0.02127659574468085,0.02127659574468085,0.0,0.0,0.0,0.06382978723404255,0.0,0.0,0.0,0.0,0.0,0.0425531914893617,0.2127659574468085,0.0,0.0,47.0,47,0.0,0.0,0.0,0,0,0,0.0,0,0,0.0425531914893617,0.0425531914893617,0.06382978723404255,0.0,1,0,1
json,json_29,0,0,0,0,0,0,0,0,0,1,0,0,0,0,0,0,0,0,0,0,0,0,0,0,0,0,0,0,0,0,0,0,0,0,0,2,0,0,0,0,0,0,0.013157894736842105,0.013157894736842105,0.0,0.0,0.0,0.039473684210526314,0.0,0.0,0.0,0.0,0.0,0.02631578947368421,0.13157894736842105,0.0,0.0,18.25,47,0.25,0.0,0.0,0,0,0,0.0,0,0,0.02631578947368421,0.02631578947368421,0.039473684210526314,0.0,1,0,4
json,json_52,0,0,0,0,0,0,0,0,0,1,0,0,0,0,0,0,0,0,0,0,0,0,0,0,0,0,0,0,0,0,0,0,0,0,0,2,0,0,0,0,0,0,0.013333333333333334,0.013333333333333334,0.0,0.0,0.0,0.04,0.0,0.0,0.0,0.0,0.0,0.02666666666666667,0.13333333333333333,0.0,0.0,24.333333333333332,47,0.0,0.0,0.0,0,0,0,0.0,0,0,0.02666666666666667,0.02666666666666667,0.04,0.0,1,0,3
json,json_82,0,0,0,0,0,0,0,0,0,1,0,0,0,0,0,0,0,0,0,0,0,0,0,0,0,0,0,0,0,0,0,0,0,0,0,1,0,0,0,0,0,0,0.016129032258064516,0.016129032258064516,0.0,0.0,0.0,0.04838709677419355,0.0,0.0,0.0,0.0,0.0,0.03225806451612903,0.16129032258064516,0.0,0.0,20.0,47,0.3333333333333333,0.0,0.0,0,0,0,0.0,0,0,0.03225806451612903,0.03225806451612903,0.04838709677419355,0.0,1,0,3
yaml,yaml_0,0,0,0,0,0,0,0,0,0,0,0,0,0,0,0,0,0,0,0,0,0,0,0,0,0,0,0,0,0,0,0,0,0,0,0,0,0,0,0,0,0,0,0.0,0.0,0.0,0.0,0.0,0.08333333333333333,0.0,0.0,0.0,0.0,0.0,0.0,0.0,0.0,0.0,11.2,16,0.0,0.0,0.4,0,0,0,0.0,0,0,0.0,0.06666666666666667,0.03333333333333333,0.0,0,1,5
yaml,yaml_1,0,0,0,0,0,0,0,0,0,1,0,0,0,0,0,0,0,0,0,0,0,0,0,0,0,0,0,0,0,0,0,0,0,0,0,1,0,0,0,0,0,0,0.0,0.0,0.0,0.0,0.0,0.06756756756756757,0.0,0.0,0.0,0.0,0.0,0.0,0.0,0.0,0.0,11.5,16,0.0,0.0,0.3333333333333333,0,0,0,0.0,0,0,0.0,0.05405405405405406,0.02702702702702703,0.0,0,1,6
yaml,yaml_2,0,0,0,0,0,0,0,0,0,1,0,0,0,0,0,0,0,0,0,0,0,0,0,0,0,0,0,0,0,0,0,0,0,0,0,2,0,0,0,0,0,0,0.0,0.0,0.0,0.0,0.0,0.056179775280898875,0.0,0.0,0.0,0.0,0.0,0.0,0.0,0.0,0.0,10.25,16,0.125,0.0,0.25,0,0,0,0.0,0,0,0.0,0.0449438202247191,0.02247191011235955,0.0,0,1,8
yaml,yaml_5,0,0,0,0,0,0,0,0,0,1,0,0,0,0,0,0,0,0,0,0,0,0,0,0,0,0,0,0,0,0,0,0,0,0,0,1,0,0,0,0,0,0,0.0,0.0,0.0,0.0,0.0,0.06382978723404255,0.0,0.0,0.0,0.0,0.0,0.0,0.0,0.0,0.0,11.0,14,0.0,0.0,0.0,0,0,0,0.0,0,0,0.0,0.0425531914893617,0.06382978723404255,0.0,0,0,4
yaml,yaml_8,0,0,0,0,0,0,0,0,0,1,0,0,0,0,0,0,0,0,0,0,0,0,0,0,0,0,0,0,0,0,0,0,0,0,0,1,0,0,0,0,0,0,0.0,0.0,0.0,0.0,0.0,0.06666666666666667,0.0,0.0,0.0,0.0,0.0,0.0,0.0,0.0,0.0,9.857142857142858,16,0.14285714285714285,0.0,0.2857142857142857,0,0,0,0.0,0,0,0.0,0.05333333333333334,0.02666666666666667,0.0,0,1,7
yaml,yaml_9,0,0,0,0,0,0,0,0,0,0,0,0,0,0,0,0,0,0,0,0,0,0,0,0,0,0,0,0,0,0,0,0,0,0,0,0,0,0,0,0,0,0,0.0,0.0,0.0,0.0,0.0,0.09090909090909091,0.0,0.0,0.0,0.0,0.0,0.0,0.0,0.0,0.0,10.333333333333334,14,0.0,0.0,0.0,0,0,0,0.0,0,0,0.0,0.06060606060606061,0.09090909090909091,0.0,0,0,3
yaml,yaml_10,0,0,0,0,0,0,0,0,0,1,0,0,0,0,0,0,0,0,0,0,0,0,0,0,0,0,0,0,0,0,0,0,0,0,0,2,0,0,0,0,0,0,0.0,0.0,0.0,0.0,0.0,0.056818181818181816,0.0,0.0,0.0,0.0,0.0,0.0,0.0,0.0,0.0,11.714285714285714,16,0.0,0.0,0.2857142857142857,0,0,0,0.0,0,0,0.0,0.045454545454545456,0.022727272727272728,0.0,0,1,7
yaml,yaml_12,0,0,0,0,0,0,0,0,0,1,0,0,0,0,0,0,0,0,0,0,0,0,0,0,0,0,0,0,0,0,0,0,0,0,0,2,0,0,0,0,0,0,0.0,0.0,0.0,0.0,0.0,0.04918032786885246,0.0,0.0,0.0,0.0,0.0,0.0,0.0,0.0,0.0,11.4,14,0.0,0.0,0.0,0,0,0,0.0,0,0,0.0,0.03278688524590164,0.04918032786885246,0.0,0,0,5
yaml,yaml_32,0,0,0,0,0,0,0,0,0,1,0,0,0,0,0,0,0,0,0,0,0,0,0,0,0,0,0,0,0,0,0,0,0,0,0,2,0,0,0,0,0,0,0.0,0.0,0.0,0.0,0.0,0.04838709677419355,0.0,0.0,0.0,0.0,0.0,0.0,0.0,0.0,0.0,9.5,14,0.16666666666666666,0.0,0.0,0,0,0,0.0,0,0,0.0,0.03225806451612903,0.04838709677419355,0.0,0,0,6
yaml,yaml_79,0,0,0,0,0,0,0,0,0,1,0,0,0,0,0,0,0,0,0,0,0,0,0,0,0,0,0,0,0,0,0,0,0,0,0,1,0,0,0,0,0,0,0.0,0.0,0.0,0.0,0.0,0.0625,0.0,0.0,0.0,0.0,0.0,0.0,0.0,0.0,0.0,8.8,14,0.2,0.0,0.0,0,0,0,0.0,0,0,0.0,0.041666666666666664,0.0625,0.0,0,0,5
csv,csv_0,0,0,0,0,0,0,0,0,0,1,0,0,0,0,0,0,0,0,0,0,0,0,0,0,0,0,0,0,0,0,0,0,0,0,0,2,0,0,0,0,0,0,0.0,0.0,0.0,0.0,0.0,0.0,0.0,0.0,0.0,0.0,0.0,0.08108108108108109,0.0,0.0,0.0,14.0,16,0.0,0.0,0.0,0,0,0,0.0,0,0,0.0,0.05405405405405406,0.06756756756756757,0.0,0,0,5
csv,csv_1,0,0,0,0,0,0,0,0,0,0,0,0,0,0,0,0,0,0,0,0,0,0,0,0,0,0,0,0,0,0,0,0,0,0,0,0,0,0,0,0,0,0,0.0,0.0,0.0,0.0,0.0,0.0,0.0,0.0,0.0,0.0,0.0,0.17391304347826086,0.0,0.0,0.0,5.0,8,0.0,0.0,0.0,0,0,0,0.0,0,0,0.0,0.391304347826087,0.0,0.0,0,0,4
csv,csv_2,0,0,0,0,0,0,0,0,0,1,0,0,0,0,0,0,0,0,0,0,0,0,0,0,0,0,0,0,0,0,0,0,0,0,0,1,0,0,0,0,0,0,0.0,0.0,0.0,0.0,0.0,0.0,0.0,0.0,0.0,0.0,0.0,0.10810810810810811,0.0,0.0,0.0,6.6,13,0.0,0.0,0.0,0,0,0,0.0,0,0,0.0,0.24324324324324326,0.0,0.0,0,0,5
csv,csv_4,0,0,0,0,0,0,0,0,0,0,0,0,0,0,0,0,0,0,0,0,0,0,0,0,0,0,0,0,0,0,0,0,0,0,0,0,0,0,0,0,0,0,0.0,0.0,0.0,0.0,0.0,0.0,0.0,0.0,0.0,0.0,0.0,0.13043478260869565,0.0,0.0,0.0,14.666666666666666,16,0.0,0.0,0.0,0,0,0,0.0,0,0,0.0,0.08695652173913043,0.10869565217391304,0.0,0,0,3
csv,csv_6,0,0,0,0,0,0,0,0,0,1,0,0,0,0,0,0,0,0,0,0,0,0,0,0,0,0,0,0,0,0,0,0,0,0,0,2,0,0,0,0,0,0,0.0,0.0,0.0,0.0,0.0,0.0,0.0,0.0,0.0,0.0,0.0,0.0784313725490196,0.0,0.0,0.0,7.666666666666667,13,0.0,0.0,0.0,0,0,0,0.0,0,0,0.0,0.17647058823529413,0.0,0.0,0,0,6
csv,csv_7,0,0,0,0,0,0,0,0,0,1,0,0,0,0,0,0,0,0,0,0,0,0,0,0,0,0,0,0,0,0,0,0,0,0,0,1,0,0,0,0,0,0,0.0,0.0,0.0,0.0,0.0,0.0,0.0,0.0,0.0,0.0,0.0,0.1,0.0,0.0,0.0,14.25,16,0.0,0.0,0.0,0,0,0,0.0,0,0,0.0,0.06666666666666667,0.08333333333333333,0.0,0,0,4
csv,csv_8,0,0,0,0,0,0,0,0,0,1,0,0,0,0,0,0,0,0,0,0,0,0,0,0,0,0,0,0,0,0,0,0,0,0,0,1,0,0,0,0,0,0,0.0,0.0,0.0,0.0,0.0,0.0,0.0,0.0,0.0,0.0,0.0,0.10526315789473684,0.0,0.0,0.0,5.5,13,0.16666666666666666,0.0,0.0,0,0,0,0.0,0,0,0.0,0.23684210526315788,0.0,0.0,0,0,6
csv,csv_11,0,0,0,0,0,0,0,0,0,1,0,0,0,0,0,0,0,0,0,0,0,0,0,0,0,0,0,0,0,0,0,0,0,0,0,2,0,0,0,0,0,0,0.0,0.0,0.0,0.0,0.0,0.0,0.0,0.0,0.0,0.0,0.0,0.08,0.0,0.0,0.0,11.666666666666666,16,0.16666666666666666,0.0,0.0,0,0,0,0.0,0,0,0.0,0.05333333333333334,0.06666666666666667,0.0,0,0,6
csv,csv_40,0,0,0,0,0,0,0,0,0,1,0,0,0,0,0,0,0,0,0,0,0,0,0,0,0,0,0,0,0,0,0,0,0,0,0,1,0,0,0,0,0,0,0.0,0.0,0.0,0.0,0.0,0.0,0.0,0.0,0.0,0.0,0.0,0.09836065573770492,0.0,0.0,0.0,11.4,16,0.2,0.0,0.0,0,0,0,0.0,0,0,0.0,0.06557377049180328,0.08196721311475409,0.0,0,0,5
csv,csv_66,0,0,0,0,0,0,0,0,0,1,0,0,0,0,0,0,0,0,0,0,0,0,0,0,0,0,0,0,0,0,0,0,0,0,0,2,0,0,0,0,0,0,0.0,0.0,0.0,0.0,0.0,0.0,0.0,0.0,0.0,0.0,0.0,0.07692307692307693,0.0,0.0,0.0,6.571428571428571,13,0.14285714285714285,0.0,0.0,0,0,0,0.0,0,0,0.0,0.17307692307692307,0.0,0.0,0,0,7
toml,toml_0,0,0,0,0,0,0,0,0,0,0,0,0,0,0,0,1,0,0,0,0,0,0,0,0,0,0,0,0,0,0,0,0,0,0,0,0,0,0,0,0,0,0,0.0,0.0,0.0,0.0,0.0,0.0,0.045454545454545456,0.0,0.0,0.0,0.022727272727272728,0.0,0.09090909090909091,0.0,0.0,14.0,17,0.0,0.0,0.0,0,0,0,0.0,0,0,0.045454545454545456,0.06818181818181818,0.0,0.045454545454545456,0,0,3
toml,toml_1,0,0,0,0,0,0,0,0,0,1,0,0,0,0,0,0,0,0,0,0,0,0,0,0,0,0,0,0,0,0,0,0,0,0,0,1,0,0,0,0,0,0,0.0,0.0,0.0,0.0,0.0,0.0,0.02666666666666667,0.0,0.0,0.0,0.02666666666666667,0.02666666666666667,0.013333333333333334,0.0,0.0,18.0,28,0.0,0.0,0.0,0,0,0,0.0,0,0,0.05333333333333334,0.26666666666666666,0.0,0.04,0,0,4
toml,toml_2,0,0,0,0,0,0,0,0,0,1,0,0,0,0,0,1,0,0,0,0,0,0,0,0,0,0,0,0,0,0,0,0,0,0,0,1,0,0,0,0,0,0,0.0,0.0,0.0,0.0,0.0,0.0,0.034482758620689655,0.0,0.0,0.0,0.017241379310344827,0.0,0.06896551724137931,0.0,0.0,13.75,17,0.0,0.0,0.0,0,0,0,0.0,0,0,0.034482758620689655,0.05172413793103448,0.0,0.034482758620689655,0,0,4
toml,toml_3,0,0,0,0,0,0,0,0,0,1,0,0,0,0,0,1,0,0,0,0,0,0,0,0,0,0,0,0,0,0,0,0,0,0,0,2,0,0,0,0,0,0,0.0,0.0,0.0,0.0,0.0,0.0,0.027777777777777776,0.0,0.0,0.0,0.013888888888888888,0.0,0.05555555555555555,0.0,0.0,13.6,17,0.0,0.0,0.0,0,0,0,0.0,0,0,0.027777777777777776,0.041666666666666664,0.0,0.027777777777777776,0,0,5
toml,toml_14,0,0,0,0,0,0,0,0,0,0,0,0,0,0,0,0,0,0,0,0,0,0,0,0,0,0,0,0,0,0,0,0,0,0,0,0,0,0,0,0,0,0,0.0,0.0,0.0,0.0,0.0,0.0,0.03278688524590164,0.0,0.0,0.0,0.03278688524590164,0.03278688524590164,0.01639344262295082,0.0,0.0,19.666666666666668,28,0.0,0.0,0.0,0,0,0,0.0,0,0,0.06557377049180328,0.32786885245901637,0.0,0.04918032786885246,0,0,3
toml,toml_15,0,0,0,0,0,0,0,0,0,1,0,0,0,0,0,0,0,0,0,0,0,0,0,0,0,0,0,0,0,0,0,0,0,0,0,2,0,0,0,0,0,0,0.0,0.0,0.0,0.0,0.0,0.0,0.02247191011235955,0.0,0.0,0.0,0.02247191011235955,0.02247191011235955,0.011235955056179775,0.0,0.0,17.0,28,0.0,0.0,0.0,0,0,0,0.0,0,0,0.0449438202247191,0.2247191011235955,0.0,0.033707865168539325,0,0,5
toml,toml_19,0,0,0,0,0,0,0,0,0,1,0,0,0,0,0,1,0,0,0,0,0,0,0,0,0,0,0,0,0,0,0,0,0,0,0,2,0,0,0,0,0,0,0.0,0.0,0.0,0.0,0.0,0.0,0.0273972602739726,0.0,0.0,0.0,0.0136986301369863,0.0,0.0547945205479452,0.0,0.0,11.333333333333334,17,0.16666666666666666,0.0,0.0,0,0,0,0.0,0,0,0.0273972602739726,0.0410958904109589,0.0,0.0273972602739726,0,0,6
toml,toml_29,0,0,0,0,0,0,0,0,0,1,0,0,0,0,0,0,0,0,0,0,0,0,0,0,0,0,0,0,0,0,0,0,0,0,0,2,0,0,0,0,0,0,0.0,0.0,0.0,0.0,0.0,0.0,0.022222222222222223,0.0,0.0,0.0,0.022222222222222223,0.022222222222222223,0.011111111111111112,0.0,0.0,14.166666666666666,28,0.16666666666666666,0.0,0.0,0,0,0,0.0,0,0,0.044444444444444446,0.2222222222222222,0.0,0.03333333333333333,0,0,6
toml,toml_31,0,0,0,0,0,0,0,0,0,1,0,0,0,0,0,0,0,0,0,0,0,0,0,0,0,0,0,0,0,0,0,0,0,0,0,1,0,0,0,0,0,0,0.0,0.0,0.0,0.0,0.0,0.0,0.02631578947368421,0.0,0.0,0.0,0.02631578947368421,0.02631578947368421,0.013157894736842105,0.0,0.0,14.4,28,0.2,0.0,0.0,0,0,0,0.0,0,0,0.05263157894736842,0.2631578947368421,0.0,0.039473684210526314,0,0,5
toml,toml_86,0,0,0,0,0,0,0,0,0,1,0,0,0,0,0,1,0,0,0,0,0,0,0,0,0,0,0,0,0,0,0,0,0,0,0,1,0,0,0,0,0,0,0.0,0.0,0.0,0.0,0.0,0.0,0.03389830508474576,0.0,0.0,0.0,0.01694915254237288,0.0,0.06779661016949153,0.0,0.0,11.0,17,0.2,0.0,0.0,0,0,0,0.0,0,0,0.03389830508474576,0.05084745762711865,0.0,0.03389830508474576,0,0,5
ini,ini_0,0,0,0,0,0,0,0,0,0,1,0,0,0,0,0,0,0,0,0,0,0,0,0,0,0,0,0,0,0,0,0,0,0,0,0,1,0,0,0,0,0,0,0.0,0.0,0.0,0.0,0.0,0.0,0.03636363636363636,0.0,0.0,0.0,0.01818181818181818,0.0,0.0,0.0,0.0,13.0,17,0.0,0.0,0.0,0,0,0,0.0,0,0,0.03636363636363636,0.0,0.0,0.0,0,0,4
ini,ini_1,0,0,0,0,0,0,0,0,0,0,0,0,0,0,0,0,0,0,0,0,0,0,0,0,0,0,0,0,0,0,0,0,0,0,0,0,0,0,0,0,0,0,0.0,0.0,0.0,0.0,0.0,0.0,0.05,0.0,0.0,0.0,0.025,0.0,0.0,0.0,0.0,12.666666666666666,14,0.0,0.0,0.0,0,0,0,0.0,0,0,0.05,0.0,0.0,0.0,0,0,3
ini,ini_2,0,0,0,0,0,0,0,0,0,1,0,0,0,0,0,0,0,0,0,0,0,0,0,0,0,0,0,0,0,0,0,0,0,0,0,2,0,0,0,0,0,0,0.0,0.0,0.0,0.0,0.0,0.0,0.029411764705882353,0.0,0.0,0.0,0.014705882352941176,0.0,0.0,0.0,0.0,12.8,14,0.0,0.0,0.0,0,0,0,0.0,0,0,0.029411764705882353,0.0,0.0,0.0,0,0,5
ini,ini_3,0,0,0,0,0,0,0,0,0,1,0,0,0,0,0,0,0,0,0,0,0,0,0,0,0,0,0,0,0,0,0,0,0,0,0,2,0,0,0,0,0,0,0.0,0.0,0.0,0.0,0.0,0.0,0.028985507246376812,0.0,0.0,0.0,0.014492753623188406,0.0,0.0,0.0,0.0,10.666666666666666,14,0.16666666666666666,0.0,0.0,0,0,0,0.0,0,0,0.028985507246376812,0.0,0.0,0.0,0,0,6
ini,ini_4,0,0,0,0,0,0,0,0,0,0,0,0,0,0,0,0,0,0,0,0,0,0,0,0,0,0,0,0,0,0,0,0,0,0,0,0,0,0,0,0,0,0,0.0,0.0,0.0,0.0,0.0,0.0,0.04878048780487805,0.0,0.0,0.0,0.024390243902439025,0.0,0.0,0.0,0.0,13.0,17,0.0,0.0,0.0,0,0,0,0.0,0,0,0.04878048780487805,0.0,0.0,0.0,0,0,3
ini,ini_5,0,0,0,0,0,0,0,0,0,1,0,0,0,0,0,0,0,0,0,0,0,0,0,0,0,0,0,0,0,0,0,0,0,0,0,1,0,0,0,0,0,0,0.0,0.0,0.0,0.0,0.0,0.0,0.037037037037037035,0.0,0.0,0.0,0.018518518518518517,0.0,0.0,0.0,0.0,12.75,14,0.0,0.0,0.0,0,0,0,0.0,0,0,0.037037037037037035,0.0,0.0,0.0,0,0,4
ini,ini_37,0,0,0,0,0,0,0,0,0,1,0,0,0,0,0,0,0,0,0,0,0,0,0,0,0,0,0,0,0,0,0,0,0,0,0,1,0,0,0,0,0,0,0.0,0.0,0.0,0.0,0.0,0.0,0.03636363636363636,0.0,0.0,0.0,0.01818181818181818,0.0,0.0,0.0,0.0,10.2,14,0.2,0.0,0.0,0,0,0,0.0,0,0,0.03636363636363636,0.0,0.0,0.0,0,0,5
ini,ini_42,0,0,0,0,0,0,0,0,0,1,0,0,0,0,0,0,0,0,0,0,0,0,0,0,0,0,0,0,0,0,0,0,0,0,0,2,0,0,0,0,0,0,0.0,0.0,0.0,0.0,0.0,0.0,0.028985507246376812,0.0,0.0,0.0,0.014492753623188406,0.0,0.0,0.0,0.0,13.0,17,0.0,0.0,0.0,0,0,0,0.0,0,0,0.028985507246376812,0.0,0.0,0.0,0,0,5
ini,ini_68,0,0,0,0,0,0,0,0,0,1,0,0,0,0,0,0,0,0,0,0,0,0,0,0,0,0,0,0,0,0,0,0,0,0,0,1,0,0,0,0,0,0,0.0,0.0,0.0,0.0,0.0,0.0,0.03571428571428571,0.0,0.0,0.0,0.017857142857142856,0.0,0.0,0.0,0.0,10.4,17,0.2,0.0,0.0,0,0,0,0.0,0,0,0.03571428571428571,0.0,0.0,0.0,0,0,5
ini,ini_80,0,0,0,0,0,0,0,0,0,1,0,0,0,0,0,0,0,0,0,0,0,0,0,0,0,0,0,0,0,0,0,0,0,0,0,2,0,0,0,0,0,0,0.0,0.0,0.0,0.0,0.0,0.0,0.02857142857142857,0.0,0.0,0.0,0.014285714285714285,0.0,0.0,0.0,0.0,10.833333333333334,17,0.16666666666666666,0.0,0.0,0,0,0,0.0,0,0,0.02857142857142857,0.0,0.0,0.0,0,0,6
svg,svg_0,0,0,1,0,0,0,0,0,0,1,0,0,0,0,0,0,0,0,0,0,0,0,0,0,0,0,0,0,0,0,0,0,0,0,1,1,0,0,0,0,0,0,0.0,0.0,0.0,0.02857142857142857,0.02857142857142857,0.009523809523809525,0.0380952380952381,0.0,0.0,0.0,0.0,0.0,0.0761904761904762,0.0,0.0,52.0,91,0.0,0.0,0.0,0,0,0,1.5,0,0,0.11428571428571428,0.10476190476190476,0.0,0.01904761904761905,0,0,2
svg,svg_1,0,0,1,0,0,0,0,0,0,1,0,0,0,0,0,0,0,0,0,0,0,0,0,0,0,0,0,0,0,0,0,0,0,0,0,1,0,0,0,0,0,0,0.0,0.0,0.0,0.031914893617021274,0.031914893617021274,0.0,0.06382978723404255,0.0,0.0,0.0,0.0,0.0,0.1276595744680851,0.0,0.0,46.5,80,0.0,0.0,0.0,0,0,0,1.5,0,0,0.0851063829787234,0.1276595744680851,0.0,0.0,0,0,2
svg,svg_2,0,0,1,0,0,0,0,0,0,0,0,0,0,0,0,0,0,0,0,0,0,0,0,0,0,0,0,0,0,0,0,0,0,0,0,0,0,0,0,0,0,0,0.0,0.0,0.0,0.0375,0.0375,0.0,0.075,0.0,0.0,0.0,0.0,0.0,0.15,0.0,0.0,80.0,80,0.0,0.0,0.0,0,0,0,3.0,0,0,0.1,0.15,0.0,0.0,0,0,1
svg,svg_4,0,0,1,0,0,0,0,0,0,0,0,0,0,0,0,0,0,0,0,0,0,0,0,0,0,0,0,0,0,0,0,0,0,0,1,0,0,0,0,0,0,0,0.0,0.0,0.0,0.03296703296703297,0.03296703296703297,0.01098901098901099,0.04395604395604396,0.0,0.0,0.0,0.0,0.0,0.08791208791208792,0.0,0.0,91.0,91,0.0,0.0,0.0,0,0,0,3.0,0,0,0.13186813186813187,0.12087912087912088,0.0,0.02197802197802198,0,0,1
svg,svg_6,0,0,1,0,0,0,0,0,0,1,0,0,0,0,0,0,0,0,0,0,0,0,0,0,0,0,0,0,0,0,0,0,0,0,0,2,0,0,0,0,0,0,0.0,0.0,0.0,0.027777777777777776,0.027777777777777776,0.0,0.05555555555555555,0.0,0.0,0.0,0.0,0.0,0.1111111111111111,0.0,0.0,35.333333333333336,80,0.0,0.0,0.0,0,0,0,1.0,0,0,0.07407407407407407,0.1111111111111111,0.0,0.0,0,0,3
svg,svg_14,0,0,1,0,0,0,0,0,0,1,0,0,0,0,0,0,0,0,0,0,0,0,0,0,0,0,0,0,0,0,0,0,0,0,1,2,0,0,0,0,0,0,0.0,0.0,0.0,0.025210084033613446,0.025210084033613446,0.008403361344537815,0.03361344537815126,0.0,0.0,0.0,0.0,0.0,0.06722689075630252,0.0,0.0,39.0,91,0.0,0.0,0.0,0,0,0,1.0,0,0,0.10084033613445378,0.09243697478991597,0.0,0.01680672268907563,0,0,3
svg,svg_23,0,0,1,0,0,0,0,0,0,1,0,0,0,0,0,0,0,0,0,0,0,0,0,0,0,0,0,0,0,0,0,0,0,0,0,2,0,0,0,0,0,0,0.0,0.0,0.0,0.027522935779816515,0.027522935779816515,0.0,0.05504587155963303,0.0,0.0,0.0,0.0,0.0,0.11009174311926606,0.0,0.0,26.5,80,0.25,0.0,0.0,0,0,0,0.75,0,0,0.07339449541284404,0.11009174311926606,0.0,0.0,0,0,4
svg,svg_29,0,0,1,0,0,0,0,0,0,1,0,0,0,0,0,0,0,0,0,0,0,0,0,0,0,0,0,0,0,0,0,0,0,0,0,1,0,0,0,0,0,0,0.0,0.0,0.0,0.031578947368421054,0.031578947368421054,0.0,0.06315789473684211,0.0,0.0,0.0,0.0,0.0,0.12631578947368421,0.0,0.0,31.0,80,0.3333333333333333,0.0,0.0,0,0,0,1.0,0,0,0.08421052631578947,0.12631578947368421,0.0,0.0,0,0,3
svg,svg_38,0,0,1,0,0,0,0,0,0,1,0,0,0,0,0,0,0,0,0,0,0,0,0,0,0,0,0,0,0,0,0,0,0,0,1,1,0,0,0,0,0,0,0.0,0.0,0.0,0.02830188679245283,0.02830188679245283,0.009433962264150943,0.03773584905660377,0.0,0.0,0.0,0.0,0.0,0.07547169811320754,0.0,0.0,34.666666666666664,91,0.3333333333333333,0.0,0.0,0,0,0,1.0,0,0,0.11320754716981132,0.10377358490566038,0.0,0.018867924528301886,0,0,3
svg,svg_131,0,0,1,0,0,0,0,0,0,1,0,0,0,0,0,0,0,0,0,0,0,0,0,0,0,0,0,0,0,0,0,0,0,0,1,2,0,0,0,0,0,0,0.0,0.0,0.0,0.025,0.025,0.008333333333333333,0.03333333333333333,0.0,0.0,0.0,0.0,0.0,0.06666666666666667,0.0,0.0,29.25,91,0.25,0.0,0.0,0,0,0,0.75,0,0,0.1,0.09166666666666666,0.0,0.016666666666666666,0,0,4
